gap_group_id	source_name_normalized	work_type	occurrence_rows	project_kinds	source_paths	review_keys	source_keys
NM-0001	가설 경사로	안전가시설작업	6	교량 및 도로|댐|빌딩|아파트|지하철|터널	교량 및 도로 > 안전가시설작업 > 가설 경사로|댐 > 안전가시설작업 > 가설 경사로|빌딩 > 안전가시설작업 > 가설 경사로|아파트 > 안전가시설작업 > 가설 경사로|지하철 > 안전가시설작업 > 가설 경사로|터널 > 안전가시설작업 > 가설 경사로	3d796d1b107b6c20a063a64e6210fd8fe47ee1383906ae8c12a4ea89538c09fc|5212b14f972aba363c855713008f8eeecd5886f7e1671d10853ec376a9f7e1d3|5a1b1e859d074922894e902375b945b389077d3910315ebbcd90d2644ead8de8|5bd33cb6b0f11e74c5ab18d2f0c4bb04fd956773bed667b8d94490d368e00674|a224d701b2610fc61dab3dc3b7f34944f277cba0a98c0f2c893c4cf11d6f2019|fc7b70e1f0620146c9328b2f04f36ce9c9f3c904d8cd9ab3f55f8ef75284b101	676045fdf3e299c919e6d92d8cd50ffc4d1847e6f8fdb7f291bbf8d3a6b80b75|8993d1081a9116937431842abe367e7eeee504bf4884195b0fb9db94a5c394af|90de93f8f59b62bea8cddb696eaa3388642ef19b6bf4316efde52fba07e8a281|b9d2df01c6381b471a856bb11472b91880cd4067ad7f7da3e686dc2e39cfb6ec|c07699a02282e60619084ad295f1a4eb2bf0e5042f5d45aa2af473f525565d51|f6727b33cd5b8843c41c30b73b67207100f0f6c537d9d326579137d416e58588
NM-0002	가설통로 또는 가설계단	안전가시설작업	6	교량 및 도로|댐|빌딩|아파트|지하철|터널	교량 및 도로 > 안전가시설작업 > 가설통로 또는 가설계단|댐 > 안전가시설작업 > 가설통로 또는 가설계단|빌딩 > 안전가시설작업 > 가설통로 또는 가설계단|아파트 > 안전가시설작업 > 가설통로 또는 가설계단|지하철 > 안전가시설작업 > 가설통로 또는 가설계단|터널 > 안전가시설작업 > 가설통로 또는 가설계단	256427b48e425a1265a615aa248c218359cb762659184b09300e6acd4bebc1a7|5e575fb38fba7acc4943d9e34cfc6295afca859dccac25c80f7313d436ca2c31|693f9a41c9be209e25390ddf3b2a9466a522d7fec2fa831a19c620210f9d82d3|7d822c67a35486d5bf0dbcf380a35a86247a5fd6627d43ff1964e56b7e217cfa|87697823f0856f59534d8008d95a265875ec853c8a09e3cec69cb0b1704cefcb|ae4bdebc88004019d46b944ad09e1e6d76456e1f69ec4aa32af418349541b3a9	273ec1788daebd1c297192185338ab5c52b386a7889ad363a69ee7fce9ce5e08|5a8cecc9525bb45ffa825d9eaebc84e28ed622d0530f80466aebb567e427a896|7c04fecca32c5ead4d4b592b0cdeeaacc9c941e899d330a8352a7ebe3355caa0|cada1cd7f6d0fe613d9951e45554a562f9f50c2c4098f74140c358529138d317|e7665335cc322beabbe615009722646c0ce1dba8fffa265bc0cb4895a20cfcc9|f217269ef64ca9569d41e3dae50b2a16cd2ff269068f10d1eca7c5cdc89f1f82
NM-0003	개구부	안전가시설작업	6	교량 및 도로|댐|빌딩|아파트|지하철|터널	교량 및 도로 > 안전가시설작업 > 개구부|댐 > 안전가시설작업 > 개구부|빌딩 > 안전가시설작업 > 개구부|아파트 > 안전가시설작업 > 개구부|지하철 > 안전가시설작업 > 개구부|터널 > 안전가시설작업 > 개구부	0e54e58f28e54b2577b48d5382606eef49ed5f0633f9d7104d5ac797f62724f2|16f55e54ad7e26cadc227b0281edeb4ba92825e00f54f4b4318bbfe3322bc11c|22e6be61b80b53f166426518a177c3c9e5975c9fd7ac12a7e8756a584cb91c15|4fc767bc219c65f95e78c8bf9ebf58b36db5786fe6e4b85e45fb92b00fddd3c6|7e97e3823526b98b9939ed0364d6308b0cac7d0efd9156a466e286de69eebb00|a3efcf1cf31d9570b2abe7964f5b990845f29a1252446941fa7cab0e1b7b9856	6d7b3cb1434173048e13c3c5195f25c0454652b6bd8791505974fc43cbf2959c|78b434ca0fc713e089c1e63faf7f01fc5cbac9be97a5a0d9d8482418792a3c6d|82cd1b3a10bebc24d585aaa3f94eff29acba12e6fd22b60625bf7ee27207b17e|b2fa0d981d88286a47696ecb6c14dc5303b1af9580a7a20d4b511682d1dfceb6|d0610bb7f28f8ffa95128350d039a09aaecd84271650731a6207061970c4daec|e34e0c97f475de5bd952df5a09e26f4de535cd3934a9c12bc6a2b97450457033
NM-0004	경사지붕	안전가시설작업	6	교량 및 도로|댐|빌딩|아파트|지하철|터널	교량 및 도로 > 안전가시설작업 > 경사지붕|댐 > 안전가시설작업 > 경사지붕|빌딩 > 안전가시설작업 > 경사지붕|아파트 > 안전가시설작업 > 경사지붕|지하철 > 안전가시설작업 > 경사지붕|터널 > 안전가시설작업 > 경사지붕	349b683ffc4626dee10fedf18cefc16501a641697a408bbd7934d236bba0923b|6f789f1880f7587463615b302a15c8bceed3f8ffba128a45ad25ecec76c3021a|a9b56a00f859948e40a29efc6d78f3ee3adf174dbfb1cb139d9dd1d7ff1e48d5|e27ad6dd805ee708823705cabf5f27b5043944cd1447c4697ac6ba184b699cb5|ed684b3b36397b3cbd8c15f1a1952ef395e17c7002ec3a7b4a71d7ead22afa85|f579f4ce14d0ffeac1c52a8fb7ea91f6ee92fc17ef0c3ee31d8404ca3daa596a	445c759f7f43ba2c694678f0514e0baa4c4119bee2a9ff5ff362aa81845b92f2|56dbb446af9811709d22e7634d1a7934f28e9832090c9acb5a588a15fd83b61b|af27b18df7f84c7eb22d81b98bef2c11f74950f7cc7b69e690183e7889258a7a|b5f1210b27d626cea8c4aec82ea4607c30b2364d97ef85c666310da9f1e21350|bbf6e226a5e499ee1107466d0f60efe66dd999d4c3b0d639b6b2dcab8c351563|f4911a245d0b3f2852b345364c0e352650ecf31ad2cb7ed0aa127f52b48364ff
NM-0005	곤도라	양중기작업	6	교량 및 도로|댐|빌딩|아파트|지하철|터널	교량 및 도로 > 양중기작업 > 곤도라|댐 > 양중기작업 > 곤도라|빌딩 > 양중기작업 > 곤도라|아파트 > 양중기작업 > 곤도라|지하철 > 양중기작업 > 곤도라|터널 > 양중기작업 > 곤도라	23d4e04072a03aa7d9e1b898a514dad2a7c8c297288ef3a6a89cb1460aa8f68a|377bacdf74e1da08ece6646be99cbace5a28452c5ae863d66c59292633bea304|72be10a34c65c2fee658c2fd1e491d8cf47afb26fc471e37fcdab07594febd32|b21839690a6f517c92744019964666b9c597194a5c48be28c3ad869ad39eea42|d6ca89c2fa8872b74d22e4b12508cb9603e53b2e7ddb6e2657d8443a009b6710|f853175703529e8a6376769178e8eed1a784bd0066388b81d17ad8452fa54605	057c8b2452e839c86043367e0b4b9448b3c3073e51d5c491866598f6196c4e3a|24a47694b11714e7438ffece3748fea227008c59a13e80374c2da22a1c73874d|3320adc21f5c71d9693bc373dea401d4a512de1e509be14f252103b4b727b3c6|43784c7564410a0ec1871ff8b41104d551f6ee09eb643a75c2cd629eb8c998b4|56c6c87b3563ac5309d5bc90ecb87187b55ac6b965443d6eabd2876dc959effe|63704ae21827dc2741e02e1db3e78a833a5b592adc86e6f52065945a6bb822ff
NM-0006	공기 압축기	위험기계기구작업	6	교량 및 도로|댐|빌딩|아파트|지하철|터널	교량 및 도로 > 위험기계기구작업 > 공기 압축기|댐 > 위험기계기구작업 > 공기 압축기|빌딩 > 위험기계기구작업 > 공기 압축기|아파트 > 위험기계기구작업 > 공기 압축기|지하철 > 위험기계기구작업 > 공기 압축기|터널 > 위험기계기구작업 > 공기 압축기	14fc92af4b63afd374cace7b2a37c0e176556bfd76b1eec7645efdb4da526b0c|b23f66ad9d34d0587b3c67f8e6cca1bc59e2e1f4e1af177cadff0e45ac1d7ae4|c0ef5af3ccf551ebd4026169574cb2599fc80e202e20a34745888466bf3f81bf|c1aa8e5cc870c3e07145c55cb6cdd39bf02449e306f1a4e27d08d6c8468ebf68|f241b24d96ad2274afeba1a1ae3047b7e998de8da3c7f48cb447f0db9c9f9fd2|f7685d11f1e777693639f8f4af370dffc2c823204e7a89354892f70fde4ab5f5	4d84eacd00fcd96a2d339fd875ac80e6d832b4ecd8c4839b4cad4541c2cf4f9c|597b8be13c8763549037d1548dce5d27fc944b3074942064a48fc1d34b1b2d8f|6199b56acf90614316d21db982a227222346ca35ddbec719b84157a57d54ff27|b20583a238529782a83c794f5669ff5ec4077d02453756b5d81b33e028baa577|f43ada026dd073162b39c258aebf80c883007ed37134a6b4e019b9ca035c5bf2|f4c27132c554127f8056d351d97695b06615ac31ef0d82a5f242917c06f3c193
NM-0007	교류아크 용접기	가설전기작업	6	교량 및 도로|댐|빌딩|아파트|지하철|터널	교량 및 도로 > 가설전기작업 > 교류아크 용접기|댐 > 가설전기작업 > 교류아크 용접기|빌딩 > 가설전기작업 > 교류아크 용접기|아파트 > 가설전기작업 > 교류아크 용접기|지하철 > 가설전기작업 > 교류아크 용접기|터널 > 가설전기작업 > 교류아크 용접기	05bb1b05b8f08812c47f6e1a718cb6625d590133f9edf9dbe13e2be62ccdcad8|09b4cf59fad04b9ec50844c29d267e634253d4a238e476322c8cdf98dea0cc71|85810e88f2173514782e39eb85d2ac44875328c54e86ec18ca60446a41b31fcf|d391a5872ef7c4361fc4d8ca596f5e821bc54eb314329058a2771826fa6ab206|e0191f88cd072359bf9a3b9ac91f7623b364b48d31125938958d2594e9a9cabb|e0574d23caa2a6f730514bebe10ea87dfb215cc79f4771b62bce8d4877648dd3	2644afc54e043783211e17c16ea64156c9a4bdd1d912d842d335300720844666|3a246af5cd4d88cdb28f6a604ef760436407366119009b2bbfeae768eea12232|87f146cb315b5b7a0965b7c06ae4b25bab7aeea77c4d809a68fa334c33680005|cb385c6026aff9239bb2001fa85d8d5bd0a270b9a3874bfe8b72bf1d3f3b78db|dcaea764b9d35409e620781b9b286f3bc8caa353ccadb5f4d64d995bbd71693a|e9c796a0dfc58534096bc061baba4a38f9907df081a3ab972664afad524fb912
NM-0008	굴착선단부	안전가시설작업	6	교량 및 도로|댐|빌딩|아파트|지하철|터널	교량 및 도로 > 안전가시설작업 > 굴착선단부|댐 > 안전가시설작업 > 굴착선단부|빌딩 > 안전가시설작업 > 굴착선단부|아파트 > 안전가시설작업 > 굴착선단부|지하철 > 안전가시설작업 > 굴착선단부|터널 > 안전가시설작업 > 굴착선단부	2cf1e05e868594ea184c7f9853fe19eb50aa6a803e0fe8100413ed160a2bf874|3152576d6cb77a71a49cd9e224d005a2f3585321375e9ad0513339dfe3042b12|5763b44b20a64ec11d48a86918186933664996e00040089fce603ad64cf20a1d|75fca674e49fbc4aab06eb27565960712e3d8fcd146a499a72c281954612155c|d26a803e8967210bf156306d2a848ac64eb6f0c18df3223ef3485c5326513cd3|e584dd75cf76994f275fa712da80793edbede7ab190850db3fc5155421f8562c	0286a110e0040c6c283cd38b1c5d64c97be5662b5bed3f52ca59eaf0b0a9ae81|5626a6aaf92bd1d33219d6aa9f71a3577a4e10f0645afa1ab0b5c0b173cbe317|6eb276897203e8ce18704f7dae8bc57702dc3575dca0da67752236405306584c|83b5312231d6cadc17c4f77b775ce355b46a195e5bda9ff7cd23ac5128e0ca03|e00b161f7e4f267073b0896af31ec117beea9c6aeb9d44224acac6d5eb9a63b9|ef26c5370f6ef954c8c7b1be00c5bd4e3b97b3f08a53f4be3afb28ce60fe69b1
NM-0009	그라우팅 장비	위험기계기구작업	6	교량 및 도로|댐|빌딩|아파트|지하철|터널	교량 및 도로 > 위험기계기구작업 > 그라우팅 장비|댐 > 위험기계기구작업 > 그라우팅 장비|빌딩 > 위험기계기구작업 > 그라우팅 장비|아파트 > 위험기계기구작업 > 그라우팅 장비|지하철 > 위험기계기구작업 > 그라우팅 장비|터널 > 위험기계기구작업 > 그라우팅 장비	294cf2330817a0b38428adee21b08546fdc219c36f771491c62ae99e5aedbfda|6c2d470bc22cebfffef394a5b8e9be04698516bfbe0945a9508a25ae7be73877|da4114fc765f6aca46a3b7634fc321f9ee97b6e8208fae60075f0849a9dd1e3a|e145696b1c311adcc3c996f5ab63a8c7bbb1fc5a233dd0e228a98e1225e6ff95|f149c3d25c591cb0ae6428681d78d09c6771b0a51dbd42a9923acd2418cb704a|fa86a632200154180feeff1935e25c742c3444e01c95862f7cbe35692c54d113	18d621c09ea5c09722c6485972f3ba15c59228f8c337bc03f1b8bb0a4a87e20f|911bce63556fb2de20ce75eb6cbc8a0d31cf5889844475857f4f5724bfaa37b7|a003d155b5f04f619d0063df03150ac73a6cc704fd82e9a79769f2fde56bb113|a0c1b7a2f500a47401ec43aa9678fb0934863f948acb658efe01df96a19a655c|d35c4fc79dc02972722afee7b4944499f457262a1318b0cef9cf350d6f1af389|faf00d6b07d1884c46415783ff601f4f6455e07a0620e426181cbf5f64ee2e87
NM-0010	낙하물 방지망	안전가시설작업	6	교량 및 도로|댐|빌딩|아파트|지하철|터널	교량 및 도로 > 안전가시설작업 > 낙하물 방지망|댐 > 안전가시설작업 > 낙하물 방지망|빌딩 > 안전가시설작업 > 낙하물 방지망|아파트 > 안전가시설작업 > 낙하물 방지망|지하철 > 안전가시설작업 > 낙하물 방지망|터널 > 안전가시설작업 > 낙하물 방지망	35828b60eeee51002feacee769ab96296b33b562bbba22749b271082b4b91c14|4567390fe8df67e946990de3bccf0174d2393106e85d54dc924cf228e962278d|660f4df6de70b9c78222bf0523c2c20146dbe110b5cfa2f377b9b5df768e1818|8a058890e5b99ac9c0d128bf22bf933d8ec3f371dd7a3957454bc6996c0b4171|c0ead78f3ed0b22335a168bf99ac02d92354985717e79a54f64c8a15e33e0eee|c2642e942931b1cd7c5c41d4c4e6030447aefe7840566cb08d41f4e797e919be	35e08e3f2b7a7487336c53c07d7483b3a4337bcd3ac6e4055501bb91ba63a19d|6e734c7903e28812c7960605d44c2ea724134ec3d4e62990bbcd3d26fe48b1e1|c2b13f1e4324cd652c0ce19d16a00bb4015ac5f492a718ecc9ab03520bbd3cdb|e2149d67155b75c62a15d6efeee5bb85a8466466c545487d5cb12b1fcdffe2c1|e3a9752786d2d0a42979415ca8d7ae7b37ea78e242c46d4309ed356dcc9cf8d1|fa06a31de85c676f97e7157fe59ed2f4f109d7ee6bef3d451fea58814bb493b1
NM-0011	달대비계	안전가시설작업	6	교량 및 도로|댐|빌딩|아파트|지하철|터널	교량 및 도로 > 안전가시설작업 > 달대비계|댐 > 안전가시설작업 > 달대비계|빌딩 > 안전가시설작업 > 달대비계|아파트 > 안전가시설작업 > 달대비계|지하철 > 안전가시설작업 > 달대비계|터널 > 안전가시설작업 > 달대비계	025473b93c2d9a66163c5810d3c306a71cca6224c4ceb011c0e4d623dcb0ad91|0333aab34b4ba4550df52ff68af7e7faf3193d511a9fbc658cb2ac1a6cd85b70|0db87c56a13b4c95d08235f72810ce15451ea4ca9f59099593f5eb2fe4a065ed|60872e5273adef0f3421d29ca5d283c3ea05e86c7b8b137698df20c7d66bff4e|767f8ecf2d84965f8797a281b6a976b75da7d9451c2aec8dd29d4ce81cb4daf2|c1bf51592389a229ea687d3c4f2c914f6ce2948c397c384652b18e1442275526	0fbf56aa888ace63fc9f6420d1826e730dcd18de638bd19fdc051de9aeab85cf|255848a98f2e526ca2752eec36094ed0de8922ec444c2cd2cd64e13b927c306b|7917b6b3052241b851eb8cf220e41d61c46cddf38623a2c831dfc13ef03b1224|be08c8f9ae65656d0f99106dd6460bec1796b1c309ffb6da5f93c31964d50e8d|da7f0d4923a73926ee6a7665a109e727140d0dfba9a6002c05fc3e9764c07268|e008f2587b767b73ade1361179cb669a7eda642562e84e11c69a05723406e02d
NM-0012	달비계	안전가시설작업	6	교량 및 도로|댐|빌딩|아파트|지하철|터널	교량 및 도로 > 안전가시설작업 > 달비계|댐 > 안전가시설작업 > 달비계|빌딩 > 안전가시설작업 > 달비계|아파트 > 안전가시설작업 > 달비계|지하철 > 안전가시설작업 > 달비계|터널 > 안전가시설작업 > 달비계	4c5af57f612549c791a31d291e7fa3f90ac0fd1eade9a2e6d3af6c46aca51a62|71cfa013fd7253478c47cbf956c4a63a170621a8b7d71e9246e2903716323541|7b9b9bc403c7216a2712391b82c556a033a2af8077765ab4529a1961287ee088|9a723a7dc44777aa93f5b232a4de9009d7aa8b7acfcddf68c1b14fbee8652eda|ac728de37f1cf8d2d9afc721f3739f6c931b128bdcfa027e0f5bb8748b4e94fc|ffb72b9ac41222168583cb005ac8d4b433c2914891f46f647a2d76631698316c	1afe0741d0a293ca0144abcdabaa8ab5c1e7d52ec5f86f037d825b1973dc3ef0|3290efaeffd119872ee5bfc138a200880363182f7f6cd643f35c5536c85ec920|5102e70123cde40a4b8fe45636aab4d279b9d41c6a9bbb9e323cb72012f8cd81|aeb39e422eee00f41c9ef9d5e401f8a29001c55356521d83f9160c5ed678cbe0|b0b41a0e5d65bb105ed02d089cd2dcb263a56e9deb403b7ab7d93fa2a3264ad4|e5704c6da3a44329c8b384bb01a63540395cbdb5e73eb6df4fcfbb2e1d981d4c
NM-0013	리프트	양중기작업	6	교량 및 도로|댐|빌딩|아파트|지하철|터널	교량 및 도로 > 양중기작업 > 리프트|댐 > 양중기작업 > 리프트|빌딩 > 양중기작업 > 리프트|아파트 > 양중기작업 > 리프트|지하철 > 양중기작업 > 리프트|터널 > 양중기작업 > 리프트	00ba29d8b5a56808da3a62b3706804ebc7a428af29ab26588fcff588a68ff769|4b3d09746843f5b9e552999f468737c5d9bc53276db0da70e6523bf55f1dced0|893833e7c50a3da5d1e8b04cceffde3f4d405d9d3fbf0b667403911f91b6b5cf|a46fb402f067d88e1bbc6081eeceaccb787605803cc272f0a7580841644beb5e|cba8e80310356f61cd256cd73d93b6dfe28554144208c9d5de6ccce1ef8d75ca|f5f99963a3972f1afe20099009bed63e2083b86ef723972ae65694e52f118628	2ae1edd0c1d28922f6244cdd073e282222c8d4134f9799e215f2f3f7a0050114|3d773c30583b296c54450071de671fcf31ec52357456dedd776630e4b9efab82|5ac8a449bfecc8a72fea9bf5090646c4d9d6e84f1b86c4763df591e9b9a10947|73c02722f5c8e28a32ea5b5ae1430347d930317b21669ab89f7881ce63c406f2|74179e5d289b11be8b08c6906c38f78aa4a4425277bcc7549050127916639d80|f9708398cfd8f13d96d563e9b1d539091e309270346f6d67434d37904fed5b7e
NM-0014	리프트승강부 출입문	안전가시설작업	6	교량 및 도로|댐|빌딩|아파트|지하철|터널	교량 및 도로 > 안전가시설작업 > 리프트승강부 출입문|댐 > 안전가시설작업 > 리프트승강부 출입문|빌딩 > 안전가시설작업 > 리프트승강부 출입문|아파트 > 안전가시설작업 > 리프트승강부 출입문|지하철 > 안전가시설작업 > 리프트승강부 출입문|터널 > 안전가시설작업 > 리프트승강부 출입문	21e654e0f371a7cfb026cfdbe54535e2ce7953f7a0326293f144c8613480092d|5412857604b4b9d1b6c7dca1caf0ba625a39194d487d50e4e4b9f830916a834d|6244f24b080eedc78f7b1394be533fdbb6d1b78a22ac8abc1d4671ee4f5ba149|64075dc30304d3b343312ef80e5bd4a916351350135f7f7c9db960891c64fcb1|b8699afc19e14cab7e4c565b3fd73f01305a1b7738354923f49c45915795442b|f13264de9da35d20823761e26739d96a3ccfceaa5e483d7fdbe43fb94daff541	2725a167b89e81667f068ebb355cf352cdbcc40971dc2f713985ad1bfe5fd3b1|4482536e5dfc1af60e1c3b73e2a34cff839b0912dc319265c8b4e6ad9e2a2a1e|75f98d169c983113d072aa5f671e4a923fc038162471af9eb2fc88ffa41c004c|879f54e43b8336c141aeed703c6937712661df1c3f3c1eea2a18facac6bbc289|bfca56d66c55eb640dcc8eded6d1c031a66a6a27829cd72aa44dbd6983c89d04|c5dc319015c881a1a1133394756d5619ee49042f02d15efb49e263a0389bee09
NM-0015	목재가공용 둥급톱	위험기계기구작업	6	교량 및 도로|댐|빌딩|아파트|지하철|터널	교량 및 도로 > 위험기계기구작업 > 목재가공용 둥급톱|댐 > 위험기계기구작업 > 목재가공용 둥급톱|빌딩 > 위험기계기구작업 > 목재가공용 둥급톱|아파트 > 위험기계기구작업 > 목재가공용 둥급톱|지하철 > 위험기계기구작업 > 목재가공용 둥급톱|터널 > 위험기계기구작업 > 목재가공용 둥급톱	2b65ddd9453ed4e5895a5fa5c35a7fdbc6c134a76cd3f9df9a973ea1a0dec475|2d56bd385b7e44721af00460e820b78429c318396da6891afc5bfa1249dcb59a|3bc97d5486990fc4ba0c6a8f62c5c07b5193aff52d3dfe6432d8ada298e94c8b|91c749244414111aae594b1df9d6100225258071f236330207777481ea96eb55|a60d460a66e9754bd8cf2b39e815ea1bf3011b7d838b44da65097ec277e9dfb6|f3d6fc39db7e16f7fa5cecede2eb5f8e9b8b86fa0501a02c325e07f0a594022b	366e0193a0135dc61cd3fa86b8dd482ecd6a0a045b996379220144be502444c6|6f038dc372f73f03c9138c752e96dd55b7288633bccdb4d6f47fe59f11e7ea74|821f6aa390740b166a4b434f47639e50db7e9dc52445bc0ae52e4f0fbdaf3c87|8b98825510dc28b6ba15b4643066b5858b5b8eb809903deabeae9898737f5e6e|a52efcc258b97140579fa0bffaebada0141ebb6e469b16cd6735eec61f143a02|a83ee8924733fb414aec18c77c0eac9e88196a33316661435c9ffe931d69bbb6
NM-0016	몰탈 믹서기	위험기계기구작업	6	교량 및 도로|댐|빌딩|아파트|지하철|터널	교량 및 도로 > 위험기계기구작업 > 몰탈 믹서기|댐 > 위험기계기구작업 > 몰탈 믹서기|빌딩 > 위험기계기구작업 > 몰탈 믹서기|아파트 > 위험기계기구작업 > 몰탈 믹서기|지하철 > 위험기계기구작업 > 몰탈 믹서기|터널 > 위험기계기구작업 > 몰탈 믹서기	401e806b0e7a8138e2dda5dfbf53997a6fbb00383b2909ce27c4a1592706ddb8|510b9b35d3e47a41c0c2e03fdead92fe33c94022865205442b7ca5d534f19735|9585ece24b489141145a98aff86e1953800a08ead414ab453148e55da2bd67ee|9e83c8e9d66dd94e29feeeeb9371fc0649aef84c119e82974505774e54a4228e|ab14aeef53fe121eb7c641591f8053892a3fa6530708160a03834e16f2f1f9f1|d3a5895f50e77c1bd957645b1ad778f04605a3ddd9d6691a0e8c0aad912b5dea	3d28ff27ac74fd92b90d280382f08dc758fee1268e93998fe98f751758a63aac|3edd5d020fdf3efdb0696191d7a1be4a862a5a19d630460d943069bd12ff2b35|4ca5a37cdc34595e425eb02d1220608e2c0acd8de85f190371d0feb9e423a9e4|dc8df47adbdb30208eaf391d00f548c48e3b2dd6b259fc9176f3fb8d1668e692|e7e1a3d92ea7a5b6dfb22dc8a6ee1b3e4d737b638729ebeb6c160d7188473286|fde2bd33e1fd96f3abd29bcd72d48c21d9602bf484821bb3eef5bb6e3b32dde7
NM-0017	방호선반	안전가시설작업	6	교량 및 도로|댐|빌딩|아파트|지하철|터널	교량 및 도로 > 안전가시설작업 > 방호선반|댐 > 안전가시설작업 > 방호선반|빌딩 > 안전가시설작업 > 방호선반|아파트 > 안전가시설작업 > 방호선반|지하철 > 안전가시설작업 > 방호선반|터널 > 안전가시설작업 > 방호선반	8a4cad9e322e978697d142a1c5b61c22d74ee04c3a602aa21353607061d314ba|954630dad6e76e39f0187bdeb50a8b705832882351a413182834e13cb23a98d6|aa7efc2d21d91e85b8919bd4f580ac49dde575fd56294a0cb6aec3a1eb956dd9|ad223fa0c12e0f089fdb9f322ada6a0c01fab88c11b69a61f3a705e8ef459875|e22fcc8b4b46bed935679ad63810b2d04c6a3015527a5bf936fc360472833be5|fe2194f709349b372340503774dde86c1aed8aadc1f73071daa4be3967385bc4	073fe39243dc26126e077c5e3a9d7e9b22721ba1252e08b81e97df17a9b56498|391c743f4ee848fe0a0c59b57b2e41b7f5b49c8424534d7d03b4da0ca7afbdb4|3b733b920b79304a3a08f4e17d1d672dda87223c6a75310431e660b00ce739f0|54a94bfc9d43e393580686e89aadddca71b5807b162a7ac1e443d16f006a8cc6|5935f427d146860c004bf85d9213ee01e6a2fdd3798f71a05af14ea0e34b06f8|e6c4aa3229a87abdf3d6a2675358e7ffaca81c1c52f6e45d4ae7a4baf40fe024
NM-0018	분전반	가설전기작업	6	교량 및 도로|댐|빌딩|아파트|지하철|터널	교량 및 도로 > 가설전기작업 > 분전반|댐 > 가설전기작업 > 분전반|빌딩 > 가설전기작업 > 분전반|아파트 > 가설전기작업 > 분전반|지하철 > 가설전기작업 > 분전반|터널 > 가설전기작업 > 분전반	1fa812e710662dace7089a8d23e840f09e75dd1cdff5ac709e771abe6d4280ee|31505f8fbc58bbeb40a3a3bc41148d3c5a99987512827c921715684b43c5ff5a|3dcd72bd508086db29038b01d3910670e621c0c1f34c74eeba2d3da8d9799640|87812f7b4327b18019c61f6aecfb8cf4958d62fe96e74522ec52cdf0ef6d8973|b5d7cf37e466f81945aed62445f5932f182ce4ea0cf10f6f0b4e3b639959b5c8|e49c70fb6ce8fdd5e6a7d322e8cae481d14c4f153f4c8ac19c626f69198a38fb	0694f415bddc74eae3f7ae4e981914cfed1e82bbd37c67aee59340535b117908|59603fcac4f8e6ee8cc7e467659ed32142b84e4f5f0b8a00a887d5f4cf83ed63|a9a5acab808229853051c0edc657bd04a3ef31ff8e88465773c5eb61e51829d9|c7c14e61ac0bc329d9aa5ff8a8c20beb0c7614a78b1e2ad2396a62c5ecfad8d6|e1f84c8e7c24dac21a1685226b001daf072ae296f357b7aebf2312596111f9df|e5bcc2db95c4450d5af06846cfb7a7a7d9f890c95cb0c095dafcd0ab3dc395dd
NM-0019	비계	안전가시설작업	6	교량 및 도로|댐|빌딩|아파트|지하철|터널	교량 및 도로 > 안전가시설작업 > 비계|댐 > 안전가시설작업 > 비계|빌딩 > 안전가시설작업 > 비계|아파트 > 안전가시설작업 > 비계|지하철 > 안전가시설작업 > 비계|터널 > 안전가시설작업 > 비계	0cab5d60242928dc7064503f17756e1e279752b1f51f19b3059c426a6fe6acc5|33399d94566123e4589585b28b9676b2f61a0099a7bb41b3711291f44d9273c4|4935d0c38198cf4ed439b0cb93fe7b47003175f92fa830200ec46459a40a28c1|a7be26d74665fc5d1dfdec94c2c7ab661a1dbf115aad0e9757fce0e92dfc6b3c|bd53f624ce2f40f27a1662d195acbbdddeac97a2bf0e6fb2d7cc8ffb13b02c38|be0e3662cbd0cd047ffab85681df94b9408dff894fc5202d31a32d6247c11ffa	714d8c08d67942ed14f6ec300bf91d81c0aa4372c04fb5e1fea08db1008f6b63|8db8e508c32e7fdd941f485550da23576c9537805706912bd0b2d55306a50dad|93a704dc81656b77da166bb54935fb2312f613a6eecb5397b337efb681dd8ae0|9cd9b085c33cfeb626a01bc28283e668b6547498b4c9d461792f6c0f6da61d4c|d8125c0492071664a5fca41960e73a7c3241e0c7e8c785eade83c1701f330e21|f00495f47da5244e3ff84747c8091d272a9ac8e91aca585e27160ea50abfde9a
NM-0020	수배전설비	가설전기작업	6	교량 및 도로|댐|빌딩|아파트|지하철|터널	교량 및 도로 > 가설전기작업 > 수배전설비|댐 > 가설전기작업 > 수배전설비|빌딩 > 가설전기작업 > 수배전설비|아파트 > 가설전기작업 > 수배전설비|지하철 > 가설전기작업 > 수배전설비|터널 > 가설전기작업 > 수배전설비	47aaebbcf155f2b230f67b6dd0399c6ece75e8797178f9a371f6367ccc0ab58f|5083903dbbc98d774407ac60770f9602f9aa868be9545d5c659a9f94e35ff412|61df4a6cd626f7da23d25d8faafe59044358bdecf929bd2d0c7fd5c60a9586d9|960d886113e3cfd92485454db373a544ed24b57ea7fc16a4940afb5daa953bd9|ade5771a7ac3762ae522c5c9700d6f019c2da51ae04ab6f2a2ed50d04d148501|afb76e14ffea1318a4099e846d878e3d5ab1d12c80c38bbecbc9daf9a15aff9d	085ce79620c193a053febdd3b79a09903359c3efa25ef3a1172e24ced15686d0|14da7e29d2fb1f30d9277b6418fcc3f0e789f3c0f448f1b2a98bacaa25c216e2|2bda98d34e4242f2b7305b031f98c58e501f577ec8fb5f8cb9acaf3d5f5c249a|80cb29753ea7063b08e7151a4a006ee0de2b84854500b972ef3ab2b6fce1e11d|8a2c047d5e1a264ffcd39e9410c5c101383b5c4c27aa1c2d6d22ffb63c7cfb5b|a2b912e1442896548721c4444c43d38627bc338412a4ad939a7cdbe676bfa85f
NM-0021	연삭기	위험기계기구작업	6	교량 및 도로|댐|빌딩|아파트|지하철|터널	교량 및 도로 > 위험기계기구작업 > 연삭기|댐 > 위험기계기구작업 > 연삭기|빌딩 > 위험기계기구작업 > 연삭기|아파트 > 위험기계기구작업 > 연삭기|지하철 > 위험기계기구작업 > 연삭기|터널 > 위험기계기구작업 > 연삭기	6cf23b914e6331ecc4308be3490e1f441f4736b0bd641310a950f29ebcf6c5cb|75ecf96567053fb4bfba3ff62ada8122038e948a081973ec326cd86bc903b70e|77b5d816fd10faed059132fe7c94d83605e83c8352a54f9a36a88996d27f213f|b45f146f98bce3713ec64bd1a684f6ec03af79829f28dcaeffb626b3afbea4e8|c8b41d18cf05075eed8d9a763fb3b52353f70b523d5774869a171d0c1722b1f6|ca80f21e2ef9d42f5ceab263ac2af41e3f44d2d54ec988bffcd19578ebdaa44f	327911a8fa48041ff6a97e43efea18313d2b64de40b819f8fa0ce5ce1e98dd08|7beec57365872b7fae8e4e26961b8057f3c24e05e488e79bb2fae01f2f0f4238|8753bd7c25a8c318abfb28d70e6156e954b5ac7e28945f44fa7a82df409e2e36|cc7e75f371aa005ccfb842368b9f2f8842f8f33d3ac23fcbac559d31a1ed4007|ce438244bbd24e91e41c0abbcda1a7cfbd01337de9e079ff9db0c9a7e3f474eb|f84b015f7fe29a75b20cb0e1a3fc444b1ae35ad05bccaf64eecba25aebd1b9f3
NM-0022	열풍기	위험기계기구작업	6	교량 및 도로|댐|빌딩|아파트|지하철|터널	교량 및 도로 > 위험기계기구작업 > 열풍기|댐 > 위험기계기구작업 > 열풍기|빌딩 > 위험기계기구작업 > 열풍기|아파트 > 위험기계기구작업 > 열풍기|지하철 > 위험기계기구작업 > 열풍기|터널 > 위험기계기구작업 > 열풍기	0461ca82dac8eb8b6ba14ebd0ec9393eb02dc160c0e6b07933debee2a63087d5|07d0ae5d882eb8046b9028348fae1d0d4f9bf60cd00effb51984896a6600218a|1c7427e20ef351c03570024684194c2bf8b11d50ef5f45bbb0efc4dbcf48770e|70cf2b4d397f0169ae1b0bbe3e4e53b14e4c2bb19630700ef021a6a6dc6efb96|a62af21bd18f8731eddaa2e47fdf5e21256c22f95ed61f1f560fedb69caa500b|e860a2029b0f2084fdf0789a687093b4d18ef626f85a12fb11d7fe46ee840ccd	401e36ffb201df3f700deaa6c18bf569b8d0b25f5ef5731f1fcdbc3a274edcf4|861bb01ec296a1634a1073bbae6e3a0655ce9fb303d8b7498ed69c9f0e294a5d|88b763dabd9492e7013c18c47dac92e5c6a8f1c01ea78351d1fb8fc6bc24141f|8fed92326f54524d0cace202220491cd29cc3a9734d01e4b11f91b075cff8a94|93c13180caae91b05ffa08f81056279c805504fe0d94e305431f31368316163e|b75d27054f571b5624733c557b5b70d8605b790bd1420db24d2842c60d8e31d7
NM-0023	윈치	양중기작업	6	교량 및 도로|댐|빌딩|아파트|지하철|터널	교량 및 도로 > 양중기작업 > 윈치|댐 > 양중기작업 > 윈치|빌딩 > 양중기작업 > 윈치|아파트 > 양중기작업 > 윈치|지하철 > 양중기작업 > 윈치|터널 > 양중기작업 > 윈치	33b35e1694bee0d3d3ac958bc5989696dd8fb87f4f43c0146131bdacd50118f6|83f6ff90c680236f940093ae1671bb6638b99c8fe724d4e8e2de34158b1b6518|d2ba51597c11161e3b47cc0ea5f59545a27b1439769abc208eca24f9cd2ef2fe|ea0aecafd361acceeddb8b1666e3f5a13e432d75087985bb10495895b2e75c82|ed9ab53831b1511cac3bafc6c656012d19d7d51e6a3baa0ade8cb80b3b81e25f|fe9aee95d4fb4fb20a7d86bdf8d3dc89823fee770ee096e27559c858b05d50d3	2e8a36ab5d5b120795b5da295ff0270afeeb53493506260b698fb3e539c35d04|43ec5342601fa02d15b618967c8bbffaee7feafe238cc0e67a2253bd3b9a1ac1|a44ef0ed291481f9609833e14df6862349790478ab85097c99dfb75ed45a6d11|b33fcd40d98b4db170b171a34ff03ab5d7297d19e01fbf1462d7fd537c8aef94|eccd6d7cfb6dbe07483ebd032a3774d50276527f231151ecb0604e923611eb1c|f73f605ec6e5e73c669be7bcd8061fa991e32d58780f1df11f4ed1c26fae186b
NM-0024	이동석전기 기계기구	가설전기작업	6	교량 및 도로|댐|빌딩|아파트|지하철|터널	교량 및 도로 > 가설전기작업 > 이동석전기 기계기구|댐 > 가설전기작업 > 이동석전기 기계기구|빌딩 > 가설전기작업 > 이동석전기 기계기구|아파트 > 가설전기작업 > 이동석전기 기계기구|지하철 > 가설전기작업 > 이동석전기 기계기구|터널 > 가설전기작업 > 이동석전기 기계기구	1589b72e03adf71eb83b08c982da896684522967fe877e37c04dc7d321fed181|1e0cb0d55b556ddf468e60647425b96f5ba3ed1b725b071be080f8da3b745b9e|3da223f86467231c51ba51bbcdc23441a367ec46e06496bf6fc2d1289ef8b6ed|73271a0a3be53e9d6897500d8774036de427c81eba86d0130dc7fad30a57bd82|bfe907294fa4356533e4dc80cab7d349bdae1c24b132ecacfb9d6de29b2045de|d543466f162b19ffe1eb34b8e51699ef0c3741603f296ea7def83bcce0af7f4a	317ec0d66fe02755e07468c9f83111a437668a53e638e44bcbfddb3c093b2d87|4371d96a206ce7b093598935451c5e861f6362bd4664460afef95a5ce3859ac7|4eef074aeffde5b8b5573dd0e64584f92310315277a9d99b06c4415f0232d54f|4f32189647c85f9b2f65a6587306f18cca8f21ddd570ff36904e86ad523c61bd|65fe2f95b9469dc3db6ebf294276a2f619b1d928a82aef392a8dc9a9bab2004f|8e102be65d0118d771150ee5d1e2880c4bb77e85a8a59399e9d6cc5a2a9a7278
NM-0025	이동식 발전기	위험기계기구작업	6	교량 및 도로|댐|빌딩|아파트|지하철|터널	교량 및 도로 > 위험기계기구작업 > 이동식 발전기|댐 > 위험기계기구작업 > 이동식 발전기|빌딩 > 위험기계기구작업 > 이동식 발전기|아파트 > 위험기계기구작업 > 이동식 발전기|지하철 > 위험기계기구작업 > 이동식 발전기|터널 > 위험기계기구작업 > 이동식 발전기	08867936373da71e45b39bde6ceb5fe7c944f87804e06eddd071202589645361|1063ef10e07889943c0d05f89ed3fa58580585e7469d5b93be8107c901db8afa|1a982742ac7548795c0e7d4fd0248e0826b64060d046d2d70484f237f440d829|4f9662b0343b7df259ac88c43d28f7aab4fcebc2e8fa62a77af9dfc1f6c30d9f|7c6e7b490240eaffbcf452beabf6196b3e07afe7ffbeef584815c6d4a631a669|cbede62e42b90a2f39f1162d878703331e95520ea78aa0de9b2f908855e6bb96	1ace5bcd4713cfa6c71f3bf780ec408d5b7fa3bd2c6bd2c1882ff1867212815b|9e435281cc4f3261b3c319b2aa077d5ae149a5cb6ba68e03db9310b2240a0345|bec679c4032ad363445ba55af36471a67c0752c15ac0392ab7d40e463ad371f9|dcdebc3b57b27b9c35155669f6f9c81437131d77c91b144529b223b2dcefd8ce|f3360ac07e516aae0e5dbe43653399c4869b6825748d033e0fb2d9bfee2e4a4e|f86f1107a55bbc577b9ddcbc457941ea31bc599622cd8423908dbc4afcce10b8
NM-0026	이동식 비계	안전가시설작업	6	교량 및 도로|댐|빌딩|아파트|지하철|터널	교량 및 도로 > 안전가시설작업 > 이동식 비계|댐 > 안전가시설작업 > 이동식 비계|빌딩 > 안전가시설작업 > 이동식 비계|아파트 > 안전가시설작업 > 이동식 비계|지하철 > 안전가시설작업 > 이동식 비계|터널 > 안전가시설작업 > 이동식 비계	6952afd805e0e40781c617ba580720e732a9e97f2b305088118b48e12e92f53f|82402d7017fe02d55cece6edb536e78e37a1f9daf3c3f2e40475264db05b7e77|b13fd42301976747bcb3ac8bacb31d261eb17f30523834b764be0aa58436aae8|cf1e06b9f9d7c585a3c009c66e9523a3538731618812675ab82de23f55f6ada5|d159ce835fb7a262c246edf199959ec56ffe8822ae559cfbb89d12443607e1a3|d6b05f1975bc6041527b99805494644a756e073b94df4684e3d8a7335e06aba5	12c7dd8d41405c5f14e8b01b06409c0191d379a5210b42c754074d69ec03c157|26743bfa02ed2dc18bb0e761ba28a5744ef7d293e59527573982008048317dbc|3d2551353832f2f9a0fc994de2b1289a089261fcf0bfb5d9fea96215502f12e8|5ea411d54b3c859a2c3fe4530b7fd61066bbd21d27fbbefdd504d7df4e0095fd|c80c0e578482743b07e8e277aaa0c5c10cb444988fc97d3ae480abd99503b789|c8e23200a7649947de623e28712498dd8069f3f3682a149b12da33978b0c3d06
NM-0027	이동식 사다리	안전가시설작업	6	교량 및 도로|댐|빌딩|아파트|지하철|터널	교량 및 도로 > 안전가시설작업 > 이동식 사다리|댐 > 안전가시설작업 > 이동식 사다리|빌딩 > 안전가시설작업 > 이동식 사다리|아파트 > 안전가시설작업 > 이동식 사다리|지하철 > 안전가시설작업 > 이동식 사다리|터널 > 안전가시설작업 > 이동식 사다리	0dc5b59a1986705030c339281849ff268e013e33b492fbbae6e88abb236abf42|1e4344992917660e8ff62dd521c19db8e437a53aeeebbda08afec3a7c496c285|2527bba091d1f15132181507b269d1ba9000b5529e6c5897e0177a6f0a3cbfd0|4f43cdc1e2c2240733ce2bb8847a29932df2c4602e795041da7741ac6f7cfd8b|70354eee9acf6801fac0c9e8202ebc406a41fdb1a281f294c0a870e86d8e5254|784d603084b230196a3627ef24d31985642db4b9762d34a08d6a72a05c9ba8c0	05e3619800e14b269ce3281da7770b324138aa5eb249fc57d5b8c80a7d0e633b|3186efe1682bd1de714ab85d3c840495ee8e01e8d8c7f2e864edd43cb996e4f6|6924c3a5724b4b780e232493dbdb7f99e58912535db2734e6b3c3988f9288d5a|7a9f719d322d041cb5ec491eb76a112d1fc16c5f33c5c2ddf342434b333c078b|b629276f616d4f721ef1c527b72858d058cbb57859fdb22c07bf3ca39ea05488|dd287765c824b78d563290ff5254ca9b0d0252e750d7bad8224d8c291c1a5fd7
NM-0028	이동식 크레인	양중기작업	6	교량 및 도로|댐|빌딩|아파트|지하철|터널	교량 및 도로 > 양중기작업 > 이동식 크레인|댐 > 양중기작업 > 이동식 크레인|빌딩 > 양중기작업 > 이동식 크레인|아파트 > 양중기작업 > 이동식 크레인|지하철 > 양중기작업 > 이동식 크레인|터널 > 양중기작업 > 이동식 크레인	0a43a20d2e38e02b5247d89cc046d897f08ce90daa211c86551a8c5502c4460e|7b660ef84abc01b3131b7e85f9db671a0504fa31a8fc1456bfd32681748d6303|890257db179698b9bfd53fe6d2569c5dbf63c6b0a565cb78be548ece22126220|bf7cc3a435b5a50fbcd1209780cfca90cf07e1972a93d795042da13cf3a7acd7|d016cf0f47d95087605c61fe3771b4f1a6cf5be7d2bd5ac0ae67d50c0228e41b|d96ac24fa254b608d00d2877b372171f9922a467354405853fe1cb8fbed480eb	1fa23d907fef358d9b2d1f7d2f6f1a1eacb92010b921a615145f3f67a147c5a3|2c3954323b33723af6e203f3ef3577270d3f1a3e428deccb204567a485be531d|3449d51406695c376a6d6b58b955ce797fe3d587ece4cd85e9c0069e0f3d6bb6|4341fffa7b4b37cbbd157be146465b2867975fa9a69c8adbb1c4fd212cb7d989|901a83f96dce87dd7b7757770aaee4ae5fe9c67d83dad582d02ec78836719ea6|c7967fefa9488acb201f1d6775fa50e483ff1d0dbdd92a77d18c0bbffeea9059
NM-0029	작업발판	안전가시설작업	6	교량 및 도로|댐|빌딩|아파트|지하철|터널	교량 및 도로 > 안전가시설작업 > 작업발판|댐 > 안전가시설작업 > 작업발판|빌딩 > 안전가시설작업 > 작업발판|아파트 > 안전가시설작업 > 작업발판|지하철 > 안전가시설작업 > 작업발판|터널 > 안전가시설작업 > 작업발판	526043f015016d6b4be2cf083582ed12516d0a23b9f3a819c92c780f90461ea5|73543ac0db83c39c65ba665380c84c421719af53e39488885552e0c607d71fb9|80860cbc41c55cd3d097919a19953c69a8f0d1391ea395f8b41862810ab75572|ec2fc6853f9a262b48c9d52fa3cbca51e5dcdf7ff4849c540a5b0ac048858c48|ec66ddb82a76f4b7acb78aceec0d3c441e96b2affa3c17193f444cc4ece38b7e|f2aca7a4f6c6e270bce805f18cbf8d4a70af1846e0c82bfc622b9da51d15e443	0ef6e317ff55ee6ce41148f9e18931177c09037b5975d0aa8f5600dfd5fcd8cf|b1dd52abf778ddf3ca3fab2e816faad1a725afca4c5054076483ad938d3f9c0d|b23825a05a5dfc9402c0ac1c4108f2d34ea7bc9176b9ed18a4488df9456b1d43|c31a68194e27e1c85a1de05bbbaaaa38318a1e4a04b765e49e2e50773cd840d8|de670809ca1c96b6ae82a7e5e5dce48a029c24f8c220fef1a5ae9eee414b62c1|ffeb9df6082ba9d3f99bb8a9cac2ffbb257154df81409d99f0d7533a2305edfd
NM-0030	작업환경 (배수)	작업환경	6	교량 및 도로|댐|빌딩|아파트|지하철|터널	교량 및 도로 > 작업환경 > 작업환경 (배수)|댐 > 작업환경 > 작업환경 (배수)|빌딩 > 작업환경 > 작업환경 (배수)|아파트 > 작업환경 > 작업환경 (배수)|지하철 > 작업환경 > 작업환경 (배수)|터널 > 작업환경 > 작업환경 (배수)	00625e73d715216b37aa7da7ad8f31df6b27f915e5d8688998af28d7ad14b45a|4a6d37a9e398c2f444c3c3477dafa646903418022a616859b3b983ab3d73c5fe|6ea6497ac4640b4e60ebc9f12f0b6582e61fabb43ca3e5d63c9ba7a811702e3d|7817cb0506f995e477a387e39ca8165bc9c42882f0e0931bc5c9f91783cf8958|a529f8171460dcd25103a702a985e79b0c53605874f3865115a5dabd74b88967|fb2d85e0798dd3f85a86dbe0356f062de52da80482a153f85981a9fac7aeb2e8	2c1445b55e302ce3158176371ce9edcf52c7c29cc93b268755c1852076c35c80|5ab96958d90884a0d432504a7cbfad0d4d11ea5455b947ab84c63e6f56cb59be|7d60667ab44630bb92a9adfec7c0ce987d4316ef963edce323675a91d276ae28|c8c3a4248817093b1e62462630519ee976af43d02bc895d68dabdf19579e1c4a|eb6dfd7b3151e79a2ef7d7599f6f0ec8dccbe060bc4ae5fa735eabb2f1ebe48a|fe53d49171b2e45171072e5dfd4ba9e5e1c07ba554e79904b9a893b58532de69
NM-0031	작업환경 (분진)	작업환경	6	교량 및 도로|댐|빌딩|아파트|지하철|터널	교량 및 도로 > 작업환경 > 작업환경 (분진)|댐 > 작업환경 > 작업환경 (분진)|빌딩 > 작업환경 > 작업환경 (분진)|아파트 > 작업환경 > 작업환경 (분진)|지하철 > 작업환경 > 작업환경 (분진)|터널 > 작업환경 > 작업환경 (분진)	2548fb0f40f92f40123d3326a9f53cc3304213a6f8b1911a63591ef5088bb5a4|542f607fca91c627e173bfce0091c707d937495711b64dfd577fdc0bc2fdf332|5c800f63f14312ed1444235845a40cf6f5363f2118ffdf6903c049949fe1390a|735dfa51a1f64f11dce9d6e3cf736d2d7a05e7c570a5ead940312094a7d70404|7461764d68c8606add774293964ae7c0ed9469de2400462e9ec05bbd9c512e3c|a84daf1515173944d28cef1bbee3b0212c0a6edc0cb579070872b08a0edf1b26	124c4b8606a9c6f4da6f32369564062d831a879aafc100287615055491399cd7|3ebe9fc0862fdc1f89fb1afc0e8ccc773403df022562e02a4f6468ce6aead7e6|60f0dc4f1e086ef6fdf609d2a58aa6a763aad5b66105d8f90aa3190821689455|9a7457fd852f7d90c4e3aad4f59604f7bda18beaaed57fbe01a8b053d02c4ba4|9e01767898a2c7a396e789f8bdd7c1e537c7ccfe4e27cd6c02ca32e927ed0450|a222fadd507d15f7e95353b7899c139c8ab3d6f7b27658bf557c9a2ade3a47d9
NM-0032	작업환경 (조명)	작업환경	6	교량 및 도로|댐|빌딩|아파트|지하철|터널	교량 및 도로 > 작업환경 > 작업환경 (조명)|댐 > 작업환경 > 작업환경 (조명)|빌딩 > 작업환경 > 작업환경 (조명)|아파트 > 작업환경 > 작업환경 (조명)|지하철 > 작업환경 > 작업환경 (조명)|터널 > 작업환경 > 작업환경 (조명)	05012cea08334d40a6a208af844e652b19316b82ed7b7afb1d4df55cd131f8fa|1c6f776694dbf4bd54b147a0df48309c20f81f940101897c0e52fe37245fa61c|3d1d7600bc3258b7359068a2341597211dd491948f79c949b103954b90d38ef7|4a45292ee13b77f81b9b12fdd152e3df5c55f2118454f0f71b88f835d497795f|d3d4e5dffe43c1e749900ffd19a17f26da68247bc68cbf8f2c15aa9908ea41ad|fcf2c40e71eac68f1b657313385b23a6eba4ea184165bd3b8fd640b050548158	4820f2c79ab6cffd9ecd2c8c44ee2a8b9b754eb875332f2053442330f14f5761|5fb5fea53b1173cc06b632a7f1170b23c709d83f53a6856eb72213cdbf57a998|62c8d902ba32fa4390c5cdb199569e573d5de160ea1e3eaa565f0923cebefe83|7d12e8aeabfefb2d34e5bd4b1c0abe1c9c97053059c92a40091bf37e81e2e105|e8ec7b6323c40e040c0848d6e6f5693d9601e5faadc53b633a36900a931ea701|f95fe6e975c05fe714f0007230a038d84e82053d2e5ad78f845aa8615e52a1f7
NM-0033	작업환경 (환기)	작업환경	6	교량 및 도로|댐|빌딩|아파트|지하철|터널	교량 및 도로 > 작업환경 > 작업환경 (환기)|댐 > 작업환경 > 작업환경 (환기)|빌딩 > 작업환경 > 작업환경 (환기)|아파트 > 작업환경 > 작업환경 (환기)|지하철 > 작업환경 > 작업환경 (환기)|터널 > 작업환경 > 작업환경 (환기)	05201f4789e74101f9774fb3732c70de8918ea69fb013906c0a45111bf5f8cbb|516885dcc39e2039efde07a32448211b30ca99e3cc234ab0130895834822477b|6f3661a426c84e177827fbf9dc33edc92b08ff4a2a7cfe8566b30b19acdd6b3a|87035c42aab7fcc8470a4f772e0c98e156a2c832b38cb0d738685f4f59dd40eb|cf27ed9a28ee65eea00f3248265bc4b765a217e0d2b7cb48ce177de8312c7df0|d207bf554cb0308aa8f1790b9f516a1bef0523c4ba77960af6db05a721133594	1ed86919bb1bfc439bc896b940581c4527a8b1d9f5ecb32a6ec161fb1908efcb|4160cd3ade62892e9b0fa6fa8dd4b9e59a21ba76a1d139227dd116af831ae4b7|4cde003709330e8d03949e555d12365ecee9b939706782c61ccdf8e63dfc3ee2|540f5bac99a27522818a09d2ac60d538a936564ffde9aa374bd1f5a1abb1ed0c|c0d6be81f2967d720ba5761ff6a56fb1a07b08cae394f63b5fe10506324d19eb|d9c541d180afdaaca7e1a27a3b9e6c40610337ff837f948187a5e7fa5b90a3eb
NM-0034	전선	가설전기작업	6	교량 및 도로|댐|빌딩|아파트|지하철|터널	교량 및 도로 > 가설전기작업 > 전선|댐 > 가설전기작업 > 전선|빌딩 > 가설전기작업 > 전선|아파트 > 가설전기작업 > 전선|지하철 > 가설전기작업 > 전선|터널 > 가설전기작업 > 전선	4232226a54eadcffe2f859fb6459a2a57a6da0392a7a94757323dd769339201c|533e0ec007e97e361e5a4093e6cd416fd490c776869bb84c73e39cfb456f3937|8cf762e751405cb287e81bc07c234997608c2b9af50fb8e8a6b48009570e0c74|9ad7abffcb9a8bd8fd761d1f85da905102865ce1198cf27f17a2a52131533922|c52cf947297f4a2e722cc39bc4e1f563ce3cd4a237da90bb5d7f78814df09c6c|e8e5d96eeb0ed2582e66b37b009dd8e848c17651823918d0f0fba37c31a1e65f	04ee780b216197114f8b99d27fd454116817892455074d7e81650c15153146bf|1e36fcb209cbef0338ba3a17b14450c0e4f063d4a94e4d9e788428924aa66b1d|33f4fd724677670a11297ac8f7add04b88d9a409f3dd295c02821f12443f85a3|4ce0f353b2aa755d8ef82cf45e489b19eaef64cc1762e0c75ed8fd16fd6fe87b|ab0d07fadc9024c302351bcab75efe80bbcd880a5b739d416b0f6ea32f54d33e|bfa5cf3d95dcd5652ce9929437171c95aa4ec7329c74eee2430052d2ba0b634d
NM-0035	조명등	가설전기작업	6	교량 및 도로|댐|빌딩|아파트|지하철|터널	교량 및 도로 > 가설전기작업 > 조명등|댐 > 가설전기작업 > 조명등|빌딩 > 가설전기작업 > 조명등|아파트 > 가설전기작업 > 조명등|지하철 > 가설전기작업 > 조명등|터널 > 가설전기작업 > 조명등	1a55000cd7cf7c62620a924300b1270d54b99c4de04f1c61b44d62d67568ffd8|6d8b5ce10180c30dc0c9102b37f7c412b70eb2f88a313b099a0f4d02853fa021|7efa78f4745a7090a3438a4422429e36edd8310ad7638017ab55c6a7a8abdde4|8e9dfdedfacc64cb936054140258838643ed1f5e92088f685dd725faafbfc4fb|b56c91d207b1993adab940fea59f94546e894bc186da257aca296cd2491bdb7f|d605009e703eb6b60335fc0f290974fb9b541a1e6e05756feb90ad95dce7b94a	48524b4fc1b190a0d0b17c8885835808ae4f2ea2b702336f52c7375e5904515e|6bfbb2a76f1d34975f0393350e800983072a1be640b4a44bf145def3d948c5d1|a1bbed7286d6231ff794ba56f60ffe86080e07751c444506651c3d232dc6a149|c1656fa75662092a0caeb36129573c20838ca8f8da78bf7e66c37784766ad342|e2cfd82d8a4d30f1ca411546ebfc2ccd1cd56f56d8a8c5eb2246fac1acb62f03|f615fc7b0aa845b2c2884faed314ffade898072fc246fe500e3637270370b17a
NM-0036	철골 승강용트랩	안전가시설작업	6	교량 및 도로|댐|빌딩|아파트|지하철|터널	교량 및 도로 > 안전가시설작업 > 철골 승강용트랩|댐 > 안전가시설작업 > 철골 승강용트랩|빌딩 > 안전가시설작업 > 철골 승강용트랩|아파트 > 안전가시설작업 > 철골 승강용트랩|지하철 > 안전가시설작업 > 철골 승강용트랩|터널 > 안전가시설작업 > 철골 승강용트랩	07048f8435ed1b2fb586b9445abe8db48f6e5b123327de8fae31ea0c14143113|37c94b8186f7fd8d7e827ed8f64dbad05af5d5fdc9f2f0adf38bce91eefbad87|4138aec41041c064ab2a9172bf6294f79afe4147596b501f44b001644ebf30ef|c66ce400746b827f6260ec6c086b556ee8043358625a0ae923daa810a47eb508|c76f78e917704740b2315ec8608fb4130c9626661564a0dd6c5271e77b526539|f998eb537aa8e11e93226d63cff1ae347110637e5f8b7afd16b9e7052a0347e3	0803bdd6d3d40ba15db3e42a50928c73bc8072614d7cf86727a2a64719e350de|2271e711b3742463351a83e3f64b0309393015917b193229a0347d0c9fabd115|5c07b81bf955fdccbb389a1d24707ba0ca23c9ebe671e30befe8a6d529d0ea24|77d7cd347a662ef5da6ac0cb6f06ca14f40d365483326d3bf62c379ecbe655ed|af33f135a6f8e565f71b3b5fcdf2cf86270cfe680465ff7496262df6ec181b9f|d4d8fa7a2b72730b357ede5c942dc26c13c44b991d06200745da86aa271d4a3c
NM-0037	철근절단기 및 절곡기	위험기계기구작업	6	교량 및 도로|댐|빌딩|아파트|지하철|터널	교량 및 도로 > 위험기계기구작업 > 철근절단기 및 절곡기|댐 > 위험기계기구작업 > 철근절단기 및 절곡기|빌딩 > 위험기계기구작업 > 철근절단기 및 절곡기|아파트 > 위험기계기구작업 > 철근절단기 및 절곡기|지하철 > 위험기계기구작업 > 철근절단기 및 절곡기|터널 > 위험기계기구작업 > 철근절단기 및 절곡기	0034ed50e3602b6df931765d1b234ecad0185972b8c1cee1202075cab4dd8288|676b063d54d395d7dc3b8d9f6c5d89353f05091ec43eec6da55a98291932f673|700fc78572748144b0b9f719ca1f03ac7441d95a30f83899a5cda93b1a86de06|8099e6d618400e2cdb92a7b637db1c4863d2399030c6f2e73570e0af72e81de9|a64fd0a1e395e770154ea9c46ae4e126e86013a2f1674b75c0875654eecd9770|d6fd8c85949bde766c819f400f52ba73acd8b1806fa8be2dc6ba0d00244a0d36	3c8ccd69e1699f0c21395796ac454657aed0be772c6fb50e706b4f7f4232ca19|545c88f860cdd92a690f3b2fe44225d19d64d9bccd07b3f9d3254be8aff90ef8|91f7f540feca418fc9b1037f0a9259c4ccbf458c14dbfe3a107586f73dc209f7|92555e605324e8974e406ad85440c457c50047b32443a136056d91a062f73199|9782fca06b81e271b48e09f88ea18403ef6b542e3458ded0d8b11a4c00b654b6|fbea6462a5a2ca60052e24d3b4fed9cf0e1a23e68f24ade0aaf570895ff2161c
NM-0038	추락방지망	안전가시설작업	6	교량 및 도로|댐|빌딩|아파트|지하철|터널	교량 및 도로 > 안전가시설작업 > 추락방지망|댐 > 안전가시설작업 > 추락방지망|빌딩 > 안전가시설작업 > 추락방지망|아파트 > 안전가시설작업 > 추락방지망|지하철 > 안전가시설작업 > 추락방지망|터널 > 안전가시설작업 > 추락방지망	1a81a63241d2a3dd90a787cf8c3600e555827026e9a30a198e932835e54be97b|897ebba40376ccadfb5cbc4ac0caf2e4f6f479d86e725dea6a2e1dd8fb5e7d85|d03bc0bec70f91d7a152eac9c92bd59ef379209d37a3da3cda9bdc5f5e178436|d36bc1086f811de49ccc5296b26aa4c6d3952f61dc45fd3f358663dba59b4a1c|d8f5b71aa2cdb4afb2dad55bf83b1db350caf3e1181c81415f7683c1b3272be3|e3cc1d04cafdee7fa93748df6021738648a425c194ab30c90e218e5a8844d99b	1ada6e9838b9e2b3434a2c7e1bbf0efa6c53721628ebbba4963b6fa376711d52|2858264ab96a5d67aedc51229fd975e34da805d068fe5007f9dae99fb2d863ec|65f0ad508f7a1e287e50c129eddb1bdf533397e85519ed5c879ff5a60a82df12|908f1f486cdda7854b28d44f8417c0497c456575d5cf592180051314e5924a3f|b73e7c0bcfd0b88f163e3058fbb8941e2d8e9d129adb84bc793c2e2949deda3b|c7597142fbf291f590268ceeb5a736a6d7f0712d9ae60c261a50a89a1eef3612
NM-0039	충전부	가설전기작업	6	교량 및 도로|댐|빌딩|아파트|지하철|터널	교량 및 도로 > 가설전기작업 > 충전부|댐 > 가설전기작업 > 충전부|빌딩 > 가설전기작업 > 충전부|아파트 > 가설전기작업 > 충전부|지하철 > 가설전기작업 > 충전부|터널 > 가설전기작업 > 충전부	730625053d36307cc9d8ea0165e58aa715c993eb96f649611350ec7751ba0c29|86181021175aa2c91b3f2be58c7ad220741bb51c7c5d1d531f466aef85efbb32|8e429c4d0270a372c3e3191149f2341ff3d49a8680c32e4b8bc9419071a6f2d2|a1a4bfc8f4a5723719ad4a264938b35eaba3afc903649825c08e16d6affc5ae4|c204ad4b25bd1651f977e4dd241e5ad5d19fb023f936a930dda325988b2e5edc|dedb03a690be9e27ce990afdb5e5f45ff058b7027cd31a3f00ded150b075884a	86b52a5c7b27941a8833415009f6af9369c65ef60f6ed1f516cc2519cbcc3975|903955464a6d486b12c7b44250919b0fc66157e9f5ed4b756d7b284de481ce73|a2fc3f8977d68c26c5aab2b4a03163a8a095556e556695c28f9aa6afc0df80c0|bb16fcf5d1f6bf604585a7d3c493f722587f1c50d12c074423789b10e251100f|c7520213ea812ef7e35329b306e27995055b1d1721d9fe804679d304e276a650|ea6f02036d002043a0007cbd8d3672ede902720f74f559df623c82a377c749c6
NM-0040	타워크레인	양중기작업	6	교량 및 도로|댐|빌딩|아파트|지하철|터널	교량 및 도로 > 양중기작업 > 타워크레인|댐 > 양중기작업 > 타워크레인|빌딩 > 양중기작업 > 타워크레인|아파트 > 양중기작업 > 타워크레인|지하철 > 양중기작업 > 타워크레인|터널 > 양중기작업 > 타워크레인	25557ea859cf6dd328fd65c0b17d625e8cb5f95d2c1885b13aa63cfa86c68108|54e103826c0302af9f880e41952c2388a14edb43fef5f4c3e4abebd4a75507bd|565cfe51bb82cd1d3df3eceb8e5f397c524c6bccbfae902ab42a8a69da637c41|97e388fdaaf67da1103bf1fb9bf0fca2cb6f997576895ec4cc371869c3c1ccb6|aa2e33be5311e3d96c85b917e85c09f04dd11dc32223d215455e0cced9c9eb2c|e407d44ee80c937a06eb0accb379695d221d937bb8434818d997dbc9676ab195	224eb2a7155a72d28f15f6489ac8501297ce85eb348da2e749e333bf055fece6|3c93ff67bf9ffe67b27392d50512a8eb2abe359989bba5fb295e7a709c7ac11b|40bd4ffc4b44a6e114145d10d9af177b7f51cc8e48ca78fc8a692d796e19037c|6f2abb0edc62bd731feba5238646f6c1aaaecb3e63a1662639c6361f6ef24106|702fb8de47f765047bc3bf183ccfd8ed50efe55f07e90732feca926f13e255c5|b8fff74387f80a130c0f59ee2f39e64e1af9f102729cfe1b3c8bff94e982bd50
NM-0041	특수 작업대	양중기작업	6	교량 및 도로|댐|빌딩|아파트|지하철|터널	교량 및 도로 > 양중기작업 > 특수 작업대|댐 > 양중기작업 > 특수 작업대|빌딩 > 양중기작업 > 특수 작업대|아파트 > 양중기작업 > 특수 작업대|지하철 > 양중기작업 > 특수 작업대|터널 > 양중기작업 > 특수 작업대	0601b84169785014ab3d3053231271981e2ca1d601eb316efe8c88035ba6f7e1|63b0eb710e1184860c6ab5e2652c450657a15192bba4b1c3c8b0e19a4d1fdedb|ab1d035d7d71de90b4593d893cc34b5663e56dcf8649ff61a02521e8e84cbe8e|c57024c4fe7e7fbadb6001ea450823f19846240e1299b6be8413882d798fa308|cf290cb46d894e840709968cbd9365cc5397f9b53677dd359278c086ff8bead7|dc33e48518aac310f02af4300e479a270b4e87f959af0f2c267e74cd3e19ff97	0fb20702a43232d966ca868f1593e655aeed3e49b10e89b7c65146216c1d093b|38e90e4e8d816c715dee7a9a7da36692e36082736d3a23b436ea457ca2e7790c|4d03e888f99f9b1beb0f19e81b215849e0a759db782571579944f3ec57866f47|8376cdcfe79feb951159c8d56904d8a83bd680c0396d98b61027257766c9ba49|b0a3330bec95ccd075bf4d69c4b280bdfad5ba7ba7c72d3ca685a8fc4097d373|c8b7f0b3475ab1614bf4af66e468bca51f07fcb7f2e3a6969213795f4470056c
NM-0042	가설플랜트 (숏크리트)	가설플랜트작업	4	교량 및 도로|댐|지하철|터널	교량 및 도로 > 가설플랜트작업 > 가설플랜트 (숏크리트)|댐 > 가설플랜트작업 > 가설플랜트 (숏크리트)|지하철 > 가설플랜트작업 > 가설플랜트 (숏크리트)|터널 > 가설플랜트작업 > 가설플랜트 (숏크리트)	2f64f758c49310bc33b0c0737dc907b8361c5d9738f54e4b960466c90d6d3556|b5e7db35e1f705a2d4b66d5f26358e53975a59f36107e6ecf90d76bd4ba30f8c|def06a3c00ac617abd3363b1a56ee077b7c6db54b44f47ae50ea993beb48902c|f137e9e386fb306b27978ba3b1e51d55138a69dc532a50eb68d35c3518c1c5a3	3a5c9f5a4b8df57ee09cb6b40925b863322cf53dc30a98b80577fce256c26373|86a375f79674bed69eb4e6013ecfbceacddef2319d9d12836ca7ed9d9d3d7bfb|a4f4fc45188b1632caa9ab63f68ca268054024740cff842d49bfd2e544a72d8a|ec97dd7791f31e74d8aadff7b2e9dcf13953124082ddc6383aeb2b95b99f0bfb
NM-0043	가설플랜트 (콘크리트 Batch Plant)	가설플랜트작업	4	교량 및 도로|댐|지하철|터널	교량 및 도로 > 가설플랜트작업 > 가설플랜트 (콘크리트 Batch Plant)|댐 > 가설플랜트작업 > 가설플랜트 (콘크리트 Batch Plant)|지하철 > 가설플랜트작업 > 가설플랜트 (콘크리트 Batch Plant)|터널 > 가설플랜트작업 > 가설플랜트 (콘크리트 Batch Plant)	5039aa8e5cf917d7b4780ed32a19739439a266a64a7d52f3d9a10f99813a3f99|72a6e9e02145e2178162856d2aa8294d4fcf9452f50fe7a1e278be2e7926096d|774a9e79267a039b3d161cc8953d554f2dc9a5d22a9ff7e0c530819b6f7518cd|ee2165e72aceb16b6d4947d918cf18799f2c39a69dbf148f57c6f8c0c2691a3b	6d1a001d3bb22438efd4a924642df27eb9838e1ac5dd8a1a4fb72a78f241c730|8c97a2cb4abbee0941d6172ac2fe0ab19c3f9f73024710bd4906a8d44f364269|bc78f44c9167a4f55446f25b21aeccf6070d6fd9f7c86859affb1183d1e6a559|e27ec13e1a3f258f6428d9015888090f30bca582151e510712dfc3d954309a29
NM-0044	가설플랜트 (크라샤 Plant)	가설플랜트작업	4	교량 및 도로|댐|지하철|터널	교량 및 도로 > 가설플랜트작업 > 가설플랜트 (크라샤 Plant)|댐 > 가설플랜트작업 > 가설플랜트 (크라샤 Plant)|지하철 > 가설플랜트작업 > 가설플랜트 (크라샤 Plant)|터널 > 가설플랜트작업 > 가설플랜트 (크라샤 Plant)	5a0a4340adf9b597b86e800a459d2ca2ffdb5e4c4908193ccf7f21f947fdd924|67f592e36f10946cdc7cc8358d5c16df3ff7a0b105af5b159dc4c9f39a2dbf53|c9ef40978eaa0af46650c3117fbd9fd4c575d82ddf2ef785d6167f7f2b413293|eac0aac6c060d4fa3c6362f9db186cbe83342b83fd01b1804d13ba9c952a8d42	1b5d4020f5c95c145e356cf5e3af056dd74268530ce278c01b31b435a1a380e9|47d4f4721447d7696851fd3ada8bdcc7dcfd63778b7854b27a128ca43868d553|c16c72a3149c02ffd62f667ecf843ed598ad0a737a2c30147a28ea97c3efd1a0|c50cf3765ba0e886e63fcc7bc89389e6ba903855e8057e7fcc00cf3bced53a71
NM-0045	전기 특고압선로	전기설비작업	3	빌딩|아파트|지하철	빌딩 > 전기설비작업 > 전기 특고압선로|아파트 > 전기설비작업 > 전기 특고압선로|지하철 > 전기설비작업 > 전기 특고압선로	387497a94338107be527c16644542057866c6e5983b3335280c609ad114ad9c5|5dccea2ddf6d842eee1045b5713de253c079cf0a702e55ee0bf69b026d29ba3c|ce29b6ffb019aa27a6c0e88d32631f2e168912b09086e3f9fb61d2f78eab31cf	43092bae16ae67b732779e0e21173346f90260a141d7435dc92e119fca13c915|8f78f7b35fa9286a7751e8346a2ec8dec563f20b727345f32fb50c18dccc395d|9d4d1116c36361c04be1d19dd9e59b8b1c96212d2cdbc74d0711878c5086fabb
NM-0046	특수터널 (Shield 공법)	특수터널작업	2	지하철|터널	지하철 > 특수터널작업 > 특수터널 (Shield 공법)|터널 > 특수터널작업 > 특수터널 (Shield 공법)	30f687bf159d826438f2b964034be3aad5c723508f1000fa11cc9af3046f8b56|aab35b3a56cba653ec6e7fcba48d5a436d9dc9088292630c5c262f2349bbafca	c766d5fa02a15127fa95e857bd83dbbb7b9d75489e9d2e0ed35fd029833e793e|f086bf982a6e5b4e0456a1a602df8373a766053f4d2a829ba5ae919befe5a5ca
NM-0047	특수터널 (TBM공법)	특수터널작업	2	지하철|터널	지하철 > 특수터널작업 > 특수터널 (TBM공법)|터널 > 특수터널작업 > 특수터널 (TBM공법)	bb65e3719d0dd018a6390376f060cf9f42b61fbf394407b14a94f9fa6369e7c8|f1b48276b68b5374fd00e34a7e12fcfe31398436da8d166751dda620ef3e73a7	cdcf04be80844ef039d4eb064aef2ffb4ac97894adec05f8b26d2794c4b63aa4|e6aaf13df44aa473ce7b4b1814e68c7e9d066faa371abfefbe71e03939c5ab8b
NM-0048	특수교량(FCM공법)	특수교량작업	1	교량 및 도로	교량 및 도로 > 특수교량작업 > 특수교량(FCM공법)	0d7705dfb5caa2e3f5ee4dee7d5e01fbb718015d0815d10bae5cd6a6ac33b367	94069902d9500afe2939647113637aa30d982bf8999e4471008392be74667893
NM-0049	특수교량(ILM공법)	특수교량작업	1	교량 및 도로	교량 및 도로 > 특수교량작업 > 특수교량(ILM공법)	0dfeb5769d3f6e583d042dea845fb3afd7313dcf438eeb8e57406b23167bf701	0961c3f8642dcbb60df9a878ac350f8a11b8556687c450f66809045f893f7dcc
NM-0050	특수교량(MSS 공법)	특수교량작업	1	교량 및 도로	교량 및 도로 > 특수교량작업 > 특수교량(MSS 공법)	727ed0086d4fc0240496c4bec1f11675677ab7e0276280c93a34ca154849f5cd	d09522c57917a9fa6768769062f740aa37817f1b84e010f165e04486d40584be
NM-0051	특수교량(사장교)	특수교량작업	1	교량 및 도로	교량 및 도로 > 특수교량작업 > 특수교량(사장교)	a9015619fce0c4e70a60c4f060dfe3f93e1afe995d118e37b4d4b5b4c8e2db31	7f5732149c3d9867c5267f99bebde3e84412dde7c36dc5620ee2f5aabc16cf00
NM-0052	특수교량(현수교)	특수교량작업	1	교량 및 도로	교량 및 도로 > 특수교량작업 > 특수교량(현수교)	963c2d3c88be672f350a83ea5e3f095dfc374449276cb40255dafa13b552b4d2	f9e36bb6b7c628c475e84fdac2d8afc8531ad7de0a81c23658ed52e01e3837cf
NM-0053	특수댐(양수발전용 댐)	특수댐작업	1	댐	댐 > 특수댐작업 > 특수댐(양수발전용 댐)	6260932baaad3b772f53c1093da621e7e6c62e6838b1f783dd19c8370efccfdd	12c6336e05655e770be6885f1f9bec9b9ee0c70890620e60e8673e85b1f22369
