batch_no	seed_proposal_key	source_id	source_key	source_node_type	name	source_path	root_name	root_source_key	parent_name	parent_source_key	parent_path	grandparent_name	grandparent_path	depth	is_leaf	child_count	descendant_count	descendant_leaf_count	sample_children	sibling_count	sample_siblings	ancestor_chain	same_name_cicw_count	same_name_cicw_paths	same_name_other_source_count	same_name_other_source_refs	reviewed_anchor_relation	reviewed_anchor_batch_no	reviewed_anchor_name	reviewed_anchor_semantic_kind	reviewed_anchor_decision	lexical_cues	current_semantic_kind	current_review_decision	gpt_semantic_kind	gpt_review_decision	merge_candidate_keys	gpt_reason
201	365f2d2491bee062fd5fe945d8c72e15b0fa189edc2975b3349c5120a4c597f9	CIC_W	01	W_ROOT	공사일반사항및공사비	공사일반사항및공사비	공사일반사항및공사비	01						1	NO	2	20	18	공사일반사항 | 공사비	0		공사일반사항및공사비	1	공사일반사항및공사비	0		NONE	EMPTY	EMPTY	EMPTY	EMPTY	NONE	AMBIGUOUS	UNREVIEWED	PENDING	PENDING	EMPTY	EMPTY
202	732cfa4d6f20934e81e9510019b77e25fc7335b83723c682750ef7f11bbf64d7	CIC_W	02	W_ROOT	가설건물 시설물(간접가설공사)	가설건물 시설물(간접가설공사)	가설건물 시설물(간접가설공사)	02						1	NO	8	53	45	가설부지 | 발주자용가설건물 시설 | 도급자용가설건물 | 가설편의시설및부대시설 | 업무용운송시설 | 가설울타리및현장출입문 | 가설안내시설및표지판 | 가설설비	0		가설건물 시설물(간접가설공사)	1	가설건물 시설물(간접가설공사)	0		NONE	EMPTY	EMPTY	EMPTY	EMPTY	NONE	AMBIGUOUS	UNREVIEWED	PENDING	PENDING	EMPTY	EMPTY
203	c0ca4255abac56f09d5c67f6aaf964c337f57f4b95c03972b155d5aaad8e03d3	CIC_W	03	W_ROOT	본공사성가설공사	본공사성가설공사	본공사성가설공사	03						1	NO	7	22	15	공사용가설도로 | 가설작업보조시설 | 가설흙막이및지보공사 | 터널가설 | 교량가설 | 가물막이 | 가체절	0		본공사성가설공사	1	본공사성가설공사	0		CHILD	100	가물막이	PROCESS	KEEP_AS_DISTINCT	ENDS_WITH_공사	AMBIGUOUS	UNREVIEWED	PENDING	PENDING	EMPTY	EMPTY
204	db101f4ddec107e52c12c2fc16fdd8a93cfbf1c5c8dc6853b0d7d497d9fa9a3a	CIC_W	05	W_ROOT	현장유지관리	현장유지관리	현장유지관리	05						1	NO	3	16	13	가설공해방지 | 기존도로유지보수 | 준공및현장정리	0		현장유지관리	1	현장유지관리	0		NONE	EMPTY	EMPTY	EMPTY	EMPTY	NONE	AMBIGUOUS	UNREVIEWED	PENDING	PENDING	EMPTY	EMPTY
205	e8a9bd2b553cfbd43996e2bb74b28e0618924c6a1bfe3364c35bad5f5c706530	CIC_W	06	W_ROOT	공통장비	공통장비	공통장비	06						1	NO	6	18	12	장비운반 | 인양장비 | 운반장비 | 토공장비 | 다짐장비 | 가설플랜트	0		공통장비	1	공통장비	0		NONE	EMPTY	EMPTY	EMPTY	EMPTY	NONE	AMBIGUOUS	UNREVIEWED	PENDING	PENDING	EMPTY	EMPTY
206	15d1005ded119e37d0cd125e9cf855a84b37dc83a13499479c3a2eab00e4ebed	CIC_W	07	W_ROOT	품질시험	품질시험	품질시험	07						1	NO	7	20	13	공통품질시험 | 토목품질시험 | 건축품질시험 | 기계품질시험 | 전기품질시험 | 통신품질시험 | 기타품질시험	0		품질시험	1	품질시험	0		NONE	EMPTY	EMPTY	EMPTY	EMPTY	NONE	AMBIGUOUS	UNREVIEWED	PENDING	PENDING	EMPTY	EMPTY
207	ce9fb3e2a46aa2537470b08a1c5b2e396d1977583cbc5910cd14712712d62673	CIC_W	08	W_ROOT	건축품질시험	건축품질시험	건축품질시험	08						1	NO	6	24	18	건축선정시험(토공 기초 구조체) | 건축관리시험(토공 기초 구조체) | 건축관리시험(단열 방수 지붕) | 건축관리시험(마감) | 건축기계 전기시험 | 건축공사검사시험	0		건축품질시험	2	품질시험 > 건축품질시험 | 건축품질시험	0		NONE	EMPTY	EMPTY	EMPTY	EMPTY	NONE	AMBIGUOUS	UNREVIEWED	PENDING	PENDING	EMPTY	EMPTY
208	1af0df0bcd9381ff3cb50d3fb691afb696ae51bd5478c071c3bacec4ee5cc606	CIC_W	11	W_ROOT	측량	측량	측량	11						1	NO	7	47	40	기본측량 | 지형측량 | 하해측량 | 노선측량 | 지적측량 | 시공측량 | 기타응용측량	0		측량	1	측량	0		NONE	EMPTY	EMPTY	EMPTY	EMPTY	NONE	AMBIGUOUS	UNREVIEWED	PENDING	PENDING	EMPTY	EMPTY
209	97e8fc9a7c43d303dce304a9c43ac6c022686b3e8be9b77e9144f3c03336714d	CIC_W	12	W_ROOT	계측	계측	계측	12						1	NO	9	36	27	토공사계측 | 구조체계측 | 터널공사계측 | 교량공사계측 | 댐 제방계측 | 단열 방음및방수공사계측 | 전기설비계측 | 기계설비계측 | 기타공사계측	0		계측	1	계측	0		SAME_ROOT	83	RockBolt축력및인발측정	AMBIGUOUS	HOLD	NONE	AMBIGUOUS	UNREVIEWED	PENDING	PENDING	EMPTY	EMPTY
210	6e2c7f3735566729ef09ff14216d26e2a78ec72e8bc12a51ba9992c97de2fc39	CIC_W	13	W_ROOT	지반조사	지반조사	지반조사	13						1	NO	6	22	16	시험굴착 | 시추(보링) | 샘플링 | 현장시험 | 실내실험 | 암석 암반시험	0		지반조사	1	지반조사	0		NONE	EMPTY	EMPTY	EMPTY	EMPTY	NONE	AMBIGUOUS	UNREVIEWED	PENDING	PENDING	EMPTY	EMPTY
211	38b3879ccf8479602ef9df0ea5885a0e496197255462a7b35d1898685070be26	CIC_W	18	W_ROOT	철거해체공사및시설물보호	철거해체공사및시설물보호	철거해체공사및시설물보호	18						1	NO	9	51	42	지상지장물철거 해체 | 지상구조물철거 해체 | 해상구조물철거 해체 | 지하지장물철거 해체 | 지하구조물제거 - - 대․중․소 분류대․중․소 분류 | 기계설비철거 해체 | 전기 통신설비철거 해체 | 지장물보호 | 기타철거 해체공사및시설물보호	0		철거해체공사및시설물보호	1	철거해체공사및시설물보호	0		SAME_ROOT	80	PVC관제거	AMBIGUOUS	HOLD	NONE	AMBIGUOUS	UNREVIEWED	PENDING	PENDING	EMPTY	EMPTY
212	1947811c63d0c16f4119a0ccdd19b8ed4d2272f39ae0fe249faddf762bc002f1	CIC_W	21	W_ROOT	토공사	토공사	토공사	21						1	NO	8	42	34	표토제거및부지정지 | 흙깍기(절토) | 터파기 | 트랜치터파기 | 흙쌓기(성토) | 되메우기 | 토사처리및운반 | 사면보호	0		토공사	1	토공사	0		NONE	EMPTY	EMPTY	EMPTY	EMPTY	ENDS_WITH_공사	AMBIGUOUS	UNREVIEWED	PENDING	PENDING	EMPTY	EMPTY
213	0990b09fe59e497b5f0c05a146e28abea2965e6bf121ae9bae658a3deb877660	CIC_W	22	W_ROOT	지반개량및지반보강공사	지반개량및지반보강공사	지반개량및지반보강공사	22						1	NO	7	37	30	치환 | 표층처리 | 지반배수 | 고결공법 | 다짐공법 | 지반그라우팅 | 지반앵커(GroundAnchor)	0		지반개량및지반보강공사	1	지반개량및지반보강공사	0		SAME_ROOT	61	GCP(GravelCompactionPile)	AMBIGUOUS	HOLD	ENDS_WITH_공사	AMBIGUOUS	UNREVIEWED	PENDING	PENDING	EMPTY	EMPTY
214	056d749d4602beb449a705af003e810884ec9a027bed43d9892484a79862eeed	CIC_W	23	W_ROOT	말뚝공사	말뚝공사	말뚝공사	23						1	NO	7	29	22	현장타설말뚝 | 기성말뚝 | 케이슨기초 | 연결말뚝(널말뚝) | 지하연속벽(SlurryWall) | 시트파일(SheetPile) | 기초보강공사	0		말뚝공사	1	말뚝공사	0		SAME_ROOT	55	Attiplugite슬러리월	AMBIGUOUS	HOLD	ENDS_WITH_공사|MATERIAL_LIKE_TOKEN	AMBIGUOUS	UNREVIEWED	PENDING	PENDING	EMPTY	EMPTY
215	ce54e888f4f6b9d6d9cf2de195593dca6cd896cd927157347a352b552520bb17	CIC_W	24	W_ROOT	흙막이및지보공사	흙막이및지보공사	흙막이및지보공사	24						1	NO	8	21	13	말뚝흙막이 | 주열흙막이 | SheetPile | PC연속벽흙막이 | 지하연속벽흙막이 | 흙막이지보공사 | 어스앵커(EarthAnchor) 록앵커흙막이 | 조립식간이흙막이	0		흙막이및지보공사	1	흙막이및지보공사	0		CHILD	75	PC연속벽흙막이	PROCESS	KEEP_AS_DISTINCT	ENDS_WITH_공사	AMBIGUOUS	UNREVIEWED	PENDING	PENDING	EMPTY	EMPTY
216	b83757c86a8fc1de9faaa1ed3d4a091cb1a2b36914c34468e8fd97b70595ceb1	CIC_W	25	W_ROOT	철근콘크리트공사	철근콘크리트공사	철근콘크리트공사	25						1	NO	6	31	25	콘크리트자재 | 콘크리트생산및구입 | 콘크리트타설 | 거푸집공사 | 콘크리트보강공사 | 콘크리트부속공사	0		철근콘크리트공사	1	철근콘크리트공사	0		NONE	EMPTY	EMPTY	EMPTY	EMPTY	ENDS_WITH_공사	AMBIGUOUS	UNREVIEWED	PENDING	PENDING	EMPTY	EMPTY
217	14c2c897b56fe58093fe57dbde41107553c1ddd72a85c41a1c8b9ae105653c67	CIC_W	26	W_ROOT	프리케스트콘크리트공사	프리케스트콘크리트공사	프리케스트콘크리트공사	26						1	NO	8	30	22	PC형틀및생산시설 | PC부재생산 | PC부재운반 | 토목PC구조부재조립 | 기타토목PC부재조립 | 건축PC구조부재조립 | 현장틸트-업콘크리트공사 | PC부속공사	0		프리케스트콘크리트공사	1	프리케스트콘크리트공사	0		CHILD	70	PC부속공사	PROCESS	KEEP_AS_DISTINCT	ENDS_WITH_공사	AMBIGUOUS	UNREVIEWED	PENDING	PENDING	EMPTY	EMPTY
218	5abad6fd66555cb2dfa6e2bebdd6b6b4f284e898aa2097f09d948f30008041d0	CIC_W	27	W_ROOT	강구조물공사	강구조물공사	강구조물공사	27						1	NO	9	36	27	강구조물자재 | 철골가공 제작 | 철골조립및설치 | 금속바닥판및부속설비설치 | 현수 사장구조 | 프레임구조시스템 | 탱크 | 철골내화피복및도장 | 기타강구조물공사	0		강구조물공사	1	강구조물공사	0		SAME_ROOT	97	가공재	MATERIAL_COMPONENT	REJECT	ENDS_WITH_공사	AMBIGUOUS	UNREVIEWED	PENDING	PENDING	EMPTY	EMPTY
219	0b5d8548b3bd86a2b349a375bad2d0663ac228ead7ab53ee77649882199e5643	CIC_W	31	W_ROOT	토목배관공사및배수공사	토목배관공사및배수공사	토목배관공사및배수공사	31						1	NO	5	35	30	토목배관부설 | 토목배관부대공사 | 토목배관부속설비 | 상수도관갱생 | 하수도관갱생	0		토목배관공사및배수공사	1	토목배관공사및배수공사	0		NONE	EMPTY	EMPTY	EMPTY	EMPTY	ENDS_WITH_공사	AMBIGUOUS	UNREVIEWED	PENDING	PENDING	EMPTY	EMPTY
220	aee11b43857ca937356a6bdc07d4c07bcfb4a907295f6d438907f6bc4c18f3bd	CIC_W	32	W_ROOT	포장및도로공사	포장및도로공사	포장및도로공사	32						1	NO	8	38	30	아스콘포장 | 콘크리트포장 | 경하중포장 | 도로배수시설공사 | 암거구조물 | 도로안전시설공사 | 도로표식시설공사 | 포장면및도로보수	0		포장및도로공사	1	포장및도로공사	0		NONE	EMPTY	EMPTY	EMPTY	EMPTY	ENDS_WITH_공사	AMBIGUOUS	UNREVIEWED	PENDING	PENDING	EMPTY	EMPTY
221	ac368a0c0f1a47de02b0719a7260cce334402d73f5b81c14790a33504c7de5af	CIC_W	33	W_ROOT	궤도및철로공사	궤도및철로공사	궤도및철로공사	33						1	NO	6	33	27	도상설치공사 | 궤도부설 | 분기기설치 | 건널목공사 | 철도부속설비 | 철로보선작업	0		궤도및철로공사	1	궤도및철로공사	0		NONE	EMPTY	EMPTY	EMPTY	EMPTY	ENDS_WITH_공사	AMBIGUOUS	UNREVIEWED	PENDING	PENDING	EMPTY	EMPTY
222	a6a8b82cc730c2c1ccbee8a6e3069acf7c737865e0559e13507a584d48ce84e9	CIC_W	34	W_ROOT	교량공사	교량공사	교량공사	34						1	NO	7	30	23	교량가설공사 | 교량받침 | 신축이음장치 | 교량방호시설 | 교량배수설비공사 | 교량부속공사 | 교량부속설비	0		교량공사	1	교량공사	0		SAME_ROOT	56	FCM공법	AMBIGUOUS	HOLD	ENDS_WITH_공사	AMBIGUOUS	UNREVIEWED	PENDING	PENDING	EMPTY	EMPTY
223	32991cb1a0c97581964e68931e8f5b628770b3c39c61b6b842d18f7f1ba41dcf	CIC_W	35	W_ROOT	터널공사	터널공사	터널공사	35						1	NO	6	29	23	터널굴착공사 | 터널라이닝 | 터널보강및안정 | 터널방수및배수 | 터널지보및거푸집 | 터널내부마감공사	0		터널공사	1	터널공사	0		SAME_ROOT	68	NATM공법굴착	PROCESS	KEEP_AS_DISTINCT	ENDS_WITH_공사	AMBIGUOUS	UNREVIEWED	PENDING	PENDING	EMPTY	EMPTY
224	26b97ff0e521dc6ae4e240d623b735a05a95303c6320b135436ff67a44ca249f	CIC_W	36	W_ROOT	하천및항만공사	하천및항만공사	하천및항만공사	36						1	NO	6	40	34	준설 | 사석공사 | 호안용콘크리트구조물제작및거치 | 호안공사 | 항만부속설비공사 | 하천 항만부속공사	0		하천및항만공사	1	하천및항만공사	0		NONE	EMPTY	EMPTY	EMPTY	EMPTY	ENDS_WITH_공사	AMBIGUOUS	UNREVIEWED	PENDING	PENDING	EMPTY	EMPTY
225	968fd79e7255408d47a238dde1de0c3c6f523d4f5d9961a3343df390bc975ce0	CIC_W	37	W_ROOT	댐공사	댐공사	댐공사	37						1	NO	2	11	9	휠댐(제방) | 표면차수벽형댐	0		댐공사	1	댐공사	0		SAME_ROOT	82	Riprap재료축조	AMBIGUOUS	HOLD	ENDS_WITH_공사	AMBIGUOUS	UNREVIEWED	PENDING	PENDING	EMPTY	EMPTY
226	3693f180a40f5520ba62e105815b6648e668092e90175b4c8cff72a4af71bb1e	CIC_W	38	W_ROOT	옹벽공사	옹벽공사	옹벽공사	38						1	NO	7	13	6	현장타설옹벽 | 조적식옹벽 | 보강토옹벽 | 강재보강옹벽 | 솔저빔옹벽 | 목재옹벽 | 기타옹벽공사	0		옹벽공사	1	옹벽공사	0		SAME_ROOT	76	PC옹벽	FACILITY_EQUIPMENT	REJECT	ENDS_WITH_공사	AMBIGUOUS	UNREVIEWED	PENDING	PENDING	EMPTY	EMPTY
227	0df66f6657194d47f6ba130f5286695ca6b249f820cd9018d97f266de5fa5328	CIC_W	41	W_ROOT	조적공사	조적공사	조적공사	41						1	NO	7	37	30	벽돌조적공사 | 블록조적공사 | ALC공사 | 유리블록 | 가공석재조적 | 조적용조립판넬 | 조적부속공사	0		조적공사	1	조적공사	0		CHILD	51	ALC공사	PROCESS	KEEP_AS_DISTINCT	ENDS_WITH_공사	AMBIGUOUS	UNREVIEWED	PENDING	PENDING	EMPTY	EMPTY
228	79a9af9783fea77d0e2f75f96e56516f3fd1b04d44acbdec3982a78beb025774	CIC_W	42	W_ROOT	목공사	목공사	목공사	42						1	NO	6	28	22	가구식구조목공사 | 통나무구조목공사 | 가공목재조립식구조목공사 | 마감목공사 | 목조부속목공사 | 목재처리	0		목공사	1	목공사	0		CHILD	94	가공목재조립식구조목공사	PROCESS	KEEP_AS_DISTINCT	ENDS_WITH_공사	AMBIGUOUS	UNREVIEWED	PENDING	PENDING	EMPTY	EMPTY
229	5fece427fa5a471efd1c857e65a2d6bf3b3f5ae09da0993212fb575b07f06436	CIC_W	43	W_ROOT	지붕및홈통공사	지붕및홈통공사	지붕및홈통공사	43						1	NO	7	45	38	자연형지붕잇기 | 기와잇기 | 슬레이트잇기 | 금속잇기 | 시트지붕 | 지붕판넬 | 홈통공사및지붕부속공사	0		지붕및홈통공사	1	지붕및홈통공사	0		NONE	EMPTY	EMPTY	EMPTY	EMPTY	ENDS_WITH_공사	AMBIGUOUS	UNREVIEWED	PENDING	PENDING	EMPTY	EMPTY
230	126751765ecd5389f67b539d63d95e77c06c24e17bab9d1d845ee03e06f83a91	CIC_W	44	W_ROOT	방수공사	방수공사	방수공사	44						1	NO	8	33	25	멤브레인방수 | 침투성방수 | 액체방수및모르터방수 | 금속방수 | 벤토나이트방수 | 방습 | 발수제바르기 | 방수보호재	0		방수공사	1	방수공사	0		NONE	EMPTY	EMPTY	EMPTY	EMPTY	ENDS_WITH_공사	AMBIGUOUS	UNREVIEWED	PENDING	PENDING	EMPTY	EMPTY
231	0b95fdbb0407e9174e7cd047398cce07f3d87508adcfbbd3b429b427cde6bf7a	CIC_W	45	W_ROOT	단열 방음공사	단열 방음공사	단열 방음공사	45						1	NO	6	30	24	지붕및바닥단열공사 | 슬래브하부단열 | 천정단열 | 벽체단열 | 외벽단열 | 방진 방음공사	0		단열 방음공사	1	단열 방음공사	0		NONE	EMPTY	EMPTY	EMPTY	EMPTY	ENDS_WITH_공사	AMBIGUOUS	UNREVIEWED	PENDING	PENDING	EMPTY	EMPTY
232	0c95bf1774ffafde028edb18838bfc6ec482a158674540db10a07143e72378fb	CIC_W	46	W_ROOT	외부판재공사	외부판재공사	외부판재공사	46						1	NO	8	33	25	커튼월프레임및앵커설치 | 콘크리트계판넬 | 철재판넬 | 금속판넬 | 석재판넬 | 유리판넬 | 합성수지판넬 | 대형자기 도기타일판넬	0		외부판재공사	1	외부판재공사	0		SAME_ROOT	58	FRP판넬	MATERIAL_COMPONENT	REJECT	ENDS_WITH_공사	AMBIGUOUS	UNREVIEWED	PENDING	PENDING	EMPTY	EMPTY
233	229762bc992ef5ff7f9a29072dbfa81065063f322705647c9e304b59a21defe1	CIC_W	47	W_ROOT	금속공사	금속공사	금속공사	47						1	NO	7	27	20	금속바닥틀(장선)설치 | 메탈스터드시스템(금속벽틀)설치 | 경량천정틀설치 | 금속계단 | 금속마감 | 금속부속물설치 | 건축잡철물제작설치	0		금속공사	1	금속공사	0		NONE	EMPTY	EMPTY	EMPTY	EMPTY	ENDS_WITH_공사	AMBIGUOUS	UNREVIEWED	PENDING	PENDING	EMPTY	EMPTY
234	8aeebe5c891d36e67877da5c1ec39e0866252f3a1005b6b3087bffbb4fb91d6b	CIC_W	48	W_ROOT	창호공사	창호공사	창호공사	48						1	NO	7	32	25	문 | 창문 | 셔터 | 창호철물 | 유리공사 | 유리부속공사 | 코킹및실링	0		창호공사	1	창호공사	0		SAME_ROOT	96	가공유리	MATERIAL_COMPONENT	REJECT	ENDS_WITH_공사	AMBIGUOUS	UNREVIEWED	PENDING	PENDING	EMPTY	EMPTY
235	f0dcba2f2ffbd09a5157d727b1be98cdccbc1724acd799395d98a1b3bfe0a311	CIC_W	51	W_ROOT	미장공사	미장공사	미장공사	51						1	NO	7	39	32	시멘트모르터미장 | 합성수지혼화모르터미장 | 플라스터 | 인조석(테라조)미장및물갈기 | 온돌바닥공사 | 특수미장 | 미장부속공사	0		미장공사	1	미장공사	0		NONE	EMPTY	EMPTY	EMPTY	EMPTY	ENDS_WITH_공사	AMBIGUOUS	UNREVIEWED	PENDING	PENDING	EMPTY	EMPTY
236	86322acee46ccabb10b10bac3b4ef479c46300b1506b294947898cdc56dc54f1	CIC_W	52	W_ROOT	석재판재공사	석재판재공사	석재판재공사	52						1	NO	7	43	36	석재바닥깔기 | 석재내벽붙이기 | 석재외벽붙이기 | 석재구조물밑면붙이기 | 석재계단붙이기 | 기타부위석재붙이기 | 석재마감공사	0		석재판재공사	1	석재판재공사	0		NONE	EMPTY	EMPTY	EMPTY	EMPTY	ENDS_WITH_공사	AMBIGUOUS	UNREVIEWED	PENDING	PENDING	EMPTY	EMPTY
237	474dcb185a1920a86deeb129144ec220c96c88428fdb135da11b3ceed726ea51	CIC_W	53	W_ROOT	타일공사	타일공사	타일공사	53						1	NO	6	48	42	바닥타일붙이기 | 내벽타일붙이기 | 외벽타일붙이기 | 구조물밑면타일붙이기 | 계단타일붙이기 | 이형타일붙이기	0		타일공사	1	타일공사	0		NONE	EMPTY	EMPTY	EMPTY	EMPTY	ENDS_WITH_공사	AMBIGUOUS	UNREVIEWED	PENDING	PENDING	EMPTY	EMPTY
238	6450ec805602bb29f4301be1aabff67434ea7b0c5bb93d4946810633973f9280	CIC_W	54	W_ROOT	수장공사	수장공사	수장공사	54						1	NO	7	43	36	바닥깔기 | 칸막이공사 | 벽체붙이기 | 천정판재붙이기 | 도배공사 | 박판쉬트(비니어)붙이기 | 장식공사	0		수장공사	1	수장공사	0		SAME_ROOT	93	UBR(UnitBathRoom)설치	AMBIGUOUS	HOLD	ENDS_WITH_공사	AMBIGUOUS	UNREVIEWED	PENDING	PENDING	EMPTY	EMPTY
239	f57d2d7e86a05b7907fcd5c5a4fd3a1b9c01a3279f825fea534fd8b885ece299	CIC_W	55	W_ROOT	도장공사	도장공사	도장공사	55						1	NO	9	55	46	바탕처리 | 방청성페인트 | 유성페인트 | 바니쉬 에나멜페인트 | 락카 | 수성페인트 | 합성수지페인트 | 특수페인트 | 기타도장공사	0		도장공사	1	도장공사	0		NONE	EMPTY	EMPTY	EMPTY	EMPTY	ENDS_WITH_공사	AMBIGUOUS	UNREVIEWED	PENDING	PENDING	EMPTY	EMPTY
240	bfbdcf581eee69dcd635d40fd5fd21e34c3f3e51ed288a2b747e39d235e2037e	CIC_W	56	W_ROOT	설치물공사	설치물공사	설치물공사	56						1	NO	4	14	10	붙박이실내설비 | 안내표식시설 | 빛조절및시야조절설비 | 시설물별특수설치물	0		설치물공사	1	설치물공사	0		NONE	EMPTY	EMPTY	EMPTY	EMPTY	ENDS_WITH_공사	AMBIGUOUS	UNREVIEWED	PENDING	PENDING	EMPTY	EMPTY
241	c64aa50eb243614144c714a434a38eae48e601b3d3853472e2dc2ae674a99b76	CIC_W	59	W_ROOT	조경공사	조경공사	조경공사	59						1	NO	8	40	32	토양준비및흙쌓기 | 이식및식재공사 | 잔디공사 | 녹화및보호공사 | 파종및살포 | 조경시설물설치 | 조경유지관리 | 기타조경공사	0		조경공사	1	조경공사	0		NONE	EMPTY	EMPTY	EMPTY	EMPTY	ENDS_WITH_공사	AMBIGUOUS	UNREVIEWED	PENDING	PENDING	EMPTY	EMPTY
242	315d72442ae85bb2a1b108a414347492ab2ed91884c13875e8ac096b72d602e6	CIC_W	61	W_ROOT	기계 플랜트시설공통공사	기계 플랜트시설공통공사	기계 플랜트시설공통공사	61						1	NO	5	26	21	배관및관련부속공사 | 보온공사 | 자동제어공사 | 펌프․공기설비공사 | 설비․시설잡공사	0		기계 플랜트시설공통공사	1	기계 플랜트시설공통공사	0		NONE	EMPTY	EMPTY	EMPTY	EMPTY	ENDS_WITH_공사	AMBIGUOUS	UNREVIEWED	PENDING	PENDING	EMPTY	EMPTY
243	1699e64589a476c8ab86aac1d19b0c90b2d58548827eed9a0865d1b2f0f66622	CIC_W	62	W_ROOT	열원기기설비및공기조화설비공사	열원기기설비및공기조화설비공사	열원기기설비및공기조화설비공사	62						1	NO	6	27	21	보일러부․부속공사 | 냉동기․냉각탑공사 | 공기조화기기설비공사 | 덕트공사 | 열교환기 탱크 헤더설치공사 | 냉온수기설치공사	0		열원기기설비및공기조화설비공사	1	열원기기설비및공기조화설비공사	0		NONE	EMPTY	EMPTY	EMPTY	EMPTY	ENDS_WITH_공사|CONTAINS_설비	AMBIGUOUS	UNREVIEWED	PENDING	PENDING	EMPTY	EMPTY
244	bd4636c4a3ea7dad7bd1a13ac086df3d0d62d90b669da6ab2f8b0d8774025e33	CIC_W	63	W_ROOT	위생설비공사	위생설비공사	위생설비공사	63						1	NO	1	5	4	위생기구설비공사	0		위생설비공사	1	위생설비공사	0		NONE	EMPTY	EMPTY	EMPTY	EMPTY	ENDS_WITH_공사|CONTAINS_설비	AMBIGUOUS	UNREVIEWED	PENDING	PENDING	EMPTY	EMPTY
245	7ce664de05dede4813fa605e706c8556c8ce355378f10fbdb94dbc4bfa890525	CIC_W	64	W_ROOT	방재기계설비공사	방재기계설비공사	방재기계설비공사	64						1	NO	1	3	2	소방기계설비공사	0		방재기계설비공사	1	방재기계설비공사	0		NONE	EMPTY	EMPTY	EMPTY	EMPTY	ENDS_WITH_공사|CONTAINS_설비	AMBIGUOUS	UNREVIEWED	PENDING	PENDING	EMPTY	EMPTY
246	25e3c195de20b0135f57f870abb98932676dd179d5d7ab5429573503b4fc4f19	CIC_W	65	W_ROOT	가스설비공사	가스설비공사	가스설비공사	65						1	NO	2	6	4	저장탱크공사 | 가스설비관련기기설비공사	0		가스설비공사	1	가스설비공사	0		NONE	EMPTY	EMPTY	EMPTY	EMPTY	ENDS_WITH_공사|CONTAINS_설비	AMBIGUOUS	UNREVIEWED	PENDING	PENDING	EMPTY	EMPTY
247	02279fcd9255e45100434962b0aa42b5c3287b02157121476b96d606535233df	CIC_W	66	W_ROOT	특수설비공사	특수설비공사	특수설비공사	66						1	NO	7	21	14	살수관련공사 | 냉동냉장실공사 | 살균설비공사 | 지하수개발공사 | 방식공사 | 아이스링크설비공사 | 기타특수공사	0		특수설비공사	1	특수설비공사	0		NONE	EMPTY	EMPTY	EMPTY	EMPTY	ENDS_WITH_공사|CONTAINS_설비	AMBIGUOUS	UNREVIEWED	PENDING	PENDING	EMPTY	EMPTY
248	13fecabc0812b260ffd07cbc0fffe2253e31b3188272d93a47f39dbeeb59ccde	CIC_W	67	W_ROOT	서비스설비공사	서비스설비공사	서비스설비공사	67						1	NO	8	20	12	주방기구설비공사 | 세탁장비설비공사 | 의료시험및시운전공사실가스공사 - - 대․중․소 분류대․중․소 분류 | 수영장및분수공사 | 목욕탕및사우나공사 | 진공청소공사 | 주차장관련공사 | 특수방진공사	0		서비스설비공사	1	서비스설비공사	0		NONE	EMPTY	EMPTY	EMPTY	EMPTY	ENDS_WITH_공사|CONTAINS_설비	AMBIGUOUS	UNREVIEWED	PENDING	PENDING	EMPTY	EMPTY
249	762f1fb8ee8375a528ecb09abe052a02652de5e9edea246fe666c9c0a9a2d601	CIC_W	71	W_ROOT	발전설비공사	발전설비공사	발전설비공사	71						1	NO	9	24	15	화력발전소공사 | 수력발전소공사 | 원자력발전소공사 | 풍력발전소공사 | 조력발전소공사 | 열병합발전소공사 | 태양열발전설비공사 | 발전설비관련공사 | 기타형식분류별발전설비공사	0		발전설비공사	1	발전설비공사	0		SAME_ROOT	66	LinerPlate설치공사	PROCESS	KEEP_AS_DISTINCT	ENDS_WITH_공사|CONTAINS_설비	AMBIGUOUS	UNREVIEWED	PENDING	PENDING	EMPTY	EMPTY
250	f6d06a62cd7a87d1aeb4aa748d2aadf456206e4da322f95fca3570301e00f714	CIC_W	72	W_ROOT	제조설비관련공사	제조설비관련공사	제조설비관련공사	72						1	NO	1	2	1	제철소공사	0		제조설비관련공사	1	제조설비관련공사	0		NONE	EMPTY	EMPTY	EMPTY	EMPTY	ENDS_WITH_공사|CONTAINS_설비	AMBIGUOUS	UNREVIEWED	PENDING	PENDING	EMPTY	EMPTY
251	34c9d83d2a7bb3f20d0a1b0b45c4feba353301a0f954392441a77bd07ccd3e6d	CIC_W	73	W_ROOT	폐기물처리및대기환경설비관련공사	폐기물처리및대기환경설비관련공사	폐기물처리및대기환경설비관련공사	73						1	NO	8	27	19	쓰레기소각설비공사 | 쓰레기관로이송및중계처리설비공사 | 폐기물처리설비공사 | 탈취설비공사 | 탈황설비공사 | 탈질설비공사 | 전기집진기설비공사 | 기타환경설비공사	0		폐기물처리및대기환경설비관련공사	1	폐기물처리및대기환경설비관련공사	0		SAME_ROOT	54	Absorber&AuxSystem공사	PROCESS	KEEP_AS_DISTINCT	ENDS_WITH_공사|CONTAINS_설비	AMBIGUOUS	UNREVIEWED	PENDING	PENDING	EMPTY	EMPTY
252	c1abdd5e02130019a25e49ab07b5c1813c5745a950e876e57d259f2eea1ebb99	CIC_W	74	W_ROOT	운송설비공사	운송설비공사	운송설비공사	74						1	NO	4	15	11	운반기계설비공사 | 엘리베이터공사 | 에스컬레이터및이동보행로설비공사 | 덤웨이터설비및기타운송설비공사	0		운송설비공사	1	운송설비공사	0		NONE	EMPTY	EMPTY	EMPTY	EMPTY	ENDS_WITH_공사|CONTAINS_설비	AMBIGUOUS	UNREVIEWED	PENDING	PENDING	EMPTY	EMPTY
253	28b18a71e7616eeb47097efa97a782c1bfcb38502457e8f4bf7fe08b5be33e40	CIC_W	76	W_ROOT	에너지저장및관련수송설비공사	에너지저장및관련수송설비공사	에너지저장및관련수송설비공사	76						1	NO	6	12	6	석유비축및수송공사 | LNG및원유저장공사 | 지역열공급공사 | 도시가스공급공사 | 연료처리공사 | 기타에너지원공사	0		에너지저장및관련수송설비공사	1	에너지저장및관련수송설비공사	0		CHILD	64	LNG및원유저장공사	PROCESS	KEEP_AS_DISTINCT	ENDS_WITH_공사|CONTAINS_설비	AMBIGUOUS	UNREVIEWED	PENDING	PENDING	EMPTY	EMPTY
254	53af066f3a797d4904997d780d2856e492245f7d79b17128fc62aa896f845472	CIC_W	81	W_ROOT	전기 자동제어 계장 신호 통신공통공사	전기 자동제어 계장 신호 통신공통공사	전기 자동제어 계장 신호 통신공통공사	81						1	NO	3	9	6	배관․전로공사 | 배선․가선공사 | 전기․통신공사관련기타공통공사	0		전기 자동제어 계장 신호 통신공통공사	1	전기 자동제어 계장 신호 통신공통공사	0		NONE	EMPTY	EMPTY	EMPTY	EMPTY	ENDS_WITH_공사	AMBIGUOUS	UNREVIEWED	PENDING	PENDING	EMPTY	EMPTY
255	beabb0cb7a799ec28dcfa7892aeb3703c5de28a59269dccece65cd98efbcd152	CIC_W	82	W_ROOT	송배전․발 수변전전기공사	송배전․발 수변전전기공사	송배전․발 수변전전기공사	82						1	NO	5	21	16	송전설비공사 | 배전설비공사 | 발전 수변전관련전기설비공사 | 전차선로공사 | 기타전기설비공사	0		송배전․발 수변전전기공사	1	송배전․발 수변전전기공사	0		SAME_ROOT	62	GIS공사	PROCESS	KEEP_AS_DISTINCT	ENDS_WITH_공사	AMBIGUOUS	UNREVIEWED	PENDING	PENDING	EMPTY	EMPTY
256	a4d83d0132a55ce6f42d404136ca2c10c43e92a37f1be8a2355417e8a0879cba	CIC_W	83	W_ROOT	전력부하설비공사	전력부하설비공사	전력부하설비공사	83						1	NO	4	16	12	배전설비공사 | 조명설비공사 | 동력설비공사 | 예비전원설비공사	0		전력부하설비공사	1	전력부하설비공사	0		NONE	EMPTY	EMPTY	EMPTY	EMPTY	ENDS_WITH_공사|CONTAINS_설비	AMBIGUOUS	UNREVIEWED	PENDING	PENDING	EMPTY	EMPTY
257	4d8b86b98fef2c0c27b9d3d58f82e190d3ce956b3d8cfcdd5f01c80cb11fe7d5	CIC_W	84	W_ROOT	정보 통신설비공사	정보 통신설비공사	정보 통신설비공사	84						1	NO	6	24	18	통신관련설비공사 | 각종표시및정보전달설비공사 | 방송수신설비공사 | 방송관련설비공사 | 각종통신설비공사 | 기타정보설비공사	0		정보 통신설비공사	1	정보 통신설비공사	0		SAME_ROOT	92	TV공청설비공사	PROCESS	KEEP_AS_DISTINCT	ENDS_WITH_공사|CONTAINS_설비	AMBIGUOUS	UNREVIEWED	PENDING	PENDING	EMPTY	EMPTY
258	a7a149d6f8244e030864f04150559efd8866e5596b1b57b5068270abf2f9ff28	CIC_W	85	W_ROOT	방재전기설비공사	방재전기설비공사	방재전기설비공사	85						1	NO	5	21	16	소방전기설비공사 | 보안전기설비공사 | 피뢰및접지설비공사 | 방범전기설비공사 | 항공장해등설비공사	0		방재전기설비공사	1	방재전기설비공사	0		NONE	EMPTY	EMPTY	EMPTY	EMPTY	ENDS_WITH_공사|CONTAINS_설비	AMBIGUOUS	UNREVIEWED	PENDING	PENDING	EMPTY	EMPTY
259	1b752e388f8f16b7b4098c157968ae399def37a2aa552f7ea130ee7ef018ae6a	CIC_W	86	W_ROOT	기타전기설비공사	기타전기설비공사	기타전기설비공사	86						1	NO	4	17	13	감시제어및계장설비공사 | 건축물전기설비공사 | 기타전기설비공사 | 안전관련전기설비공사	0		기타전기설비공사	4	송배전․발 수변전전기공사 > 기타전기설비공사 | 기타전기설비공사 | 기타전기설비공사 > 기타전기설비공사 | 기타전기설비공사 > 기타전기설비공사 > 기타전기설비공사	0		NONE	EMPTY	EMPTY	EMPTY	EMPTY	ENDS_WITH_공사|CONTAINS_설비	AMBIGUOUS	UNREVIEWED	PENDING	PENDING	EMPTY	EMPTY
260	5959665a38aa3d1615f6d3fa9b82c46d1cf8ac4989148b83857791acef91eb10	CIC_W	91	W_ROOT	기계 플랜트 산업설비 전기 통신시험 시운전공사	기계 플랜트 산업설비 전기 통신시험 시운전공사	기계 플랜트 산업설비 전기 통신시험 시운전공사	91						1	NO	4	15	11	기계 프랜트공통시험 시운전공사 | 기계설비시험 시운전공사 | 기계 플랜트 산업․전기설비시험 시운전공사 | 전기 통신시험 시운전공사	0		기계 플랜트 산업설비 전기 통신시험 시운전공사	1	기계 플랜트 산업설비 전기 통신시험 시운전공사	0		SAME_ROOT	89	T&C(TestandCommissioning)공사	PROCESS	KEEP_AS_DISTINCT	ENDS_WITH_공사|CONTAINS_설비	AMBIGUOUS	UNREVIEWED	PENDING	PENDING	EMPTY	EMPTY
261	e0a22dbb0cd5357ac80e563f11732d80d7ab61567cc92c6cd8fa09ad9e7c0da8	CIC_W	92	W_ROOT	기계 플랜트 산업․전기설비 통신시험 시설유지정비공사	기계 플랜트 산업․전기설비 통신시험 시설유지정비공사	기계 플랜트 산업․전기설비 통신시험 시설유지정비공사	92						1	NO	6	6	0	기계 플랜트 산업설비공통시설유지정비공사 | 산업설비공통시설유지정비공사 | 전기 통신설비공통시설유지정비공사 | 전기설비시설유지정비공사 | 기타전기설비시설유지정비공사 | 통신설비시설유지정비공사	0		기계 플랜트 산업․전기설비 통신시험 시설유지정비공사	1	기계 플랜트 산업․전기설비 통신시험 시설유지정비공사	0		NONE	EMPTY	EMPTY	EMPTY	EMPTY	ENDS_WITH_공사|CONTAINS_설비	AMBIGUOUS	UNREVIEWED	PENDING	PENDING	EMPTY	EMPTY
262	a5e3f1e50bae0dc0e1cd29c2867e144008fb8b6834eaac72a92488d157ed2ad7	CIC_W	011	W_MID	공사일반사항	공사일반사항및공사비 > 공사일반사항	공사일반사항및공사비	01	공사일반사항및공사비	01	공사일반사항및공사비			2	NO	9	9	9	공사개요 | 공사계획 | 서류및샘플제출 | 검측 기성 | 품질관리 | 공사회의 | 공사관리 | 시운전 | 준공및하자보수	1	공사비	공사일반사항및공사비 > 공사일반사항	1	공사일반사항및공사비 > 공사일반사항	0		NONE	EMPTY	EMPTY	EMPTY	EMPTY	NONE	AMBIGUOUS	UNREVIEWED	PENDING	PENDING	EMPTY	EMPTY
263	48e315bc2c984bab456a7510e9e8f8eceef30cd2b82bddbb885355875edb214a	CIC_W	015	W_MID	공사비	공사일반사항및공사비 > 공사비	공사일반사항및공사비	01	공사일반사항및공사비	01	공사일반사항및공사비			2	NO	9	9	9	직접공사비 | 공통공사비 | 간접인건비 | 경비 | 일반관리비 | 이윤 | 공사손해보험료 | 부가가치세 | 공사금액총계	1	공사일반사항	공사일반사항및공사비 > 공사비	1	공사일반사항및공사비 > 공사비	0		NONE	EMPTY	EMPTY	EMPTY	EMPTY	NONE	AMBIGUOUS	UNREVIEWED	PENDING	PENDING	EMPTY	EMPTY
264	9665c36c4a72ef05ab8e8e0f0a76f3c7f6c7a785a663d508aefbc307b59a16a6	CIC_W	022	W_MID	발주자용가설건물 시설	가설건물 시설물(간접가설공사) > 발주자용가설건물 시설	가설건물 시설물(간접가설공사)	02	가설건물 시설물(간접가설공사)	02	가설건물 시설물(간접가설공사)			2	NO	9	9	9	발주자가설현장사무실 | 발주자가설창고 | 발주자가설작업실 | 발주자가설실험실 | 발주자가설화약고 | 발주자가설숙소 | 발주자가설화장실 샤워실 | 발주자가설식당 | 기타발주자용가설건물 시설	7	가설부지 | 도급자용가설건물 | 가설편의시설및부대시설 | 업무용운송시설 | 가설울타리및현장출입문 | 가설안내시설및표지판 | 가설설비	가설건물 시설물(간접가설공사) > 발주자용가설건물 시설	1	가설건물 시설물(간접가설공사) > 발주자용가설건물 시설	0		NONE	EMPTY	EMPTY	EMPTY	EMPTY	NONE	AMBIGUOUS	UNREVIEWED	PENDING	PENDING	EMPTY	EMPTY
265	526cb30286447d65507429367245fc350de5b50e5d3d7bf450b013c519c36ad0	CIC_W	114	W_MID	노선측량	측량 > 노선측량	측량	11	측량	11	측량			2	NO	9	9	9	도로 | 철도및지하철 | 시가지도로 | 수로 | 전기 | 상수도 | 하수도 | 통신 | 가스및송유관	6	기본측량 | 지형측량 | 하해측량 | 지적측량 | 시공측량 | 기타응용측량	측량 > 노선측량	1	측량 > 노선측량	0		NONE	EMPTY	EMPTY	EMPTY	EMPTY	NONE	AMBIGUOUS	UNREVIEWED	PENDING	PENDING	EMPTY	EMPTY
266	6f0a20fbd7d6be83a079154d6f79857b3f06d9fc05fd40290f7fe81a41a034d5	CIC_W	271	W_MID	강구조물자재	강구조물공사 > 강구조물자재	강구조물공사	27	강구조물공사	27	강구조물공사			2	NO	9	9	9	철강재 | 데크 | 경량철재 | 주물재 | 가공재 | 스테인레스스틸재 | 알루미늄재 | 접합및고정재 | 기타금속재	8	철골가공 제작 | 철골조립및설치 | 금속바닥판및부속설비설치 | 현수 사장구조 | 프레임구조시스템 | 탱크 | 철골내화피복및도장 | 기타강구조물공사	강구조물공사 > 강구조물자재	1	강구조물공사 > 강구조물자재	0		CHILD	97	가공재	MATERIAL_COMPONENT	REJECT	NONE	AMBIGUOUS	UNREVIEWED	PENDING	PENDING	EMPTY	EMPTY
267	3591bc7a2165c398aabb67d275880f5db897c0ccf10a657feca79912908b4802	CIC_W	333	W_MID	궤도부설	궤도및철로공사 > 궤도부설	궤도및철로공사	33	궤도및철로공사	33	궤도및철로공사			2	NO	9	9	9	궤도자재준비 | 침목깔기 | 궤도부설및레일체결 | 분기부궤도부설 | 궤도현장용접 | 레일신축이음장치설치 | 웨인뎃트포인트붙이기 | 궤도교정및시험 | 기타궤도부설	5	도상설치공사 | 분기기설치 | 건널목공사 | 철도부속설비 | 철로보선작업	궤도및철로공사 > 궤도부설	1	궤도및철로공사 > 궤도부설	0		NONE	EMPTY	EMPTY	EMPTY	EMPTY	NONE	AMBIGUOUS	UNREVIEWED	PENDING	PENDING	EMPTY	EMPTY
268	0ce7afb0fcdaff64f3a3814edb12a8f393879e98eb357354e8025c9fbf51d1b4	CIC_W	361	W_MID	준설	하천및항만공사 > 준설	하천및항만공사	36	하천및항만공사	36	하천및항만공사			2	NO	9	9	9	연질토사(N= | 중질토사(N= | 경질토사(N= | 최경질토사(N= | 자갈석인연질토사(N= | 자갈석인경질토(N= | 연암준설 | 경암준설 | 오니(오염토 오염퇴적물)준설	5	사석공사 | 호안용콘크리트구조물제작및거치 | 호안공사 | 항만부속설비공사 | 하천 항만부속공사	하천및항만공사 > 준설	1	하천및항만공사 > 준설	0		NONE	EMPTY	EMPTY	EMPTY	EMPTY	NONE	AMBIGUOUS	UNREVIEWED	PENDING	PENDING	EMPTY	EMPTY
269	65d90aeb853fd211c2550ca5190c2765b886e6cfab6fae9880890437b62c62ac	CIC_W	364	W_MID	호안공사	하천및항만공사 > 호안공사	하천및항만공사	36	하천및항만공사	36	하천및항만공사			2	NO	9	9	9	밑고정공사 | 비탈막이 | 비탈기초 | 비탈복공 | 호안정지석 | 하천바닥정지공사 | 방사돌제공사 | 시버스 | 기타호안공사	5	준설 | 사석공사 | 호안용콘크리트구조물제작및거치 | 항만부속설비공사 | 하천 항만부속공사	하천및항만공사 > 호안공사	1	하천및항만공사 > 호안공사	0		NONE	EMPTY	EMPTY	EMPTY	EMPTY	ENDS_WITH_공사	AMBIGUOUS	UNREVIEWED	PENDING	PENDING	EMPTY	EMPTY
270	8ef105f9dcb3cb4e4a6be8be4c6fb1731465dd760d217938c04806d0bd463d95	CIC_W	432	W_MID	기와잇기	지붕및홈통공사 > 기와잇기	지붕및홈통공사	43	지붕및홈통공사	43	지붕및홈통공사			2	NO	9	9	9	시멘트기와잇기 | 점토질기와잇기 | 자기질기와잇기 | 슬레이트기와잇기 | 아스팔트슁글잇기 | 금속기와잇기 | 목재기와잇기 | 플라스틱기와잇기 | 부속기와	6	자연형지붕잇기 | 슬레이트잇기 | 금속잇기 | 시트지붕 | 지붕판넬 | 홈통공사및지붕부속공사	지붕및홈통공사 > 기와잇기	1	지붕및홈통공사 > 기와잇기	0		NONE	EMPTY	EMPTY	EMPTY	EMPTY	NONE	AMBIGUOUS	UNREVIEWED	PENDING	PENDING	EMPTY	EMPTY
271	54c6ec744924bce174995d216f7d2ab3128a19500b145836b6cf081e6a893083	CIC_W	531	W_MID	바닥타일붙이기	타일공사 > 바닥타일붙이기	타일공사	53	타일공사	53	타일공사			2	NO	9	9	9	시멘트계타일바닥붙이기 | 점토질타일바닥붙이기 | 자기질타일바닥붙이기 | 도기질타일바닥붙이기 | 합성수지타일바닥붙이기 | 유리질타일바닥붙이기 | 금속타일바닥붙이기 | 석재타일바닥붙이기 | 특수타일바닥붙이기	5	내벽타일붙이기 | 외벽타일붙이기 | 구조물밑면타일붙이기 | 계단타일붙이기 | 이형타일붙이기	타일공사 > 바닥타일붙이기	1	타일공사 > 바닥타일붙이기	0		NONE	EMPTY	EMPTY	EMPTY	EMPTY	NONE	AMBIGUOUS	UNREVIEWED	PENDING	PENDING	EMPTY	EMPTY
272	5bf05d2491bfec37c72b6bfc8d61ff9d1366976fd6eee3a32f15b96c64a7342a	CIC_W	532	W_MID	내벽타일붙이기	타일공사 > 내벽타일붙이기	타일공사	53	타일공사	53	타일공사			2	NO	9	9	9	시멘트계타일내벽붙이기 | 점토질타일내벽붙이기 | 자기질타일내벽붙이기 | 도기질타일내벽붙이기 | 합성수지타일내벽붙이기 | 유리질타일내벽붙이기 | 금속타일내벽붙이기 | 석재타일내벽붙이기 | 특수타일내벽붙이기	5	바닥타일붙이기 | 외벽타일붙이기 | 구조물밑면타일붙이기 | 계단타일붙이기 | 이형타일붙이기	타일공사 > 내벽타일붙이기	1	타일공사 > 내벽타일붙이기	0		NONE	EMPTY	EMPTY	EMPTY	EMPTY	NONE	AMBIGUOUS	UNREVIEWED	PENDING	PENDING	EMPTY	EMPTY
273	536d85657493fc1366bbc6a32a9f0aba65f9bffe19673e46e9465924fde41941	CIC_W	533	W_MID	외벽타일붙이기	타일공사 > 외벽타일붙이기	타일공사	53	타일공사	53	타일공사			2	NO	9	9	9	시멘트계타일외벽붙이기 | 점토질타일외벽붙이기 | 자기질타일외벽붙이기 | 도기질타일외벽붙이기 | 합성수지타일외벽붙이기 | 유리질타일외벽붙이기 | 금속타일외벽붙이기 | 석재타일외벽붙이기 | 특수타일외벽붙이기	5	바닥타일붙이기 | 내벽타일붙이기 | 구조물밑면타일붙이기 | 계단타일붙이기 | 이형타일붙이기	타일공사 > 외벽타일붙이기	1	타일공사 > 외벽타일붙이기	0		NONE	EMPTY	EMPTY	EMPTY	EMPTY	NONE	AMBIGUOUS	UNREVIEWED	PENDING	PENDING	EMPTY	EMPTY
274	c521d7e2531510e18a6c8c47655352aec264594f047c5b2d0b23fd87bc15c90d	CIC_W	534	W_MID	구조물밑면타일붙이기	타일공사 > 구조물밑면타일붙이기	타일공사	53	타일공사	53	타일공사			2	NO	9	9	9	시멘트계타일밑면붙이기 | 점토질타일밑면붙이기 | 자기질타일밑면붙이기 | 도기질타일밑면붙이기 | 합성수지타일밑면붙이기 | 유리질타일밑면붙이기 | 금속타일밑면붙이기 | 석재타일밑면붙이기 | 특수타일밑면붙이기	5	바닥타일붙이기 | 내벽타일붙이기 | 외벽타일붙이기 | 계단타일붙이기 | 이형타일붙이기	타일공사 > 구조물밑면타일붙이기	1	타일공사 > 구조물밑면타일붙이기	0		NONE	EMPTY	EMPTY	EMPTY	EMPTY	NONE	AMBIGUOUS	UNREVIEWED	PENDING	PENDING	EMPTY	EMPTY
275	cadbf2c7149bc07b27e9c1cb45256ddfb31db4b762dedf11204e519dbab46691	CIC_W	552	W_MID	방청성페인트	도장공사 > 방청성페인트	도장공사	55	도장공사	55	도장공사			2	NO	9	9	9	광명단 | 산화철방청페인트 - - 대․중․소 분류대․중․소 분류 | 징크로메이트방청페인트 | 연시안아미드방청페인트 | 알루미늄페인트 | 그라파이트페인트 | 역청질페인트 | 이온교환수지페인트 | 기타방청성페인트	8	바탕처리 | 유성페인트 | 바니쉬 에나멜페인트 | 락카 | 수성페인트 | 합성수지페인트 | 특수페인트 | 기타도장공사	도장공사 > 방청성페인트	1	도장공사 > 방청성페인트	0		NONE	EMPTY	EMPTY	EMPTY	EMPTY	NONE	AMBIGUOUS	UNREVIEWED	PENDING	PENDING	EMPTY	EMPTY
276	dd37d9dbe16940f0d8d1f23e431c2f499d34a748de4491417b8f6dcab77af774	CIC_W	557	W_MID	합성수지페인트	도장공사 > 합성수지페인트	도장공사	55	도장공사	55	도장공사			2	NO	9	9	9	멜라민계수지페인트 | 프탈산계수지페인트 | 비닐계수지페인트 | 아크릴계수지페인트 | 불포화에스테르계수지페인트 | 에폭시계수지페인트 | 폴리에스테르계수지페인트 | 폴리우레탄계수지페인트 | 기타합성수지페인트	8	바탕처리 | 방청성페인트 | 유성페인트 | 바니쉬 에나멜페인트 | 락카 | 수성페인트 | 특수페인트 | 기타도장공사	도장공사 > 합성수지페인트	1	도장공사 > 합성수지페인트	0		NONE	EMPTY	EMPTY	EMPTY	EMPTY	NONE	AMBIGUOUS	UNREVIEWED	PENDING	PENDING	EMPTY	EMPTY
277	38233ebf4da6c93447c4b3e6932217d6c44e51795afdede8f5ac099409145fb3	CIC_W	558	W_MID	특수페인트	도장공사 > 특수페인트	도장공사	55	도장공사	55	도장공사			2	NO	9	9	9	본타일 | 드라이빗드 | 소부페인트 | 내화학페인트 | 내화페인트 | 내산페인트 | 낙서방지용페인트 | 형광페인트 | 기타특수페인트	8	바탕처리 | 방청성페인트 | 유성페인트 | 바니쉬 에나멜페인트 | 락카 | 수성페인트 | 합성수지페인트 | 기타도장공사	도장공사 > 특수페인트	1	도장공사 > 특수페인트	0		NONE	EMPTY	EMPTY	EMPTY	EMPTY	NONE	AMBIGUOUS	UNREVIEWED	PENDING	PENDING	EMPTY	EMPTY
278	26dc466aa49c299d893336855e3e0d5a9fbc8902828f10784c43a46097d34f61	CIC_W	596	W_MID	조경시설물설치	조경공사 > 조경시설물설치	조경공사	59	조경공사	59	조경공사			2	NO	9	9	9	수경시설물설치 | 유희시설물설치 | 안내시설물설치 | 휴게시설물설치 | 편의시설물설치 | 관리시설물설치 | 체력단련시설물설치 | 경계시설물설치 | 환경조형시설물설치	7	토양준비및흙쌓기 | 이식및식재공사 | 잔디공사 | 녹화및보호공사 | 파종및살포 | 조경유지관리 | 기타조경공사	조경공사 > 조경시설물설치	1	조경공사 > 조경시설물설치	0		NONE	EMPTY	EMPTY	EMPTY	EMPTY	NONE	AMBIGUOUS	UNREVIEWED	PENDING	PENDING	EMPTY	EMPTY
279	23c63a63f535450f7908be84cf5cf45625bcc66c7be1a67d9888281f809efdd9	CIC_W	615	W_MID	설비․시설잡공사	기계 플랜트시설공통공사 > 설비․시설잡공사	기계 플랜트시설공통공사	61	기계 플랜트시설공통공사	61	기계 플랜트시설공통공사			2	NO	9	9	9	천공공사 | 지지금구류공사 | 밸브박스 슬리브 조립식PD공사 | 각종잡철물공사및용접공사 | 강재제작설치 조립공사 | 관갱생공사 | 도장및방청공사 | 터파기및되메우기공사 | 기타설비․시설관련공사	4	배관및관련부속공사 | 보온공사 | 자동제어공사 | 펌프․공기설비공사	기계 플랜트시설공통공사 > 설비․시설잡공사	1	기계 플랜트시설공통공사 > 설비․시설잡공사	0		NONE	EMPTY	EMPTY	EMPTY	EMPTY	ENDS_WITH_공사|CONTAINS_설비	AMBIGUOUS	UNREVIEWED	PENDING	PENDING	EMPTY	EMPTY
280	953e851d81455017e506267d2cf06cfd6a3e0eb69ba427cc778666155e9f7c45	CIC_W	851	W_MID	소방전기설비공사	방재전기설비공사 > 소방전기설비공사	방재전기설비공사	85	방재전기설비공사	85	방재전기설비공사			2	NO	9	9	9	자동화재탐지설비공사 | 자동화재속보설비공사 | 자동화재경보기설비공사 | 누전경보기설비공사 | 비상경보설비및비상방송설비공사 | 유도등및유도표지설비공사 | 무선통신보조설비공사 | 소방전기설비개별기기설치공사 | 기타소방전기설비및보조설비설치공사	4	보안전기설비공사 | 피뢰및접지설비공사 | 방범전기설비공사 | 항공장해등설비공사	방재전기설비공사 > 소방전기설비공사	1	방재전기설비공사 > 소방전기설비공사	0		NONE	EMPTY	EMPTY	EMPTY	EMPTY	ENDS_WITH_공사|CONTAINS_설비	AMBIGUOUS	UNREVIEWED	PENDING	PENDING	EMPTY	EMPTY
281	0055415d603e0778429b0b22a25f399ce12ddd8833c8dea4eaab6c5435c49af6	CIC_W	028	W_MID	가설설비	가설건물 시설물(간접가설공사) > 가설설비	가설건물 시설물(간접가설공사)	02	가설건물 시설물(간접가설공사)	02	가설건물 시설물(간접가설공사)			2	NO	8	8	8	가설전기 조명설비 | 가설냉 난방설비 | 가설소방설비 | 가설통신설비 | 가설급수설비 | 가설배수설비 | 가설환기설비 | 가설구급설비	7	가설부지 | 발주자용가설건물 시설 | 도급자용가설건물 | 가설편의시설및부대시설 | 업무용운송시설 | 가설울타리및현장출입문 | 가설안내시설및표지판	가설건물 시설물(간접가설공사) > 가설설비	1	가설건물 시설물(간접가설공사) > 가설설비	0		NONE	EMPTY	EMPTY	EMPTY	EMPTY	CONTAINS_설비	AMBIGUOUS	UNREVIEWED	PENDING	PENDING	EMPTY	EMPTY
282	3cac521404474de20ffd62f1ea54f5a44328bb253c1851e1475197157087ba9a	CIC_W	085	W_MID	건축관리시험(토공 기초 구조체)	건축품질시험 > 건축관리시험(토공 기초 구조체)	건축품질시험	08	건축품질시험	08	건축품질시험			2	NO	8	8	8	토공 | 말뚝기초 | 시멘트및혼화제 | 콘크리트및골재 | 콘크리트보강재 | 철골구조 | 조적구조 | 목구조	5	건축선정시험(토공 기초 구조체) | 건축관리시험(단열 방수 지붕) | 건축관리시험(마감) | 건축기계 전기시험 | 건축공사검사시험	건축품질시험 > 건축관리시험(토공 기초 구조체)	1	건축품질시험 > 건축관리시험(토공 기초 구조체)	0		NONE	EMPTY	EMPTY	EMPTY	EMPTY	NONE	AMBIGUOUS	UNREVIEWED	PENDING	PENDING	EMPTY	EMPTY
283	26d606c0880898aed18d5cfd8e9021c02422fa73ea0dbaa5ed9db3dbc31f2484	CIC_W	111	W_MID	기본측량	측량 > 기본측량	측량	11	측량	11	측량			2	NO	8	8	8	거리측정 | 각측정 | 기준점측량 | 삼각측량 | 다각측량 | 수준측량 | 사진측량 | 수심측량	6	지형측량 | 하해측량 | 노선측량 | 지적측량 | 시공측량 | 기타응용측량	측량 > 기본측량	1	측량 > 기본측량	0		NONE	EMPTY	EMPTY	EMPTY	EMPTY	NONE	AMBIGUOUS	UNREVIEWED	PENDING	PENDING	EMPTY	EMPTY
284	9ef82c7da6b51e0baf48e29e4a1ae68d9667fa70a2517946480a57266710b644	CIC_W	116	W_MID	시공측량	측량 > 시공측량	측량	11	측량	11	측량			2	NO	8	8	8	벤치마킹설치 | 중심선측량 | 종단측량 | 횡단측량 | 면체적측량 | 공사측량 | 표줄 | 규준틀	6	기본측량 | 지형측량 | 하해측량 | 노선측량 | 지적측량 | 기타응용측량	측량 > 시공측량	1	측량 > 시공측량	0		NONE	EMPTY	EMPTY	EMPTY	EMPTY	NONE	AMBIGUOUS	UNREVIEWED	PENDING	PENDING	EMPTY	EMPTY
285	a9df50a5f58a58d10a02e7c4265fe57908650a5d1d8e90e78db50ae55309bb4f	CIC_W	121	W_MID	토공사계측	계측 > 토공사계측	계측	12	계측	12	계측			2	NO	8	8	8	지중수평변위측정 | 지중수직변위계 | 지하수측정 | 인접구조물경사도및균열측정 | 토압측정(PressureCell) | 응력측정(StrainGauge) | 하중측정(LoadCell) | 진동소음측정	8	구조체계측 | 터널공사계측 | 교량공사계측 | 댐 제방계측 | 단열 방음및방수공사계측 | 전기설비계측 | 기계설비계측 | 기타공사계측	계측 > 토공사계측	1	계측 > 토공사계측	0		SAME_ROOT	83	RockBolt축력및인발측정	AMBIGUOUS	HOLD	NONE	AMBIGUOUS	UNREVIEWED	PENDING	PENDING	EMPTY	EMPTY
286	654668f26bdc889efbd6753a2769c0432a2ab5af27930a4af55287c6f661e122	CIC_W	315	W_MID	토목배관부속설비	토목배관공사및배수공사 > 토목배관부속설비	토목배관공사및배수공사	31	토목배관공사및배수공사	31	토목배관공사및배수공사			2	NO	8	8	8	맨홀 | 변실 | 측구 | 맹암거 | 표면배수시설 | 수격방지시설 | 여과설비설치 | 토목배관표식	4	토목배관부설 | 토목배관부대공사 | 상수도관갱생 | 하수도관갱생	토목배관공사및배수공사 > 토목배관부속설비	1	토목배관공사및배수공사 > 토목배관부속설비	0		NONE	EMPTY	EMPTY	EMPTY	EMPTY	CONTAINS_설비	AMBIGUOUS	UNREVIEWED	PENDING	PENDING	EMPTY	EMPTY
287	089ef8961de7f5991c55ab089ae6d5bb662c7676c6eda73bb4b816eb7fad9d7a	CIC_W	321	W_MID	아스콘포장	포장및도로공사 > 아스콘포장	포장및도로공사	32	포장및도로공사	32	포장및도로공사			2	NO	8	8	8	차단층 | 보조기층 | 기층아스콘 | 중간층 | 표층아스콘 | 교량상판포장 | 미끄럼방지포장 | 특수포장	7	콘크리트포장 | 경하중포장 | 도로배수시설공사 | 암거구조물 | 도로안전시설공사 | 도로표식시설공사 | 포장면및도로보수	포장및도로공사 > 아스콘포장	1	포장및도로공사 > 아스콘포장	0		NONE	EMPTY	EMPTY	EMPTY	EMPTY	NONE	AMBIGUOUS	UNREVIEWED	PENDING	PENDING	EMPTY	EMPTY
288	25589652f4425542397a118d9e0832fcccf7456cdaaaa3fad3a0ab4f1b5ac996	CIC_W	362	W_MID	사석공사	하천및항만공사 > 사석공사	하천및항만공사	36	하천및항만공사	36	하천및항만공사			2	NO	8	8	8	기초사석 | 근고석 | 속채움사석 | 필터사석 | 피복석 | 뒷채움사석 | 슬래그 | 고르기	5	준설 | 호안용콘크리트구조물제작및거치 | 호안공사 | 항만부속설비공사 | 하천 항만부속공사	하천및항만공사 > 사석공사	1	하천및항만공사 > 사석공사	0		NONE	EMPTY	EMPTY	EMPTY	EMPTY	ENDS_WITH_공사	AMBIGUOUS	UNREVIEWED	PENDING	PENDING	EMPTY	EMPTY
289	45f5473496768d726852f06ebd196577a5e432ce27311724c6c8405d6dfa33e4	CIC_W	592	W_MID	이식및식재공사	조경공사 > 이식및식재공사	조경공사	59	조경공사	59	조경공사			2	NO	8	8	8	교목이식공사 | 관목이식공사 | 교목식재공사 | 관목식재공사 | 지피류및초화류식재 | 묘목식재 | 지피류및초화류식재 | 식재보호공사	7	토양준비및흙쌓기 | 잔디공사 | 녹화및보호공사 | 파종및살포 | 조경시설물설치 | 조경유지관리 | 기타조경공사	조경공사 > 이식및식재공사	1	조경공사 > 이식및식재공사	0		NONE	EMPTY	EMPTY	EMPTY	EMPTY	ENDS_WITH_공사	AMBIGUOUS	UNREVIEWED	PENDING	PENDING	EMPTY	EMPTY
290	c10f96ee20d00464f3b4ea1b074ba9620c8066201bc391b134cbded068696ea4	CIC_W	623	W_MID	공기조화기기설비공사	열원기기설비및공기조화설비공사 > 공기조화기기설비공사	열원기기설비및공기조화설비공사	62	열원기기설비및공기조화설비공사	62	열원기기설비및공기조화설비공사			2	NO	8	8	8	공조기및팬공사 | 온수분배기 방열기설치공사 | 컨벡터설치공사 | 적외선히터설치공사 | 전열교환기설치공사 | 휀코일유닛설치공사 | 팩키지유닛설치공사 | 기타공조기기설비설치공사	5	보일러부․부속공사 | 냉동기․냉각탑공사 | 덕트공사 | 열교환기 탱크 헤더설치공사 | 냉온수기설치공사	열원기기설비및공기조화설비공사 > 공기조화기기설비공사	1	열원기기설비및공기조화설비공사 > 공기조화기기설비공사	0		NONE	EMPTY	EMPTY	EMPTY	EMPTY	ENDS_WITH_공사|CONTAINS_설비	AMBIGUOUS	UNREVIEWED	PENDING	PENDING	EMPTY	EMPTY
291	9edb679b680f91dc4b59028ed1a3fc36cabfcd4064e1de1c0955a8be0c4cc257	CIC_W	861	W_MID	감시제어및계장설비공사	기타전기설비공사 > 감시제어및계장설비공사	기타전기설비공사	86	기타전기설비공사	86	기타전기설비공사			2	NO	8	8	8	제어설비공사 | 조명제어설비공사 | 전력제어설비공사 | 승강기제어설비공사 | 화재감시제어설비공사 | 중앙감시제어설비공사 | 건축물통합감시설비공사 | 기타제어설비공사	3	건축물전기설비공사 | 기타전기설비공사 | 안전관련전기설비공사	기타전기설비공사 > 감시제어및계장설비공사	1	기타전기설비공사 > 감시제어및계장설비공사	0		NONE	EMPTY	EMPTY	EMPTY	EMPTY	ENDS_WITH_공사|CONTAINS_설비	AMBIGUOUS	UNREVIEWED	PENDING	PENDING	EMPTY	EMPTY
292	babfac9ce8f9462c59e0fbdca711525e5a5ce6779eab1511d2d80da2c12ae4b1	CIC_W	023	W_MID	도급자용가설건물	가설건물 시설물(간접가설공사) > 도급자용가설건물	가설건물 시설물(간접가설공사)	02	가설건물 시설물(간접가설공사)	02	가설건물 시설물(간접가설공사)			2	NO	7	7	7	도급자가설현장사무실 | 도급자가설창고 | 도급자가설작업실 | 도급자가설실험실 | 도급자가설화약고 | 도급자가설숙소 | 도급자가설화장실 샤워실	7	가설부지 | 발주자용가설건물 시설 | 가설편의시설및부대시설 | 업무용운송시설 | 가설울타리및현장출입문 | 가설안내시설및표지판 | 가설설비	가설건물 시설물(간접가설공사) > 도급자용가설건물	1	가설건물 시설물(간접가설공사) > 도급자용가설건물	0		NONE	EMPTY	EMPTY	EMPTY	EMPTY	NONE	AMBIGUOUS	UNREVIEWED	PENDING	PENDING	EMPTY	EMPTY
293	7b4427caf263423a5af364d0799a2a4b45ae1faa3f6bdadfaa57703de5777aeb	CIC_W	125	W_MID	댐 제방계측	계측 > 댐 제방계측	계측	12	계측	12	계측			2	NO	7	7	7	댐체변위측정계 | 콘크리트및이음변형측정계 | 침하측정점 | 지진계 | 누수량측정장치 | 수위측정기 | 댐계측관련설비	8	토공사계측 | 구조체계측 | 터널공사계측 | 교량공사계측 | 단열 방음및방수공사계측 | 전기설비계측 | 기계설비계측 | 기타공사계측	계측 > 댐 제방계측	1	계측 > 댐 제방계측	0		SAME_ROOT	83	RockBolt축력및인발측정	AMBIGUOUS	HOLD	NONE	AMBIGUOUS	UNREVIEWED	PENDING	PENDING	EMPTY	EMPTY
294	88efd6f1c8e2663a99eb07662cd6cf1d68577d3a65fa6f49936b15a0fff69b94	CIC_W	184	W_MID	지하지장물철거 해체	철거해체공사및시설물보호 > 지하지장물철거 해체	철거해체공사및시설물보호	18	철거해체공사및시설물보호	18	철거해체공사및시설물보호			2	NO	7	7	7	콘크리트관제거 | 주철관제거 | 강관제거 | PVC관제거 | 통신케이블제거 | 전선관로제거 | 기타지하지장물제거	8	지상지장물철거 해체 | 지상구조물철거 해체 | 해상구조물철거 해체 | 지하구조물제거 - - 대․중․소 분류대․중․소 분류 | 기계설비철거 해체 | 전기 통신설비철거 해체 | 지장물보호 | 기타철거 해체공사및시설물보호	철거해체공사및시설물보호 > 지하지장물철거 해체	1	철거해체공사및시설물보호 > 지하지장물철거 해체	0		CHILD	80	PVC관제거	AMBIGUOUS	HOLD	NONE	AMBIGUOUS	UNREVIEWED	PENDING	PENDING	EMPTY	EMPTY
295	14a8d996416e0a46208aa03eb0e0fb6bbda385074ba8671f2071452a6f019674	CIC_W	186	W_MID	기계설비철거 해체	철거해체공사및시설물보호 > 기계설비철거 해체	철거해체공사및시설물보호	18	철거해체공사및시설물보호	18	철거해체공사및시설물보호			2	NO	7	7	7	배관철거 해체 | 덕트철거 해체 | 장비철거 해체 | 잡철물철거 해체 | 보온재철거 해체 | 위생도기철거 해체 | 기타설비철거 해체	8	지상지장물철거 해체 | 지상구조물철거 해체 | 해상구조물철거 해체 | 지하지장물철거 해체 | 지하구조물제거 - - 대․중․소 분류대․중․소 분류 | 전기 통신설비철거 해체 | 지장물보호 | 기타철거 해체공사및시설물보호	철거해체공사및시설물보호 > 기계설비철거 해체	1	철거해체공사및시설물보호 > 기계설비철거 해체	0		SAME_ROOT	80	PVC관제거	AMBIGUOUS	HOLD	CONTAINS_설비	AMBIGUOUS	UNREVIEWED	PENDING	PENDING	EMPTY	EMPTY
296	d3a5b62fc9f921c44872831f5a6db30dda4fdad4229eaab7b8aa114b76c3d9b9	CIC_W	187	W_MID	전기 통신설비철거 해체	철거해체공사및시설물보호 > 전기 통신설비철거 해체	철거해체공사및시설물보호	18	철거해체공사및시설물보호	18	철거해체공사및시설물보호			2	NO	7	7	7	배관철거 해체 | 관로철거 해체 | 장비철거 해체 | 잡철물철거 해체 | 옥내설비철거 해체 | 옥외설비철거 해체 | 기타설비철거 해체	8	지상지장물철거 해체 | 지상구조물철거 해체 | 해상구조물철거 해체 | 지하지장물철거 해체 | 지하구조물제거 - - 대․중․소 분류대․중․소 분류 | 기계설비철거 해체 | 지장물보호 | 기타철거 해체공사및시설물보호	철거해체공사및시설물보호 > 전기 통신설비철거 해체	1	철거해체공사및시설물보호 > 전기 통신설비철거 해체	0		SAME_ROOT	80	PVC관제거	AMBIGUOUS	HOLD	CONTAINS_설비	AMBIGUOUS	UNREVIEWED	PENDING	PENDING	EMPTY	EMPTY
297	05eb3e36c8f5fdcce15db96bd2efa226b94e3667b56e30da9de3c1df8c4d3979	CIC_W	254	W_MID	거푸집공사	철근콘크리트공사 > 거푸집공사	철근콘크리트공사	25	철근콘크리트공사	25	철근콘크리트공사			2	NO	7	7	7	거친마감거푸집 | 보통마감거푸집 | 매끈한마감거푸집 | 특정마감거푸집 | 특수거푸집공사 | 시스템거푸집 | 거푸집부속공사	5	콘크리트자재 | 콘크리트생산및구입 | 콘크리트타설 | 콘크리트보강공사 | 콘크리트부속공사	철근콘크리트공사 > 거푸집공사	1	철근콘크리트공사 > 거푸집공사	0		NONE	EMPTY	EMPTY	EMPTY	EMPTY	ENDS_WITH_공사	AMBIGUOUS	UNREVIEWED	PENDING	PENDING	EMPTY	EMPTY
298	693e3ce3b0d9c873382dcaa5f43db9da486f06e528222facc36d568297b97a2e	CIC_W	314	W_MID	토목배관부대공사	토목배관공사및배수공사 > 토목배관부대공사	토목배관공사및배수공사	31	토목배관공사및배수공사	31	토목배관공사및배수공사			2	NO	7	7	7	배관보온 보호공사 | 구조물배관접합 | 관부사 | 검사관설치 | 스핀들 | 경사판설치 | 기타토목배관부대공사	4	토목배관부설 | 토목배관부속설비 | 상수도관갱생 | 하수도관갱생	토목배관공사및배수공사 > 토목배관부대공사	1	토목배관공사및배수공사 > 토목배관부대공사	0		NONE	EMPTY	EMPTY	EMPTY	EMPTY	ENDS_WITH_공사	AMBIGUOUS	UNREVIEWED	PENDING	PENDING	EMPTY	EMPTY
299	a53cc7b397ecf784f7fce5f30f6f50e52dae2e827bab41c38478ecf6a51ca596	CIC_W	411	W_MID	벽돌조적공사	조적공사 > 벽돌조적공사	조적공사	41	조적공사	41	조적공사			2	NO	7	7	7	시멘트벽돌 | 점토질벽돌 | 경량벽돌 | 고압벽돌 | 내화벽돌 | 내부식성벽돌 | 특수벽돌	6	블록조적공사 | ALC공사 | 유리블록 | 가공석재조적 | 조적용조립판넬 | 조적부속공사	조적공사 > 벽돌조적공사	1	조적공사 > 벽돌조적공사	0		SIBLING	51	ALC공사	PROCESS	KEEP_AS_DISTINCT	ENDS_WITH_공사	AMBIGUOUS	UNREVIEWED	PENDING	PENDING	EMPTY	EMPTY
300	621883216658ee8b51a882458b863caac6f0ef0a3aa90a6ae210d979ceff9c6d	CIC_W	425	W_MID	마감목공사	목공사 > 마감목공사	목공사	42	목공사	42	목공사			2	NO	7	7	7	목조바닥깔기 | 목조칸막이틀 | 벽체띠장설치 | 벽체목재마감 | 목조반자틀 | 목재천정마감 | 목조지붕널덮기	5	가구식구조목공사 | 통나무구조목공사 | 가공목재조립식구조목공사 | 목조부속목공사 | 목재처리	목공사 > 마감목공사	1	목공사 > 마감목공사	0		SIBLING	94	가공목재조립식구조목공사	PROCESS	KEEP_AS_DISTINCT	ENDS_WITH_공사	AMBIGUOUS	UNREVIEWED	PENDING	PENDING	EMPTY	EMPTY
301	e683e7b2b273471998aeddcc327d4baecc37bb99b92f16d2aaa27d3a53d282d5	CIC_W	541	W_MID	바닥깔기	수장공사 > 바닥깔기	수장공사	54	수장공사	54	수장공사			2	NO	7	7	7	온돌마루깔기 | 합성수지쉬트 | 합성수지판재 | 카페트깔기 | 이중바닥판(Accessfloor) | 인조잔디깔기 | 돗자리 다다미	6	칸막이공사 | 벽체붙이기 | 천정판재붙이기 | 도배공사 | 박판쉬트(비니어)붙이기 | 장식공사	수장공사 > 바닥깔기	1	수장공사 > 바닥깔기	0		SAME_ROOT	93	UBR(UnitBathRoom)설치	AMBIGUOUS	HOLD	NONE	AMBIGUOUS	UNREVIEWED	PENDING	PENDING	EMPTY	EMPTY
302	ce15610a4e31dc60519f4c1b343d5cbfad096cf9ac6920fe8fe0e6ca5c32e2e9	CIC_W	551	W_MID	바탕처리	도장공사 > 바탕처리	도장공사	55	도장공사	55	도장공사			2	NO	7	7	7	금속제바탕처리 | 목재바탕처리 | 미장및콘크리트면바탕처리 | 석고보드 종이면바탕처리 | 오일스테인 | 목재방부칠 | 기타도장바탕처리	8	방청성페인트 | 유성페인트 | 바니쉬 에나멜페인트 | 락카 | 수성페인트 | 합성수지페인트 | 특수페인트 | 기타도장공사	도장공사 > 바탕처리	1	도장공사 > 바탕처리	0		NONE	EMPTY	EMPTY	EMPTY	EMPTY	NONE	AMBIGUOUS	UNREVIEWED	PENDING	PENDING	EMPTY	EMPTY
303	2cf634c78acd0c1d65c2e17f2ce8b293dff56c57a44de00f9c4f334f033c2606	CIC_W	597	W_MID	조경유지관리	조경공사 > 조경유지관리	조경공사	59	조경공사	59	조경공사			2	NO	7	7	7	전정 | 교목수간보호 - - 대․중․소 분류대․중․소 분류 | 관수 | 제초및잔디깍기 | 시비 | 약제살포 | 월동작업	7	토양준비및흙쌓기 | 이식및식재공사 | 잔디공사 | 녹화및보호공사 | 파종및살포 | 조경시설물설치 | 기타조경공사	조경공사 > 조경유지관리	1	조경공사 > 조경유지관리	0		NONE	EMPTY	EMPTY	EMPTY	EMPTY	NONE	AMBIGUOUS	UNREVIEWED	PENDING	PENDING	EMPTY	EMPTY
304	56c9b1d2639a8d42a943515b10f2f0b623498a479dee255b9768e58949e8a2a5	CIC_W	021	W_MID	가설부지	가설건물 시설물(간접가설공사) > 가설부지	가설건물 시설물(간접가설공사)	02	가설건물 시설물(간접가설공사)	02	가설건물 시설물(간접가설공사)			2	NO	6	6	6	발주자가설건물부지 | 도급자가설건물부지 | 가설공사용부지 | 토사 자재야적장 | 토사 자재폐기장 | 가설도로및주차장부지	7	발주자용가설건물 시설 | 도급자용가설건물 | 가설편의시설및부대시설 | 업무용운송시설 | 가설울타리및현장출입문 | 가설안내시설및표지판 | 가설설비	가설건물 시설물(간접가설공사) > 가설부지	1	가설건물 시설물(간접가설공사) > 가설부지	0		NONE	EMPTY	EMPTY	EMPTY	EMPTY	NONE	AMBIGUOUS	UNREVIEWED	PENDING	PENDING	EMPTY	EMPTY
305	ee76e4a5630da67880b1627a5560ceec76156d6c14926c8f9aa2b6055eeae525	CIC_W	032	W_MID	가설작업보조시설	본공사성가설공사 > 가설작업보조시설	본공사성가설공사	03	본공사성가설공사	03	본공사성가설공사			2	NO	6	6	6	가설비계 | 동바리 | 작업안전및가설방호시설 | 공사중공공이용시설 | 공사용가설설비 | 가설보호막	6	공사용가설도로 | 가설흙막이및지보공사 | 터널가설 | 교량가설 | 가물막이 | 가체절	본공사성가설공사 > 가설작업보조시설	1	본공사성가설공사 > 가설작업보조시설	0		SIBLING	100	가물막이	PROCESS	KEEP_AS_DISTINCT	NONE	AMBIGUOUS	UNREVIEWED	PENDING	PENDING	EMPTY	EMPTY
306	eb4509535157edb86ac8f9a6ec0e7a2196b60a0d293d3c3b8f960af93d805e15	CIC_W	051	W_MID	가설공해방지	현장유지관리 > 가설공해방지	현장유지관리	05	현장유지관리	05	현장유지관리			2	NO	6	6	6	가설수질오염방지 | 토질오염방지 | 대기오염방지 | 소음진동방지 | 도로오염방지 - - 대․중․소 분류대․중․소 분류 | 폐기물처리	2	기존도로유지보수 | 준공및현장정리	현장유지관리 > 가설공해방지	1	현장유지관리 > 가설공해방지	0		NONE	EMPTY	EMPTY	EMPTY	EMPTY	NONE	AMBIGUOUS	UNREVIEWED	PENDING	PENDING	EMPTY	EMPTY
307	8b329e339c56ddbd992c483c14f39db1b2b4cec6d0993cbcaac5927e21bb00a2	CIC_W	058	W_MID	준공및현장정리	현장유지관리 > 준공및현장정리	현장유지관리	05	현장유지관리	05	현장유지관리			2	NO	6	6	6	현장상시정리 | 정기안전점검 | 사후환경평가 | 구조물건전성평가 | 준공관련시설물 | 준공정리	2	가설공해방지 | 기존도로유지보수	현장유지관리 > 준공및현장정리	1	현장유지관리 > 준공및현장정리	0		NONE	EMPTY	EMPTY	EMPTY	EMPTY	NONE	AMBIGUOUS	UNREVIEWED	PENDING	PENDING	EMPTY	EMPTY
308	49813a06650a6f985c06e76617c30edaad73ea0ceb6e97cf7f2851c856627f90	CIC_W	072	W_MID	토목품질시험	품질시험 > 토목품질시험	품질시험	07	품질시험	07	품질시험			2	NO	6	6	6	도로 | 철도 | 교량 | 터널 | 수공구조물공사 | 배관및배수	6	공통품질시험 | 건축품질시험 | 기계품질시험 | 전기품질시험 | 통신품질시험 | 기타품질시험	품질시험 > 토목품질시험	1	품질시험 > 토목품질시험	0		NONE	EMPTY	EMPTY	EMPTY	EMPTY	NONE	AMBIGUOUS	UNREVIEWED	PENDING	PENDING	EMPTY	EMPTY
309	50c34f99212a685fb0c43afbdd71afd6b0a5d376c07ea999f19274d41ea3fd88	CIC_W	087	W_MID	건축관리시험(마감)	건축품질시험 > 건축관리시험(마감)	건축품질시험	08	건축품질시험	08	건축품질시험			2	NO	6	6	6	미장 | 타일 | 수장 | 도장 | 창호 | 금속재	5	건축선정시험(토공 기초 구조체) | 건축관리시험(토공 기초 구조체) | 건축관리시험(단열 방수 지붕) | 건축기계 전기시험 | 건축공사검사시험	건축품질시험 > 건축관리시험(마감)	1	건축품질시험 > 건축관리시험(마감)	0		NONE	EMPTY	EMPTY	EMPTY	EMPTY	NONE	AMBIGUOUS	UNREVIEWED	PENDING	PENDING	EMPTY	EMPTY
310	cfee7cb4e64617349f577b98e308dfd6e7efb02f623e7eef4c778dc901c3b511	CIC_W	123	W_MID	터널공사계측	계측 > 터널공사계측	계측	12	계측	12	계측			2	NO	6	6	6	터널내공변위측정 | 터널천단침하측정 | 터널내지중변위측정 | RockBolt축력및인발측정 | Shotcrete응력측정 | 지표및지중침하측정	8	토공사계측 | 구조체계측 | 교량공사계측 | 댐 제방계측 | 단열 방음및방수공사계측 | 전기설비계측 | 기계설비계측 | 기타공사계측	계측 > 터널공사계측	1	계측 > 터널공사계측	0		CHILD	83	RockBolt축력및인발측정	AMBIGUOUS	HOLD	NONE	AMBIGUOUS	UNREVIEWED	PENDING	PENDING	EMPTY	EMPTY
311	d80fbdfd0068168ac8242fd71420c4123ca8237ff09ba28e8d27b0c95bda4014	CIC_W	135	W_MID	실내실험	지반조사 > 실내실험	지반조사	13	지반조사	13	지반조사			2	NO	6	6	6	일반실내실험 | 화학성분실험 | 실내다짐도실험 | 투수시험 | 흙의강도시험 | 토사류기타시험	5	시험굴착 | 시추(보링) | 샘플링 | 현장시험 | 암석 암반시험	지반조사 > 실내실험	1	지반조사 > 실내실험	0		NONE	EMPTY	EMPTY	EMPTY	EMPTY	NONE	AMBIGUOUS	UNREVIEWED	PENDING	PENDING	EMPTY	EMPTY
312	633de30a44241ed07e03d528d596baef9d775e80c0babbd78a62af930048c012	CIC_W	211	W_MID	표토제거및부지정지	토공사 > 표토제거및부지정지	토공사	21	토공사	21	토공사			2	NO	6	6	6	표토제거 | 일반부지정지 | 절토면고르기 | 성토면고르기 | 사면면고르기 | 구조물지정	7	흙깍기(절토) | 터파기 | 트랜치터파기 | 흙쌓기(성토) | 되메우기 | 토사처리및운반 | 사면보호	토공사 > 표토제거및부지정지	1	토공사 > 표토제거및부지정지	0		NONE	EMPTY	EMPTY	EMPTY	EMPTY	NONE	AMBIGUOUS	UNREVIEWED	PENDING	PENDING	EMPTY	EMPTY
313	f95509df7ab07fb93be69baac9729f03f37ac11cf78ec8c30dbf82580e3ca5fd	CIC_W	222	W_MID	표층처리	지반개량및지반보강공사 > 표층처리	지반개량및지반보강공사	22	지반개량및지반보강공사	22	지반개량및지반보강공사			2	NO	6	6	6	재하공법 | 압성토공법 | 표층배수공법 | 샌드매트공법 | 부설재공법(PP PE매트) | 화학처리공법	6	치환 | 지반배수 | 고결공법 | 다짐공법 | 지반그라우팅 | 지반앵커(GroundAnchor)	지반개량및지반보강공사 > 표층처리	1	지반개량및지반보강공사 > 표층처리	0		SAME_ROOT	61	GCP(GravelCompactionPile)	AMBIGUOUS	HOLD	NONE	AMBIGUOUS	UNREVIEWED	PENDING	PENDING	EMPTY	EMPTY
314	66dbb7d89e4a14636cd8431711be1e61d8aeb717920c0bfae3ea843ad2e9bacf	CIC_W	223	W_MID	지반배수	지반개량및지반보강공사 > 지반배수	지반개량및지반보강공사	22	지반개량및지반보강공사	22	지반개량및지반보강공사			2	NO	6	6	6	샌드드레인 | 페이퍼드레인 | 팩드레인 | 웰포인트 | 프렌치드레인 | 대기압공법	6	치환 | 표층처리 | 고결공법 | 다짐공법 | 지반그라우팅 | 지반앵커(GroundAnchor)	지반개량및지반보강공사 > 지반배수	1	지반개량및지반보강공사 > 지반배수	0		SAME_ROOT	61	GCP(GravelCompactionPile)	AMBIGUOUS	HOLD	NONE	AMBIGUOUS	UNREVIEWED	PENDING	PENDING	EMPTY	EMPTY
315	762f6dec5101d05267921403ca4c5e22f7758b93eecbdc5d628d89d40cc66519	CIC_W	224	W_MID	고결공법	지반개량및지반보강공사 > 고결공법	지반개량및지반보강공사	22	지반개량및지반보강공사	22	지반개량및지반보강공사			2	NO	6	6	6	혼합공법 | 석회파일공법(SCW) | 전기침투공법 | 약액주입공법 | 동결공법 | 소결공법	6	치환 | 표층처리 | 지반배수 | 다짐공법 | 지반그라우팅 | 지반앵커(GroundAnchor)	지반개량및지반보강공사 > 고결공법	1	지반개량및지반보강공사 > 고결공법	0		SAME_ROOT	61	GCP(GravelCompactionPile)	AMBIGUOUS	HOLD	CONTAINS_공법	AMBIGUOUS	UNREVIEWED	PENDING	PENDING	EMPTY	EMPTY
316	d32db45f90e0d2a3c8e5b9da8508f1d5aceb6921cefa9c5ac4faf56cf3683d69	CIC_W	225	W_MID	다짐공법	지반개량및지반보강공사 > 다짐공법	지반개량및지반보강공사	22	지반개량및지반보강공사	22	지반개량및지반보강공사			2	NO	6	6	6	바이브로플로우테이션 | 바이브로콤포우저 | 진동다짐 | 폭파다짐 | SCP(SandCompactionPile) | GCP(GravelCompactionPile)	6	치환 | 표층처리 | 지반배수 | 고결공법 | 지반그라우팅 | 지반앵커(GroundAnchor)	지반개량및지반보강공사 > 다짐공법	1	지반개량및지반보강공사 > 다짐공법	0		CHILD	61	GCP(GravelCompactionPile)	AMBIGUOUS	HOLD	CONTAINS_공법	AMBIGUOUS	UNREVIEWED	PENDING	PENDING	EMPTY	EMPTY
317	07341c776573199af8b2235389736753f5756770450e10db8e5111cc6c364ffb	CIC_W	264	W_MID	토목PC구조부재조립	프리케스트콘크리트공사 > 토목PC구조부재조립	프리케스트콘크리트공사	26	프리케스트콘크리트공사	26	프리케스트콘크리트공사			2	NO	6	6	6	일반PC보조립 | 프리텐션PC보조립 | 포스트텐션PC보조립 | 프리프렉스PC보조립 | 기둥조립 | PC슬라브조립	7	PC형틀및생산시설 | PC부재생산 | PC부재운반 | 기타토목PC부재조립 | 건축PC구조부재조립 | 현장틸트-업콘크리트공사 | PC부속공사	프리케스트콘크리트공사 > 토목PC구조부재조립	1	프리케스트콘크리트공사 > 토목PC구조부재조립	0		CHILD	74	PC슬라브조립	AMBIGUOUS	HOLD	MATERIAL_LIKE_TOKEN	AMBIGUOUS	UNREVIEWED	PENDING	PENDING	EMPTY	EMPTY
318	bd90ea68420260c25122b721a943a0c96032f06305512a5ea784c26a482d2f23	CIC_W	311	W_MID	토목배관부설	토목배관공사및배수공사 > 토목배관부설	토목배관공사및배수공사	31	토목배관공사및배수공사	31	토목배관공사및배수공사			2	NO	6	6	6	콘크리트관부설 | 금속관부설 | 프라스틱관부설 | 신축관 | 토목배관이음쇠 | 토목배관벨브	4	토목배관부대공사 | 토목배관부속설비 | 상수도관갱생 | 하수도관갱생	토목배관공사및배수공사 > 토목배관부설	1	토목배관공사및배수공사 > 토목배관부설	0		NONE	EMPTY	EMPTY	EMPTY	EMPTY	NONE	AMBIGUOUS	UNREVIEWED	PENDING	PENDING	EMPTY	EMPTY
319	5b5a63178cad24e81f0805add9a6a5abca3a74cc47046d945e3f7325098d3835	CIC_W	338	W_MID	철로보선작업	궤도및철로공사 > 철로보선작업	궤도및철로공사	33	궤도및철로공사	33	궤도및철로공사			2	NO	6	6	6	레일보선 | 분기부레일보선 | 침목및체결보선 | 철도자재교환 | 도상보수 | 철도부대시설보수	5	도상설치공사 | 궤도부설 | 분기기설치 | 건널목공사 | 철도부속설비	궤도및철로공사 > 철로보선작업	1	궤도및철로공사 > 철로보선작업	0		NONE	EMPTY	EMPTY	EMPTY	EMPTY	ENDS_WITH_작업	AMBIGUOUS	UNREVIEWED	PENDING	PENDING	EMPTY	EMPTY
320	47b68ca576108fb28063bf570f851efc0ff341b58accf5ef4a397c0f3a083483	CIC_W	353	W_MID	터널보강및안정	터널공사 > 터널보강및안정	터널공사	35	터널공사	35	터널공사			2	NO	6	6	6	터널락볼트 | 터널복공뒷채움 | 막장안정 | 감지천공 | 갱구숏크리트(Shotcrete) | 터널영구계측설비설치	5	터널굴착공사 | 터널라이닝 | 터널방수및배수 | 터널지보및거푸집 | 터널내부마감공사	터널공사 > 터널보강및안정	1	터널공사 > 터널보강및안정	0		SAME_ROOT	68	NATM공법굴착	PROCESS	KEEP_AS_DISTINCT	NONE	AMBIGUOUS	UNREVIEWED	PENDING	PENDING	EMPTY	EMPTY
321	93d18db94231cee317fd601cee60906f23dc1ab2d4c5fbbc8d3ec7be9da212d9	CIC_W	371	W_MID	휠댐(제방)	댐공사 > 휠댐(제방)	댐공사	37	댐공사	37	댐공사			2	NO	6	6	6	불투수성재료축조 | 휠터재료축조 | 사력재료축조 | 암석재료축조 | 랜덤재료축조 | Riprap재료축조	1	표면차수벽형댐	댐공사 > 휠댐(제방)	1	댐공사 > 휠댐(제방)	0		CHILD	82	Riprap재료축조	AMBIGUOUS	HOLD	NONE	AMBIGUOUS	UNREVIEWED	PENDING	PENDING	EMPTY	EMPTY
322	e500e995fd6b12007824612b10aa49b2d3060bee64edb60b02f8010b2d95a45f	CIC_W	434	W_MID	금속잇기	지붕및홈통공사 > 금속잇기	지붕및홈통공사	43	지붕및홈통공사	43	지붕및홈통공사			2	NO	6	6	6	함석잇기 | 동판잇기 | 스틸테크잇기 | 알루니늄판잇기 | 스테인레스스틸판잇기 | 법랑피복철판잇기	6	자연형지붕잇기 | 기와잇기 | 슬레이트잇기 | 시트지붕 | 지붕판넬 | 홈통공사및지붕부속공사	지붕및홈통공사 > 금속잇기	1	지붕및홈통공사 > 금속잇기	0		NONE	EMPTY	EMPTY	EMPTY	EMPTY	NONE	AMBIGUOUS	UNREVIEWED	PENDING	PENDING	EMPTY	EMPTY
323	c96e5e837e8c53712e7efa698aabb11db1bb0b14b36a97fb594b1801bb9c198d	CIC_W	435	W_MID	시트지붕	지붕및홈통공사 > 시트지붕	지붕및홈통공사	43	지붕및홈통공사	43	지붕및홈통공사			2	NO	6	6	6	변형아스팔트루핑 | 혼성중합체플라스틱시트지붕 | 에틸렌중합체시트지붕 | 염화폴리비닐시트지붕 | 열가소성올레핀시트지붕 | 니트릴부타디엔폴리머시트지붕	6	자연형지붕잇기 | 기와잇기 | 슬레이트잇기 | 금속잇기 | 지붕판넬 | 홈통공사및지붕부속공사	지붕및홈통공사 > 시트지붕	1	지붕및홈통공사 > 시트지붕	0		NONE	EMPTY	EMPTY	EMPTY	EMPTY	NONE	AMBIGUOUS	UNREVIEWED	PENDING	PENDING	EMPTY	EMPTY
324	6c2e0e498b779fc44d279871437f26960522a443a2da67fa7220e580cdf901c6	CIC_W	437	W_MID	홈통공사및지붕부속공사	지붕및홈통공사 > 홈통공사및지붕부속공사	지붕및홈통공사	43	지붕및홈통공사	43	지붕및홈통공사			2	NO	6	6	6	처마홈통(Flashing) | 지붕거터(Gutter) | 선홈통 | 선홈통물받이 | 지붕트림 | 루프드레인	6	자연형지붕잇기 | 기와잇기 | 슬레이트잇기 | 금속잇기 | 시트지붕 | 지붕판넬	지붕및홈통공사 > 홈통공사및지붕부속공사	1	지붕및홈통공사 > 홈통공사및지붕부속공사	0		NONE	EMPTY	EMPTY	EMPTY	EMPTY	ENDS_WITH_공사	AMBIGUOUS	UNREVIEWED	PENDING	PENDING	EMPTY	EMPTY
325	a9ef0cceac826fb24ba0b743b51c9e00dd42bd825cd2604c663ce0ac484b895f	CIC_W	451	W_MID	지붕및바닥단열공사	단열 방음공사 > 지붕및바닥단열공사	단열 방음공사	45	단열 방음공사	45	단열 방음공사			2	NO	6	6	6	보드형지붕 바닥단열 | 시트지붕 바닥단열 | 현장포말지붕 바닥단열 | 다공성재료지붕 바닥단열 | 뿜칠형지붕 바닥단열 | 도막형바닥단열	5	슬래브하부단열 | 천정단열 | 벽체단열 | 외벽단열 | 방진 방음공사	단열 방음공사 > 지붕및바닥단열공사	1	단열 방음공사 > 지붕및바닥단열공사	0		NONE	EMPTY	EMPTY	EMPTY	EMPTY	ENDS_WITH_공사	AMBIGUOUS	UNREVIEWED	PENDING	PENDING	EMPTY	EMPTY
326	35ec53f9a44899a536371023d37fd6c4d8863cca2cc0199f18ef5bebffb92762	CIC_W	461	W_MID	커튼월프레임및앵커설치	외부판재공사 > 커튼월프레임및앵커설치	외부판재공사	46	외부판재공사	46	외부판재공사			2	NO	6	6	6	콘크리트프레임 | 철재프레임 | 알루미늄프레임 | 스테인레스스틸프레임 | 청동프레임 | 고정철물및부속재설치	7	콘크리트계판넬 | 철재판넬 | 금속판넬 | 석재판넬 | 유리판넬 | 합성수지판넬 | 대형자기 도기타일판넬	외부판재공사 > 커튼월프레임및앵커설치	1	외부판재공사 > 커튼월프레임및앵커설치	0		SAME_ROOT	58	FRP판넬	MATERIAL_COMPONENT	REJECT	NONE	AMBIGUOUS	UNREVIEWED	PENDING	PENDING	EMPTY	EMPTY
327	2225099a2047d514c7b47b79ada6c511e545188779e2cf405cb04ea20d2e8302	CIC_W	474	W_MID	금속계단	금속공사 > 금속계단	금속공사	47	금속공사	47	금속공사			2	NO	6	6	6	스파이럴금속계단 | 직선금속계단 | 나선 원형금속계단 | 금속난간 | 금속계단발판(트레드) | 금속계단넌스립	6	금속바닥틀(장선)설치 | 메탈스터드시스템(금속벽틀)설치 | 경량천정틀설치 | 금속마감 | 금속부속물설치 | 건축잡철물제작설치	금속공사 > 금속계단	1	금속공사 > 금속계단	0		NONE	EMPTY	EMPTY	EMPTY	EMPTY	NONE	AMBIGUOUS	UNREVIEWED	PENDING	PENDING	EMPTY	EMPTY
328	f0eeea6dc0e4475a75c113f0d007e117f59c0fc04d95a5cd15aefebdf654fc37	CIC_W	477	W_MID	금속부속물설치	금속공사 > 금속부속물설치	금속공사	47	금속공사	47	금속공사			2	NO	6	6	6	금속사다리 | 금속통로 | 금속지지물 | 개구부금속덮개 | 기타금속부속물설치 | 금속조인트(줄눈)덮개및트림제작 설치	6	금속바닥틀(장선)설치 | 메탈스터드시스템(금속벽틀)설치 | 경량천정틀설치 | 금속계단 | 금속마감 | 건축잡철물제작설치	금속공사 > 금속부속물설치	1	금속공사 > 금속부속물설치	0		NONE	EMPTY	EMPTY	EMPTY	EMPTY	NONE	AMBIGUOUS	UNREVIEWED	PENDING	PENDING	EMPTY	EMPTY
329	134bfb3516d220e4555dd113f4e7b5be56ad0483784f271e60a3a5327aa4e13f	CIC_W	511	W_MID	시멘트모르터미장	미장공사 > 시멘트모르터미장	미장공사	51	미장공사	51	미장공사			2	NO	6	6	6	시멘트모르터 | 단열모르터 | 내화모르터 | 내화학성모르터 | 프리믹스드모르터 | 특수시멘트모르터	6	합성수지혼화모르터미장 | 플라스터 | 인조석(테라조)미장및물갈기 | 온돌바닥공사 | 특수미장 | 미장부속공사	미장공사 > 시멘트모르터미장	1	미장공사 > 시멘트모르터미장	0		NONE	EMPTY	EMPTY	EMPTY	EMPTY	NONE	AMBIGUOUS	UNREVIEWED	PENDING	PENDING	EMPTY	EMPTY
330	4a2afc9181d8d894bd79141b072185f59adff66f6e0a8aab34d9f33ce05c52a5	CIC_W	513	W_MID	플라스터	미장공사 > 플라스터	미장공사	51	미장공사	51	미장공사			2	NO	6	6	6	회반죽미장 | 회사미장 | 돌로마이트플라스터 | 순석고플라스터 | 배합석고플라스터 | 무수석고플라스터	6	시멘트모르터미장 | 합성수지혼화모르터미장 | 인조석(테라조)미장및물갈기 | 온돌바닥공사 | 특수미장 | 미장부속공사	미장공사 > 플라스터	1	미장공사 > 플라스터	0		NONE	EMPTY	EMPTY	EMPTY	EMPTY	NONE	AMBIGUOUS	UNREVIEWED	PENDING	PENDING	EMPTY	EMPTY
331	c175f8f58b76055111a2ce2fc4bb447d9b96cded044d887e37bfe02bc0ce6b8d	CIC_W	515	W_MID	온돌바닥공사	미장공사 > 온돌바닥공사	미장공사	51	미장공사	51	미장공사			2	NO	6	6	6	온돌방음층 | 온돌보온층 | 온돌단열층 | 미장보강 | 온돌바닥미장 | 바닥판넬히팅시스템	6	시멘트모르터미장 | 합성수지혼화모르터미장 | 플라스터 | 인조석(테라조)미장및물갈기 | 특수미장 | 미장부속공사	미장공사 > 온돌바닥공사	1	미장공사 > 온돌바닥공사	0		NONE	EMPTY	EMPTY	EMPTY	EMPTY	ENDS_WITH_공사	AMBIGUOUS	UNREVIEWED	PENDING	PENDING	EMPTY	EMPTY
332	174c276ed31db80d4f28170b1e2013696e40def172315f9fd9670135c88d1bdc	CIC_W	0111	W_LEAF	공사개요	공사일반사항및공사비 > 공사일반사항 > 공사개요	공사일반사항및공사비	01	공사일반사항	011	공사일반사항및공사비 > 공사일반사항	공사일반사항및공사비	공사일반사항및공사비	3	YES	0	0	0		8	공사계획 | 서류및샘플제출 | 검측 기성 | 품질관리 | 공사회의 | 공사관리 | 시운전 | 준공및하자보수	공사일반사항및공사비 > 공사일반사항 > 공사개요	1	공사일반사항및공사비 > 공사일반사항 > 공사개요	0		NONE	EMPTY	EMPTY	EMPTY	EMPTY	NONE	AMBIGUOUS	UNREVIEWED	PENDING	PENDING	EMPTY	EMPTY
333	026fa6840667bb0e6b479362f324aabe5ac2c2737e5a28c6e4de0ecf44915e9c	CIC_W	0211	W_LEAF	발주자가설건물부지	가설건물 시설물(간접가설공사) > 가설부지 > 발주자가설건물부지	가설건물 시설물(간접가설공사)	02	가설부지	021	가설건물 시설물(간접가설공사) > 가설부지	가설건물 시설물(간접가설공사)	가설건물 시설물(간접가설공사)	3	YES	0	0	0		5	도급자가설건물부지 | 가설공사용부지 | 토사 자재야적장 | 토사 자재폐기장 | 가설도로및주차장부지	가설건물 시설물(간접가설공사) > 가설부지 > 발주자가설건물부지	1	가설건물 시설물(간접가설공사) > 가설부지 > 발주자가설건물부지	0		NONE	EMPTY	EMPTY	EMPTY	EMPTY	NONE	AMBIGUOUS	UNREVIEWED	PENDING	PENDING	EMPTY	EMPTY
334	a2c33427ad8a4f0e9c52fdbce0e583777b3ca9903fa497d4e523340235caebed	CIC_W	0311	W_LEAF	공사용가설도로	본공사성가설공사 > 공사용가설도로 > 공사용가설도로	본공사성가설공사	03	공사용가설도로	031	본공사성가설공사 > 공사용가설도로	본공사성가설공사	본공사성가설공사	3	YES	0	0	0		1	가설주차장	본공사성가설공사 > 공사용가설도로 > 공사용가설도로	2	본공사성가설공사 > 공사용가설도로 | 본공사성가설공사 > 공사용가설도로 > 공사용가설도로	0		SAME_ROOT	69	P.P마대가물막이	PROCESS	KEEP_AS_DISTINCT	NONE	AMBIGUOUS	UNREVIEWED	PENDING	PENDING	EMPTY	EMPTY
335	b6127c94212073bb116f39295ead0322d0835513ad929fb78b0fcbe75c5b90ee	CIC_W	0511	W_LEAF	가설수질오염방지	현장유지관리 > 가설공해방지 > 가설수질오염방지	현장유지관리	05	가설공해방지	051	현장유지관리 > 가설공해방지	현장유지관리	현장유지관리	3	YES	0	0	0		5	토질오염방지 | 대기오염방지 | 소음진동방지 | 도로오염방지 - - 대․중․소 분류대․중․소 분류 | 폐기물처리	현장유지관리 > 가설공해방지 > 가설수질오염방지	1	현장유지관리 > 가설공해방지 > 가설수질오염방지	0		NONE	EMPTY	EMPTY	EMPTY	EMPTY	NONE	AMBIGUOUS	UNREVIEWED	PENDING	PENDING	EMPTY	EMPTY
336	102ea41c705bdf22ae91e6fd40c4d87a37388435fa1e7138a94e9636f5c0eba4	CIC_W	0611	W_LEAF	수송비	공통장비 > 장비운반 > 수송비	공통장비	06	장비운반	061	공통장비 > 장비운반	공통장비	공통장비	3	YES	0	0	0		2	회항비 | 대피비	공통장비 > 장비운반 > 수송비	1	공통장비 > 장비운반 > 수송비	0		NONE	EMPTY	EMPTY	EMPTY	EMPTY	NONE	AMBIGUOUS	UNREVIEWED	PENDING	PENDING	EMPTY	EMPTY
337	58a62e550227664802cb2c833d4d675fed3768f2a3b34d929c070a154184d439	CIC_W	0711	W_LEAF	토공사및지반개량	품질시험 > 공통품질시험 > 토공사및지반개량	품질시험	07	공통품질시험	071	품질시험 > 공통품질시험	품질시험	품질시험	3	YES	0	0	0		3	기초공사 | 콘크리트공사 | 철강구조물공사	품질시험 > 공통품질시험 > 토공사및지반개량	1	품질시험 > 공통품질시험 > 토공사및지반개량	0		NONE	EMPTY	EMPTY	EMPTY	EMPTY	NONE	AMBIGUOUS	UNREVIEWED	PENDING	PENDING	EMPTY	EMPTY
338	8a4d575f9459bd01a20dfd7fb7016d5c249a2136a404993325d4b94e36e7fa64	CIC_W	0851	W_LEAF	토공	건축품질시험 > 건축관리시험(토공 기초 구조체) > 토공	건축품질시험	08	건축관리시험(토공 기초 구조체)	085	건축품질시험 > 건축관리시험(토공 기초 구조체)	건축품질시험	건축품질시험	3	YES	0	0	0		7	말뚝기초 | 시멘트및혼화제 | 콘크리트및골재 | 콘크리트보강재 | 철골구조 | 조적구조 | 목구조	건축품질시험 > 건축관리시험(토공 기초 구조체) > 토공	1	건축품질시험 > 건축관리시험(토공 기초 구조체) > 토공	0		NONE	EMPTY	EMPTY	EMPTY	EMPTY	NONE	AMBIGUOUS	UNREVIEWED	PENDING	PENDING	EMPTY	EMPTY
339	2c91a7975e85f38c4c299862c9a17405227bff4c18df7f37cbf4c6264ceddf50	CIC_W	1111	W_LEAF	거리측정	측량 > 기본측량 > 거리측정	측량	11	기본측량	111	측량 > 기본측량	측량	측량	3	YES	0	0	0		7	각측정 | 기준점측량 | 삼각측량 | 다각측량 | 수준측량 | 사진측량 | 수심측량	측량 > 기본측량 > 거리측정	1	측량 > 기본측량 > 거리측정	0		NONE	EMPTY	EMPTY	EMPTY	EMPTY	NONE	AMBIGUOUS	UNREVIEWED	PENDING	PENDING	EMPTY	EMPTY
340	cd682061fb0454a0cac16abec4eb89c50edbf8df58c0bce16602114898fb4b0a	CIC_W	1211	W_LEAF	지중수평변위측정	계측 > 토공사계측 > 지중수평변위측정	계측	12	토공사계측	121	계측 > 토공사계측	계측	계측	3	YES	0	0	0		7	지중수직변위계 | 지하수측정 | 인접구조물경사도및균열측정 | 토압측정(PressureCell) | 응력측정(StrainGauge) | 하중측정(LoadCell) | 진동소음측정	계측 > 토공사계측 > 지중수평변위측정	1	계측 > 토공사계측 > 지중수평변위측정	0		SAME_ROOT	83	RockBolt축력및인발측정	AMBIGUOUS	HOLD	NONE	AMBIGUOUS	UNREVIEWED	PENDING	PENDING	EMPTY	EMPTY
341	1aebde9a27964fcbbc7d5f024c55503ba8bc20e4fb0f2a41b90d797bf8d7c07b	CIC_W	1311	W_LEAF	암이외의지질시험굴착	지반조사 > 시험굴착 > 암이외의지질시험굴착	지반조사	13	시험굴착	131	지반조사 > 시험굴착	지반조사	지반조사	3	YES	0	0	0		0		지반조사 > 시험굴착 > 암이외의지질시험굴착	1	지반조사 > 시험굴착 > 암이외의지질시험굴착	0		NONE	EMPTY	EMPTY	EMPTY	EMPTY	NONE	AMBIGUOUS	UNREVIEWED	PENDING	PENDING	EMPTY	EMPTY
342	1a80ed7fa14ebeacce5c74e2177f7967b8bc327a3a201613cbaf2c198fd9046f	CIC_W	1811	W_LEAF	벌개 제근	철거해체공사및시설물보호 > 지상지장물철거 해체 > 벌개 제근	철거해체공사및시설물보호	18	지상지장물철거 해체	181	철거해체공사및시설물보호 > 지상지장물철거 해체	철거해체공사및시설물보호	철거해체공사및시설물보호	3	YES	0	0	0		4	지장수목이식 | 암지장물제거 | 설치지장물제거 | 토석제거	철거해체공사및시설물보호 > 지상지장물철거 해체 > 벌개 제근	1	철거해체공사및시설물보호 > 지상지장물철거 해체 > 벌개 제근	0		SAME_ROOT	80	PVC관제거	AMBIGUOUS	HOLD	NONE	AMBIGUOUS	UNREVIEWED	PENDING	PENDING	EMPTY	EMPTY
343	e47dab730e2e3db46582a55bdac966dc534e1bf663675b06e53eb61e9f3a43f4	CIC_W	2111	W_LEAF	표토제거	토공사 > 표토제거및부지정지 > 표토제거	토공사	21	표토제거및부지정지	211	토공사 > 표토제거및부지정지	토공사	토공사	3	YES	0	0	0		5	일반부지정지 | 절토면고르기 | 성토면고르기 | 사면면고르기 | 구조물지정	토공사 > 표토제거및부지정지 > 표토제거	1	토공사 > 표토제거및부지정지 > 표토제거	0		NONE	EMPTY	EMPTY	EMPTY	EMPTY	NONE	AMBIGUOUS	UNREVIEWED	PENDING	PENDING	EMPTY	EMPTY
344	a8eb027bc98f2391d8621ae88f8dadb90b1f7a3a4193f5398842d48bf277e336	CIC_W	2211	W_LEAF	굴착치환	지반개량및지반보강공사 > 치환 > 굴착치환	지반개량및지반보강공사	22	치환	221	지반개량및지반보강공사 > 치환	지반개량및지반보강공사	지반개량및지반보강공사	3	YES	0	0	0		1	강제치환	지반개량및지반보강공사 > 치환 > 굴착치환	1	지반개량및지반보강공사 > 치환 > 굴착치환	0		SAME_ROOT	61	GCP(GravelCompactionPile)	AMBIGUOUS	HOLD	NONE	AMBIGUOUS	UNREVIEWED	PENDING	PENDING	EMPTY	EMPTY
345	1e4aa1794dfdf3dd77d04d108e23dd6bcd78247a05728542a56b6e83bb393867	CIC_W	2311	W_LEAF	기계식굴착	말뚝공사 > 현장타설말뚝 > 기계식굴착	말뚝공사	23	현장타설말뚝	231	말뚝공사 > 현장타설말뚝	말뚝공사	말뚝공사	3	YES	0	0	0		2	관입공법 | 심초말뚝	말뚝공사 > 현장타설말뚝 > 기계식굴착	1	말뚝공사 > 현장타설말뚝 > 기계식굴착	0		SAME_ROOT	55	Attiplugite슬러리월	AMBIGUOUS	HOLD	NONE	AMBIGUOUS	UNREVIEWED	PENDING	PENDING	EMPTY	EMPTY
346	6f655a60c1a6d65e7e34f9b3ed30889dfc9dd35267d0fa67666b687a9424b021	CIC_W	2411	W_LEAF	엄지말뚝가로널흙막이	흙막이및지보공사 > 말뚝흙막이 > 엄지말뚝가로널흙막이	흙막이및지보공사	24	말뚝흙막이	241	흙막이및지보공사 > 말뚝흙막이	흙막이및지보공사	흙막이및지보공사	3	YES	0	0	0		4	널말뚝흙막이 | 강재널말뚝흙막이(H-Beam및토류판) | 경량강재널흙막이 | 강관널말뚝흙막이	흙막이및지보공사 > 말뚝흙막이 > 엄지말뚝가로널흙막이	1	흙막이및지보공사 > 말뚝흙막이 > 엄지말뚝가로널흙막이	0		SAME_ROOT	75	PC연속벽흙막이	PROCESS	KEEP_AS_DISTINCT	MATERIAL_LIKE_TOKEN	AMBIGUOUS	UNREVIEWED	PENDING	PENDING	EMPTY	EMPTY
347	63fbbf733988f87c365ae87e8b6a72f12f89ed657173124c6a13240694fa9e54	CIC_W	2511	W_LEAF	시멘트및혼화제	철근콘크리트공사 > 콘크리트자재 > 시멘트및혼화제	철근콘크리트공사	25	콘크리트자재	251	철근콘크리트공사 > 콘크리트자재	철근콘크리트공사	철근콘크리트공사	3	YES	0	0	0		1	골재채취 생산	철근콘크리트공사 > 콘크리트자재 > 시멘트및혼화제	2	건축품질시험 > 건축관리시험(토공 기초 구조체) > 시멘트및혼화제 | 철근콘크리트공사 > 콘크리트자재 > 시멘트및혼화제	0		NONE	EMPTY	EMPTY	EMPTY	EMPTY	NONE	AMBIGUOUS	UNREVIEWED	PENDING	PENDING	EMPTY	EMPTY
348	e34424538f6234fe9adcd42a1dd82f7e433236a8da991353f6d4bff56fbc5c43	CIC_W	2621	W_LEAF	일반PC구조부재공장생산	프리케스트콘크리트공사 > PC부재생산 > 일반PC구조부재공장생산	프리케스트콘크리트공사	26	PC부재생산	262	프리케스트콘크리트공사 > PC부재생산	프리케스트콘크리트공사	프리케스트콘크리트공사	3	YES	0	0	0		7	특수PC구조부재공장생산 | 기타PC부재공장생산 | 소형PC구조물공장생산 | 일반PC구조부재현장생산 | 특수PC구조부재현장생산 | 기타PC부재현장생산 | 소형PC구조물현장생산	프리케스트콘크리트공사 > PC부재생산 > 일반PC구조부재공장생산	1	프리케스트콘크리트공사 > PC부재생산 > 일반PC구조부재공장생산	0		PARENT	72	PC부재생산	PROCESS	KEEP_AS_DISTINCT	MATERIAL_LIKE_TOKEN	AMBIGUOUS	UNREVIEWED	PENDING	PENDING	EMPTY	EMPTY
349	fe997f17239aab58df456b3ba687f2dc282422757e2ebbdb1a8132c13b80d0f7	CIC_W	2711	W_LEAF	철강재	강구조물공사 > 강구조물자재 > 철강재	강구조물공사	27	강구조물자재	271	강구조물공사 > 강구조물자재	강구조물공사	강구조물공사	3	YES	0	0	0		8	데크 | 경량철재 | 주물재 | 가공재 | 스테인레스스틸재 | 알루미늄재 | 접합및고정재 | 기타금속재	강구조물공사 > 강구조물자재 > 철강재	1	강구조물공사 > 강구조물자재 > 철강재	0		SIBLING	97	가공재	MATERIAL_COMPONENT	REJECT	NONE	AMBIGUOUS	UNREVIEWED	PENDING	PENDING	EMPTY	EMPTY
350	0b837aed2088bd4ddb5f739a4750fffdc298e196e54386d594ec38dc8c5396e1	CIC_W	3111	W_LEAF	콘크리트관부설	토목배관공사및배수공사 > 토목배관부설 > 콘크리트관부설	토목배관공사및배수공사	31	토목배관부설	311	토목배관공사및배수공사 > 토목배관부설	토목배관공사및배수공사	토목배관공사및배수공사	3	YES	0	0	0		5	금속관부설 | 프라스틱관부설 | 신축관 | 토목배관이음쇠 | 토목배관벨브	토목배관공사및배수공사 > 토목배관부설 > 콘크리트관부설	1	토목배관공사및배수공사 > 토목배관부설 > 콘크리트관부설	0		NONE	EMPTY	EMPTY	EMPTY	EMPTY	NONE	AMBIGUOUS	UNREVIEWED	PENDING	PENDING	EMPTY	EMPTY
351	5931806ea98c1e01b4153d2aa41498041dae4735dddfa4fb0063bd7a44470ce2	CIC_W	3211	W_LEAF	차단층	포장및도로공사 > 아스콘포장 > 차단층	포장및도로공사	32	아스콘포장	321	포장및도로공사 > 아스콘포장	포장및도로공사	포장및도로공사	3	YES	0	0	0		7	보조기층 | 기층아스콘 | 중간층 | 표층아스콘 | 교량상판포장 | 미끄럼방지포장 | 특수포장	포장및도로공사 > 아스콘포장 > 차단층	1	포장및도로공사 > 아스콘포장 > 차단층	0		NONE	EMPTY	EMPTY	EMPTY	EMPTY	NONE	AMBIGUOUS	UNREVIEWED	PENDING	PENDING	EMPTY	EMPTY
352	affac27e44636849b3675072efe97fba53c5ea7681a613904df17a1801bca937	CIC_W	3321	W_LEAF	자갈살포다지기	궤도및철로공사 > 도상설치공사 > 자갈살포다지기	궤도및철로공사	33	도상설치공사	332	궤도및철로공사 > 도상설치공사	궤도및철로공사	궤도및철로공사	3	YES	0	0	0		3	자갈살포고르기 | 콘크리트도상설치 | 프리케스트도상설치	궤도및철로공사 > 도상설치공사 > 자갈살포다지기	1	궤도및철로공사 > 도상설치공사 > 자갈살포다지기	0		NONE	EMPTY	EMPTY	EMPTY	EMPTY	NONE	AMBIGUOUS	UNREVIEWED	PENDING	PENDING	EMPTY	EMPTY
353	e80a93abcae06f4152031f26950d92f51a84149f974fc7b6b2cc41e8b1010467	CIC_W	3421	W_LEAF	고정형교량받침	교량공사 > 교량받침 > 고정형교량받침	교량공사	34	교량받침	342	교량공사 > 교량받침	교량공사	교량공사	3	YES	0	0	0		2	일방향가동형교량받침 | 양방향가동형교량받침	교량공사 > 교량받침 > 고정형교량받침	1	교량공사 > 교량받침 > 고정형교량받침	0		SAME_ROOT	56	FCM공법	AMBIGUOUS	HOLD	NONE	AMBIGUOUS	UNREVIEWED	PENDING	PENDING	EMPTY	EMPTY
354	d36d00dc046ca7d1185e5c673947e908714e8551b2545b1c22c1dff38b882cb1	CIC_W	3511	W_LEAF	토공장비굴착	터널공사 > 터널굴착공사 > 토공장비굴착	터널공사	35	터널굴착공사	351	터널공사 > 터널굴착공사	터널공사	터널공사	3	YES	0	0	0		4	발파굴착 | TBM공법굴착 | Shield공법굴착 | NATM공법굴착	터널공사 > 터널굴착공사 > 토공장비굴착	1	터널공사 > 터널굴착공사 > 토공장비굴착	0		SIBLING	68	NATM공법굴착	PROCESS	KEEP_AS_DISTINCT	NONE	AMBIGUOUS	UNREVIEWED	PENDING	PENDING	EMPTY	EMPTY
355	d57ce35223451452edbf6269a44b856a5e8d6ee2cc63e10e2fe07c0b21d9bf24	CIC_W	3611	W_LEAF	연질토사(N=	하천및항만공사 > 준설 > 연질토사(N=	하천및항만공사	36	준설	361	하천및항만공사 > 준설	하천및항만공사	하천및항만공사	3	YES	0	0	0		8	중질토사(N= | 경질토사(N= | 최경질토사(N= | 자갈석인연질토사(N= | 자갈석인경질토(N= | 연암준설 | 경암준설 | 오니(오염토 오염퇴적물)준설	하천및항만공사 > 준설 > 연질토사(N=	1	하천및항만공사 > 준설 > 연질토사(N=	0		NONE	EMPTY	EMPTY	EMPTY	EMPTY	NONE	AMBIGUOUS	UNREVIEWED	PENDING	PENDING	EMPTY	EMPTY
356	5a2acdd00ab7823605b79ea47c7cc366b4fef7b00a0c016f59df7d9a901422d0	CIC_W	3711	W_LEAF	불투수성재료축조	댐공사 > 휠댐(제방) > 불투수성재료축조	댐공사	37	휠댐(제방)	371	댐공사 > 휠댐(제방)	댐공사	댐공사	3	YES	0	0	0		5	휠터재료축조 | 사력재료축조 | 암석재료축조 | 랜덤재료축조 | Riprap재료축조	댐공사 > 휠댐(제방) > 불투수성재료축조	1	댐공사 > 휠댐(제방) > 불투수성재료축조	0		SIBLING	82	Riprap재료축조	AMBIGUOUS	HOLD	NONE	AMBIGUOUS	UNREVIEWED	PENDING	PENDING	EMPTY	EMPTY
357	2dea9eeeac6f069be94b968c3df2f40801fb36c5886d3a3e5e187cbf74e425f7	CIC_W	3822	W_LEAF	블록조적옹벽	옹벽공사 > 조적식옹벽 > 블록조적옹벽	옹벽공사	38	조적식옹벽	382	옹벽공사 > 조적식옹벽	옹벽공사	옹벽공사	3	YES	0	0	0		3	PC옹벽 | 세그먼트옹벽 | 석축쌓기	옹벽공사 > 조적식옹벽 > 블록조적옹벽	1	옹벽공사 > 조적식옹벽 > 블록조적옹벽	0		SIBLING	76	PC옹벽	FACILITY_EQUIPMENT	REJECT	MATERIAL_LIKE_TOKEN	AMBIGUOUS	UNREVIEWED	PENDING	PENDING	EMPTY	EMPTY
358	90b0432f34f4f1cf8c000876f4d8a528bc880fc4ba6b2bd2096e5bcf9d141512	CIC_W	4111	W_LEAF	시멘트벽돌	조적공사 > 벽돌조적공사 > 시멘트벽돌	조적공사	41	벽돌조적공사	411	조적공사 > 벽돌조적공사	조적공사	조적공사	3	YES	0	0	0		6	점토질벽돌 | 경량벽돌 | 고압벽돌 | 내화벽돌 | 내부식성벽돌 | 특수벽돌	조적공사 > 벽돌조적공사 > 시멘트벽돌	1	조적공사 > 벽돌조적공사 > 시멘트벽돌	0		SAME_ROOT	51	ALC공사	PROCESS	KEEP_AS_DISTINCT	NONE	AMBIGUOUS	UNREVIEWED	PENDING	PENDING	EMPTY	EMPTY
359	2ad6a2af5ac1f215fa00dbe3250cffa1021f4d6c379555e386747bcc7ec8f328	CIC_W	4211	W_LEAF	토대	목공사 > 가구식구조목공사 > 토대	목공사	42	가구식구조목공사	421	목공사 > 가구식구조목공사	목공사	목공사	3	YES	0	0	0		6	기둥 | 보(도리) | 벽체 | 목조마루틀 | 목조계단 | 목조지붕틀	목공사 > 가구식구조목공사 > 토대	1	목공사 > 가구식구조목공사 > 토대	0		PARENT	99	가구식구조목공사	PROCESS	KEEP_AS_DISTINCT	NONE	AMBIGUOUS	UNREVIEWED	PENDING	PENDING	EMPTY	EMPTY
360	a33902e8839dca0c3c7cfae48695d094f5c309d410783f24ce5a4992832d9f79	CIC_W	4311	W_LEAF	초가지붕잇기	지붕및홈통공사 > 자연형지붕잇기 > 초가지붕잇기	지붕및홈통공사	43	자연형지붕잇기	431	지붕및홈통공사 > 자연형지붕잇기	지붕및홈통공사	지붕및홈통공사	3	YES	0	0	0		3	너와지붕잇기 | 잔디지붕 | 수목지붕	지붕및홈통공사 > 자연형지붕잇기 > 초가지붕잇기	1	지붕및홈통공사 > 자연형지붕잇기 > 초가지붕잇기	0		NONE	EMPTY	EMPTY	EMPTY	EMPTY	NONE	AMBIGUOUS	UNREVIEWED	PENDING	PENDING	EMPTY	EMPTY
361	bbc9451c4bcfc34d97d1e36a2f9ad4d6a8345a30a9eadca2d5a95975730257c6	CIC_W	4411	W_LEAF	아스팔트방수	방수공사 > 멤브레인방수 > 아스팔트방수	방수공사	44	멤브레인방수	441	방수공사 > 멤브레인방수	방수공사	방수공사	3	YES	0	0	0		2	탄성시트방수 | 도막방수	방수공사 > 멤브레인방수 > 아스팔트방수	1	방수공사 > 멤브레인방수 > 아스팔트방수	0		NONE	EMPTY	EMPTY	EMPTY	EMPTY	NONE	AMBIGUOUS	UNREVIEWED	PENDING	PENDING	EMPTY	EMPTY
362	14c2225f1a4e72db0cd59d00785accf402c1be04a4c4d82e75a49c1a65e3d7a1	CIC_W	4511	W_LEAF	보드형지붕 바닥단열	단열 방음공사 > 지붕및바닥단열공사 > 보드형지붕 바닥단열	단열 방음공사	45	지붕및바닥단열공사	451	단열 방음공사 > 지붕및바닥단열공사	단열 방음공사	단열 방음공사	3	YES	0	0	0		5	시트지붕 바닥단열 | 현장포말지붕 바닥단열 | 다공성재료지붕 바닥단열 | 뿜칠형지붕 바닥단열 | 도막형바닥단열	단열 방음공사 > 지붕및바닥단열공사 > 보드형지붕 바닥단열	1	단열 방음공사 > 지붕및바닥단열공사 > 보드형지붕 바닥단열	0		NONE	EMPTY	EMPTY	EMPTY	EMPTY	NONE	AMBIGUOUS	UNREVIEWED	PENDING	PENDING	EMPTY	EMPTY
363	3fa23330404851de1a7f6ff4d5dc3f79fdbdd54271e412007a5debf979565e0e	CIC_W	4611	W_LEAF	콘크리트프레임	외부판재공사 > 커튼월프레임및앵커설치 > 콘크리트프레임	외부판재공사	46	커튼월프레임및앵커설치	461	외부판재공사 > 커튼월프레임및앵커설치	외부판재공사	외부판재공사	3	YES	0	0	0		5	철재프레임 | 알루미늄프레임 | 스테인레스스틸프레임 | 청동프레임 | 고정철물및부속재설치	외부판재공사 > 커튼월프레임및앵커설치 > 콘크리트프레임	1	외부판재공사 > 커튼월프레임및앵커설치 > 콘크리트프레임	0		SAME_ROOT	58	FRP판넬	MATERIAL_COMPONENT	REJECT	NONE	AMBIGUOUS	UNREVIEWED	PENDING	PENDING	EMPTY	EMPTY
364	68d5105c440c3bf5faf9178bb9a2207ad7ecdd4c704ee17fe67aaddcda51d80d	CIC_W	4741	W_LEAF	스파이럴금속계단	금속공사 > 금속계단 > 스파이럴금속계단	금속공사	47	금속계단	474	금속공사 > 금속계단	금속공사	금속공사	3	YES	0	0	0		5	직선금속계단 | 나선 원형금속계단 | 금속난간 | 금속계단발판(트레드) | 금속계단넌스립	금속공사 > 금속계단 > 스파이럴금속계단	1	금속공사 > 금속계단 > 스파이럴금속계단	0		NONE	EMPTY	EMPTY	EMPTY	EMPTY	NONE	AMBIGUOUS	UNREVIEWED	PENDING	PENDING	EMPTY	EMPTY
365	b0c69d967733c5a960371670c5f72d62cb2278a3967a3b937d74078054899714	CIC_W	4811	W_LEAF	문틀	창호공사 > 문 > 문틀	창호공사	48	문	481	창호공사 > 문	창호공사	창호공사	3	YES	0	0	0		2	문 | 특수문	창호공사 > 문 > 문틀	1	창호공사 > 문 > 문틀	0		SAME_ROOT	96	가공유리	MATERIAL_COMPONENT	REJECT	NONE	AMBIGUOUS	UNREVIEWED	PENDING	PENDING	EMPTY	EMPTY
366	e76626596b6dc79cef4f5674bb2f6c62c65107491679065437a04f5949160d74	CIC_W	5111	W_LEAF	시멘트모르터	미장공사 > 시멘트모르터미장 > 시멘트모르터	미장공사	51	시멘트모르터미장	511	미장공사 > 시멘트모르터미장	미장공사	미장공사	3	YES	0	0	0		5	단열모르터 | 내화모르터 | 내화학성모르터 | 프리믹스드모르터 | 특수시멘트모르터	미장공사 > 시멘트모르터미장 > 시멘트모르터	1	미장공사 > 시멘트모르터미장 > 시멘트모르터	0		NONE	EMPTY	EMPTY	EMPTY	EMPTY	NONE	AMBIGUOUS	UNREVIEWED	PENDING	PENDING	EMPTY	EMPTY
367	dc3bfb980ff62e0ed8a1855d1501187e9c47baf7c95897a0993cf251fedcb9ff	CIC_W	5211	W_LEAF	화강석깔기	석재판재공사 > 석재바닥깔기 > 화강석깔기	석재판재공사	52	석재바닥깔기	521	석재판재공사 > 석재바닥깔기	석재판재공사	석재판재공사	3	YES	0	0	0		5	대리석깔기 | 사암깔기 | 천연슬레이트(점판암)깔기 | 인조석깔기 | 테라조타일깔기	석재판재공사 > 석재바닥깔기 > 화강석깔기	1	석재판재공사 > 석재바닥깔기 > 화강석깔기	0		NONE	EMPTY	EMPTY	EMPTY	EMPTY	NONE	AMBIGUOUS	UNREVIEWED	PENDING	PENDING	EMPTY	EMPTY
368	29ffe3bc3490cd5490765e7be21e36c1535b1f9c26398b14d8a1270666218d2b	CIC_W	5311	W_LEAF	시멘트계타일바닥붙이기	타일공사 > 바닥타일붙이기 > 시멘트계타일바닥붙이기	타일공사	53	바닥타일붙이기	531	타일공사 > 바닥타일붙이기	타일공사	타일공사	3	YES	0	0	0		8	점토질타일바닥붙이기 | 자기질타일바닥붙이기 | 도기질타일바닥붙이기 | 합성수지타일바닥붙이기 | 유리질타일바닥붙이기 | 금속타일바닥붙이기 | 석재타일바닥붙이기 | 특수타일바닥붙이기	타일공사 > 바닥타일붙이기 > 시멘트계타일바닥붙이기	1	타일공사 > 바닥타일붙이기 > 시멘트계타일바닥붙이기	0		NONE	EMPTY	EMPTY	EMPTY	EMPTY	NONE	AMBIGUOUS	UNREVIEWED	PENDING	PENDING	EMPTY	EMPTY
369	776fa32fb58ec47255d4ebc0566803a1ea28a99ad9ee4b3bf794d809942ecd1c	CIC_W	5411	W_LEAF	온돌마루깔기	수장공사 > 바닥깔기 > 온돌마루깔기	수장공사	54	바닥깔기	541	수장공사 > 바닥깔기	수장공사	수장공사	3	YES	0	0	0		6	합성수지쉬트 | 합성수지판재 | 카페트깔기 | 이중바닥판(Accessfloor) | 인조잔디깔기 | 돗자리 다다미	수장공사 > 바닥깔기 > 온돌마루깔기	1	수장공사 > 바닥깔기 > 온돌마루깔기	0		SAME_ROOT	93	UBR(UnitBathRoom)설치	AMBIGUOUS	HOLD	NONE	AMBIGUOUS	UNREVIEWED	PENDING	PENDING	EMPTY	EMPTY
370	44177e2a0819082536c00a8808359ba78ecda756fae11358c5ef6f5165184f9a	CIC_W	5511	W_LEAF	금속제바탕처리	도장공사 > 바탕처리 > 금속제바탕처리	도장공사	55	바탕처리	551	도장공사 > 바탕처리	도장공사	도장공사	3	YES	0	0	0		6	목재바탕처리 | 미장및콘크리트면바탕처리 | 석고보드 종이면바탕처리 | 오일스테인 | 목재방부칠 | 기타도장바탕처리	도장공사 > 바탕처리 > 금속제바탕처리	1	도장공사 > 바탕처리 > 금속제바탕처리	0		NONE	EMPTY	EMPTY	EMPTY	EMPTY	NONE	AMBIGUOUS	UNREVIEWED	PENDING	PENDING	EMPTY	EMPTY
371	9e66dad48c05c7513397e00b7c115a71ebcdaa7e52417fe634e23ccda7069f4f	CIC_W	5611	W_LEAF	붙박이수납가구	설치물공사 > 붙박이실내설비 > 붙박이수납가구	설치물공사	56	붙박이실내설비	561	설치물공사 > 붙박이실내설비	설치물공사	설치물공사	3	YES	0	0	0		4	붙박이안내설비 | 칸막이 부츠 | 주방가구 | 기타설치가구	설치물공사 > 붙박이실내설비 > 붙박이수납가구	1	설치물공사 > 붙박이실내설비 > 붙박이수납가구	0		NONE	EMPTY	EMPTY	EMPTY	EMPTY	NONE	AMBIGUOUS	UNREVIEWED	PENDING	PENDING	EMPTY	EMPTY
372	a770e629c8a56fe1324693f81e9a817eda0931d4c6b592baa1db1774e6861f02	CIC_W	5711	W_LEAF	책상 탁자	가구및집기 > 일반가구 > 책상 탁자	가구및집기	57	일반가구	571	가구및집기 > 일반가구	가구및집기	가구및집기	3	YES	0	0	0		3	의자 | 침대 | 수납가구	가구및집기 > 일반가구 > 책상 탁자	1	가구및집기 > 일반가구 > 책상 탁자	0		SAME_ROOT	98	가구및집기	CLASSIFICATION	REJECT	NONE	AMBIGUOUS	UNREVIEWED	PENDING	PENDING	EMPTY	EMPTY
373	4f0a6299a5d8f30a655722a7c0e78b985c06316addf9814a45737bd22a7f7650	CIC_W	5911	W_LEAF	정지	조경공사 > 토양준비및흙쌓기 > 정지	조경공사	59	토양준비및흙쌓기	591	조경공사 > 토양준비및흙쌓기	조경공사	조경공사	3	YES	0	0	0		0		조경공사 > 토양준비및흙쌓기 > 정지	1	조경공사 > 토양준비및흙쌓기 > 정지	0		NONE	EMPTY	EMPTY	EMPTY	EMPTY	NONE	AMBIGUOUS	UNREVIEWED	PENDING	PENDING	EMPTY	EMPTY
374	46387bc10931d4a8fec2b6f327629535c4c5e3b7ade489a9dd0f4ae32cf408a7	CIC_W	6111	W_LEAF	배관공사	기계 플랜트시설공통공사 > 배관및관련부속공사 > 배관공사	기계 플랜트시설공통공사	61	배관및관련부속공사	611	기계 플랜트시설공통공사 > 배관및관련부속공사	기계 플랜트시설공통공사	기계 플랜트시설공통공사	3	YES	0	0	0		2	설비별배관공사 | 기타배관및관련부속공사	기계 플랜트시설공통공사 > 배관및관련부속공사 > 배관공사	1	기계 플랜트시설공통공사 > 배관및관련부속공사 > 배관공사	0		NONE	EMPTY	EMPTY	EMPTY	EMPTY	ENDS_WITH_공사	AMBIGUOUS	UNREVIEWED	PENDING	PENDING	EMPTY	EMPTY
375	0b6ebc7a89858c411c00a2fff176b1f7fe9edb00c56440b9acc2ebcd3712895d	CIC_W	6211	W_LEAF	기계보일러및부속공사	열원기기설비및공기조화설비공사 > 보일러부․부속공사 > 기계보일러및부속공사	열원기기설비및공기조화설비공사	62	보일러부․부속공사	621	열원기기설비및공기조화설비공사 > 보일러부․부속공사	열원기기설비및공기조화설비공사	열원기기설비및공기조화설비공사	3	YES	0	0	0		1	플랜트보일러및부속공사	열원기기설비및공기조화설비공사 > 보일러부․부속공사 > 기계보일러및부속공사	1	열원기기설비및공기조화설비공사 > 보일러부․부속공사 > 기계보일러및부속공사	0		NONE	EMPTY	EMPTY	EMPTY	EMPTY	ENDS_WITH_공사	AMBIGUOUS	UNREVIEWED	PENDING	PENDING	EMPTY	EMPTY
376	cfc316505b91f515b236b535dd0c5eb1db0852793a57837ffcc5d855577f9829	CIC_W	6311	W_LEAF	위생기구류공사	위생설비공사 > 위생기구설비공사 > 위생기구류공사	위생설비공사	63	위생기구설비공사	631	위생설비공사 > 위생기구설비공사	위생설비공사	위생설비공사	3	YES	0	0	0		3	위생기구류공사 | 배수트랩공사 | 수전금구류공사	위생설비공사 > 위생기구설비공사 > 위생기구류공사	2	위생설비공사 > 위생기구설비공사 > 위생기구류공사 | 위생설비공사 > 위생기구설비공사 > 위생기구류공사	0		NONE	EMPTY	EMPTY	EMPTY	EMPTY	ENDS_WITH_공사	AMBIGUOUS	UNREVIEWED	PENDING	PENDING	EMPTY	EMPTY
377	55c044382715ef16c86caf543f848bb9768f4952fad6bbb83ff57b77c25c37dc	CIC_W	6411	W_LEAF	소방설비별공사	방재기계설비공사 > 소방기계설비공사 > 소방설비별공사	방재기계설비공사	64	소방기계설비공사	641	방재기계설비공사 > 소방기계설비공사	방재기계설비공사	방재기계설비공사	3	YES	0	0	0		1	소방설비기기류별설치공사	방재기계설비공사 > 소방기계설비공사 > 소방설비별공사	1	방재기계설비공사 > 소방기계설비공사 > 소방설비별공사	0		NONE	EMPTY	EMPTY	EMPTY	EMPTY	ENDS_WITH_공사|CONTAINS_설비	AMBIGUOUS	UNREVIEWED	PENDING	PENDING	EMPTY	EMPTY
378	3f88bc543d98910b0fd213fdb0b1d83e2043e7c1006951f5162e5f2b3f9a7f1d	CIC_W	6511	W_LEAF	저장탱크제작공사	가스설비공사 > 저장탱크공사 > 저장탱크제작공사	가스설비공사	65	저장탱크공사	651	가스설비공사 > 저장탱크공사	가스설비공사	가스설비공사	3	YES	0	0	0		1	저장탱크설치공사	가스설비공사 > 저장탱크공사 > 저장탱크제작공사	1	가스설비공사 > 저장탱크공사 > 저장탱크제작공사	0		NONE	EMPTY	EMPTY	EMPTY	EMPTY	ENDS_WITH_공사	AMBIGUOUS	UNREVIEWED	PENDING	PENDING	EMPTY	EMPTY
379	053fd83032716618a3bcc3b287ac2b496d47321c911ab583ce733b63e3ad8b0e	CIC_W	6611	W_LEAF	살수설비주기기설비공사	특수설비공사 > 살수관련공사 > 살수설비주기기설비공사	특수설비공사	66	살수관련공사	661	특수설비공사 > 살수관련공사	특수설비공사	특수설비공사	3	YES	0	0	0		1	살수설비보조설비공사	특수설비공사 > 살수관련공사 > 살수설비주기기설비공사	1	특수설비공사 > 살수관련공사 > 살수설비주기기설비공사	0		NONE	EMPTY	EMPTY	EMPTY	EMPTY	ENDS_WITH_공사|CONTAINS_설비	AMBIGUOUS	UNREVIEWED	PENDING	PENDING	EMPTY	EMPTY
380	e8d8e750f5afba1f6f3c35e0d41463c9172189a682619323f8694e0d816d8c42	CIC_W	6711	W_LEAF	주방기구설비공사	서비스설비공사 > 주방기구설비공사 > 주방기구설비공사	서비스설비공사	67	주방기구설비공사	671	서비스설비공사 > 주방기구설비공사	서비스설비공사	서비스설비공사	3	YES	0	0	0		0		서비스설비공사 > 주방기구설비공사 > 주방기구설비공사	2	서비스설비공사 > 주방기구설비공사 | 서비스설비공사 > 주방기구설비공사 > 주방기구설비공사	0		NONE	EMPTY	EMPTY	EMPTY	EMPTY	ENDS_WITH_공사|CONTAINS_설비	AMBIGUOUS	UNREVIEWED	PENDING	PENDING	EMPTY	EMPTY
381	2010748a2cec6b89c03c764b8ffa0b16bed1294105a3991d1807a6943bded037	CIC_W	7111	W_LEAF	화력발전설비공사	발전설비공사 > 화력발전소공사 > 화력발전설비공사	발전설비공사	71	화력발전소공사	711	발전설비공사 > 화력발전소공사	발전설비공사	발전설비공사	3	YES	0	0	0		0		발전설비공사 > 화력발전소공사 > 화력발전설비공사	1	발전설비공사 > 화력발전소공사 > 화력발전설비공사	0		SAME_ROOT	66	LinerPlate설치공사	PROCESS	KEEP_AS_DISTINCT	ENDS_WITH_공사|CONTAINS_설비	AMBIGUOUS	UNREVIEWED	PENDING	PENDING	EMPTY	EMPTY
382	a355ce2ea36e2db32965d406233dcc3a813cbf5520b7e77f8952a49b22f96086	CIC_W	7211	W_LEAF	제철설비공사	제조설비관련공사 > 제철소공사 > 제철설비공사	제조설비관련공사	72	제철소공사	721	제조설비관련공사 > 제철소공사	제조설비관련공사	제조설비관련공사	3	YES	0	0	0		0		제조설비관련공사 > 제철소공사 > 제철설비공사	1	제조설비관련공사 > 제철소공사 > 제철설비공사	0		NONE	EMPTY	EMPTY	EMPTY	EMPTY	ENDS_WITH_공사|CONTAINS_설비	AMBIGUOUS	UNREVIEWED	PENDING	PENDING	EMPTY	EMPTY
383	cec40465db152219d2a21895981260ad1ee82b9ccc743cbab1d59d4a8e72e132	CIC_W	7311	W_LEAF	쓰레기소각설비공사	폐기물처리및대기환경설비관련공사 > 쓰레기소각설비공사 > 쓰레기소각설비공사	폐기물처리및대기환경설비관련공사	73	쓰레기소각설비공사	731	폐기물처리및대기환경설비관련공사 > 쓰레기소각설비공사	폐기물처리및대기환경설비관련공사	폐기물처리및대기환경설비관련공사	3	YES	0	0	0		0		폐기물처리및대기환경설비관련공사 > 쓰레기소각설비공사 > 쓰레기소각설비공사	2	폐기물처리및대기환경설비관련공사 > 쓰레기소각설비공사 | 폐기물처리및대기환경설비관련공사 > 쓰레기소각설비공사 > 쓰레기소각설비공사	0		SAME_ROOT	54	Absorber&AuxSystem공사	PROCESS	KEEP_AS_DISTINCT	ENDS_WITH_공사|CONTAINS_설비	AMBIGUOUS	UNREVIEWED	PENDING	PENDING	EMPTY	EMPTY
384	3a1fee75a8c13b15c88024aad71277a8bcc254ad333ea59940817792228663a1	CIC_W	7411	W_LEAF	운반기계설비공사	운송설비공사 > 운반기계설비공사 > 운반기계설비공사	운송설비공사	74	운반기계설비공사	741	운송설비공사 > 운반기계설비공사	운송설비공사	운송설비공사	3	YES	0	0	0		0		운송설비공사 > 운반기계설비공사 > 운반기계설비공사	2	운송설비공사 > 운반기계설비공사 | 운송설비공사 > 운반기계설비공사 > 운반기계설비공사	0		NONE	EMPTY	EMPTY	EMPTY	EMPTY	ENDS_WITH_공사|CONTAINS_설비	AMBIGUOUS	UNREVIEWED	PENDING	PENDING	EMPTY	EMPTY
385	6b5d97c2b7827f84057d95ff36996a139a12be7264b58926c9650fd5e4a954a6	CIC_W	7611	W_LEAF	석유비축및수송시설설비공사	에너지저장및관련수송설비공사 > 석유비축및수송공사 > 석유비축및수송시설설비공사	에너지저장및관련수송설비공사	76	석유비축및수송공사	761	에너지저장및관련수송설비공사 > 석유비축및수송공사	에너지저장및관련수송설비공사	에너지저장및관련수송설비공사	3	YES	0	0	0		0		에너지저장및관련수송설비공사 > 석유비축및수송공사 > 석유비축및수송시설설비공사	1	에너지저장및관련수송설비공사 > 석유비축및수송공사 > 석유비축및수송시설설비공사	0		SAME_ROOT	64	LNG및원유저장공사	PROCESS	KEEP_AS_DISTINCT	ENDS_WITH_공사|CONTAINS_설비	AMBIGUOUS	UNREVIEWED	PENDING	PENDING	EMPTY	EMPTY
386	fc1791cf8f9288e0e7688654ab3d0d54d1968493d1ec1895e37714ad36384a49	CIC_W	8111	W_LEAF	배관및전로공사	전기 자동제어 계장 신호 통신공통공사 > 배관․전로공사 > 배관및전로공사	전기 자동제어 계장 신호 통신공통공사	81	배관․전로공사	811	전기 자동제어 계장 신호 통신공통공사 > 배관․전로공사	전기 자동제어 계장 신호 통신공통공사	전기 자동제어 계장 신호 통신공통공사	3	YES	0	0	0		0		전기 자동제어 계장 신호 통신공통공사 > 배관․전로공사 > 배관및전로공사	1	전기 자동제어 계장 신호 통신공통공사 > 배관․전로공사 > 배관및전로공사	0		NONE	EMPTY	EMPTY	EMPTY	EMPTY	ENDS_WITH_공사	AMBIGUOUS	UNREVIEWED	PENDING	PENDING	EMPTY	EMPTY
387	92bbd2af3c28162f14b1db75adb1955d9e8665ef31df0bcb5ed0a8e3dacd0c47	CIC_W	8211	W_LEAF	송전설비별설치공사	송배전․발 수변전전기공사 > 송전설비공사 > 송전설비별설치공사	송배전․발 수변전전기공사	82	송전설비공사	821	송배전․발 수변전전기공사 > 송전설비공사	송배전․발 수변전전기공사	송배전․발 수변전전기공사	3	YES	0	0	0		1	송전설비공사	송배전․발 수변전전기공사 > 송전설비공사 > 송전설비별설치공사	1	송배전․발 수변전전기공사 > 송전설비공사 > 송전설비별설치공사	0		SAME_ROOT	62	GIS공사	PROCESS	KEEP_AS_DISTINCT	ENDS_WITH_공사|CONTAINS_설비	AMBIGUOUS	UNREVIEWED	PENDING	PENDING	EMPTY	EMPTY
388	73d311c8d9d65139be81ac55e8cf8a4a6237baf090c49709d93b57caacae7c89	CIC_W	8311	W_LEAF	배전설비공사	전력부하설비공사 > 배전설비공사 > 배전설비공사	전력부하설비공사	83	배전설비공사	831	전력부하설비공사 > 배전설비공사	전력부하설비공사	전력부하설비공사	3	YES	0	0	0		0		전력부하설비공사 > 배전설비공사 > 배전설비공사	4	송배전․발 수변전전기공사 > 배전설비공사 | 송배전․발 수변전전기공사 > 배전설비공사 > 배전설비공사 | 전력부하설비공사 > 배전설비공사 | 전력부하설비공사 > 배전설비공사 > 배전설비공사	0		NONE	EMPTY	EMPTY	EMPTY	EMPTY	ENDS_WITH_공사|CONTAINS_설비	AMBIGUOUS	UNREVIEWED	PENDING	PENDING	EMPTY	EMPTY
389	d7c8d5c3be8f32af5ec3287fe74208415bfca1be256128d12c69bb3c683d7bdd	CIC_W	8411	W_LEAF	통신구조물및기타보조기기류설치공사	정보 통신설비공사 > 통신관련설비공사 > 통신구조물및기타보조기기류설치공사	정보 통신설비공사	84	통신관련설비공사	841	정보 통신설비공사 > 통신관련설비공사	정보 통신설비공사	정보 통신설비공사	3	YES	0	0	0		0		정보 통신설비공사 > 통신관련설비공사 > 통신구조물및기타보조기기류설치공사	1	정보 통신설비공사 > 통신관련설비공사 > 통신구조물및기타보조기기류설치공사	0		SAME_ROOT	92	TV공청설비공사	PROCESS	KEEP_AS_DISTINCT	ENDS_WITH_공사	AMBIGUOUS	UNREVIEWED	PENDING	PENDING	EMPTY	EMPTY
390	1dfd86267b8c84ce966f7f303af4a6c2eefb9eba3ecffb6d8ff28748200450c4	CIC_W	8511	W_LEAF	자동화재탐지설비공사	방재전기설비공사 > 소방전기설비공사 > 자동화재탐지설비공사	방재전기설비공사	85	소방전기설비공사	851	방재전기설비공사 > 소방전기설비공사	방재전기설비공사	방재전기설비공사	3	YES	0	0	0		8	자동화재속보설비공사 | 자동화재경보기설비공사 | 누전경보기설비공사 | 비상경보설비및비상방송설비공사 | 유도등및유도표지설비공사 | 무선통신보조설비공사 | 소방전기설비개별기기설치공사 | 기타소방전기설비및보조설비설치공사	방재전기설비공사 > 소방전기설비공사 > 자동화재탐지설비공사	1	방재전기설비공사 > 소방전기설비공사 > 자동화재탐지설비공사	0		NONE	EMPTY	EMPTY	EMPTY	EMPTY	ENDS_WITH_공사|CONTAINS_설비	AMBIGUOUS	UNREVIEWED	PENDING	PENDING	EMPTY	EMPTY
391	e417f643fbb2d6bbe097fd3274c601fe03c9ca9570486aeff33a2de4a77b617f	CIC_W	8611	W_LEAF	제어설비공사	기타전기설비공사 > 감시제어및계장설비공사 > 제어설비공사	기타전기설비공사	86	감시제어및계장설비공사	861	기타전기설비공사 > 감시제어및계장설비공사	기타전기설비공사	기타전기설비공사	3	YES	0	0	0		7	조명제어설비공사 | 전력제어설비공사 | 승강기제어설비공사 | 화재감시제어설비공사 | 중앙감시제어설비공사 | 건축물통합감시설비공사 | 기타제어설비공사	기타전기설비공사 > 감시제어및계장설비공사 > 제어설비공사	1	기타전기설비공사 > 감시제어및계장설비공사 > 제어설비공사	0		NONE	EMPTY	EMPTY	EMPTY	EMPTY	ENDS_WITH_공사|CONTAINS_설비	AMBIGUOUS	UNREVIEWED	PENDING	PENDING	EMPTY	EMPTY
392	f1fac9c02ce38bde2a98f21c1c28cc32a51ca7001843d5ba0c8d395818f8bb24	CIC_W	9112	W_LEAF	배관관리및시험	기계 플랜트 산업설비 전기 통신시험 시운전공사 > 기계 프랜트공통시험 시운전공사 > 배관관리및시험	기계 플랜트 산업설비 전기 통신시험 시운전공사	91	기계 프랜트공통시험 시운전공사	911	기계 플랜트 산업설비 전기 통신시험 시운전공사 > 기계 프랜트공통시험 시운전공사	기계 플랜트 산업설비 전기 통신시험 시운전공사	기계 플랜트 산업설비 전기 통신시험 시운전공사	3	YES	0	0	0		2	T.A.B(TestingAdjustingandBalancing)공사 | 기타공사	기계 플랜트 산업설비 전기 통신시험 시운전공사 > 기계 프랜트공통시험 시운전공사 > 배관관리및시험	1	기계 플랜트 산업설비 전기 통신시험 시운전공사 > 기계 프랜트공통시험 시운전공사 > 배관관리및시험	0		SIBLING	90	T.A.B(TestingAdjustingandBalancing)공사	PROCESS	KEEP_AS_DISTINCT	NONE	AMBIGUOUS	UNREVIEWED	PENDING	PENDING	EMPTY	EMPTY
393	d830409679b1f0da0d1aacab97ad529038af6a163a9bb972777601e78947fd7c	CIC_W	0151	W_LEAF	직접공사비	공사일반사항및공사비 > 공사비 > 직접공사비	공사일반사항및공사비	01	공사비	015	공사일반사항및공사비 > 공사비	공사일반사항및공사비	공사일반사항및공사비	3	YES	0	0	0		8	공통공사비 | 간접인건비 | 경비 | 일반관리비 | 이윤 | 공사손해보험료 | 부가가치세 | 공사금액총계	공사일반사항및공사비 > 공사비 > 직접공사비	1	공사일반사항및공사비 > 공사비 > 직접공사비	0		NONE	EMPTY	EMPTY	EMPTY	EMPTY	NONE	AMBIGUOUS	UNREVIEWED	PENDING	PENDING	EMPTY	EMPTY
394	c616a6403c85eb8e02a71d90ab47cd11d3f306765be2d4200e6ac8c9926bda2a	CIC_W	0221	W_LEAF	발주자가설현장사무실	가설건물 시설물(간접가설공사) > 발주자용가설건물 시설 > 발주자가설현장사무실	가설건물 시설물(간접가설공사)	02	발주자용가설건물 시설	022	가설건물 시설물(간접가설공사) > 발주자용가설건물 시설	가설건물 시설물(간접가설공사)	가설건물 시설물(간접가설공사)	3	YES	0	0	0		8	발주자가설창고 | 발주자가설작업실 | 발주자가설실험실 | 발주자가설화약고 | 발주자가설숙소 | 발주자가설화장실 샤워실 | 발주자가설식당 | 기타발주자용가설건물 시설	가설건물 시설물(간접가설공사) > 발주자용가설건물 시설 > 발주자가설현장사무실	1	가설건물 시설물(간접가설공사) > 발주자용가설건물 시설 > 발주자가설현장사무실	0		NONE	EMPTY	EMPTY	EMPTY	EMPTY	NONE	AMBIGUOUS	UNREVIEWED	PENDING	PENDING	EMPTY	EMPTY
395	64b26b4e0469c9ca7b92f8a6a2e1416bb3c033fb16f1310b0363350e5c0aa110	CIC_W	0321	W_LEAF	가설비계	본공사성가설공사 > 가설작업보조시설 > 가설비계	본공사성가설공사	03	가설작업보조시설	032	본공사성가설공사 > 가설작업보조시설	본공사성가설공사	본공사성가설공사	3	YES	0	0	0		5	동바리 | 작업안전및가설방호시설 | 공사중공공이용시설 | 공사용가설설비 | 가설보호막	본공사성가설공사 > 가설작업보조시설 > 가설비계	1	본공사성가설공사 > 가설작업보조시설 > 가설비계	0		SAME_ROOT	69	P.P마대가물막이	PROCESS	KEEP_AS_DISTINCT	CONTAINS_설비	AMBIGUOUS	UNREVIEWED	PENDING	PENDING	EMPTY	EMPTY
396	bcb3457f521aca9f8edf395bf60f7596d1925192879e0c6d36a5fdcf1c72e549	CIC_W	0521	W_LEAF	기존도로유지보수	현장유지관리 > 기존도로유지보수 > 기존도로유지보수	현장유지관리	05	기존도로유지보수	052	현장유지관리 > 기존도로유지보수	현장유지관리	현장유지관리	3	YES	0	0	0		0		현장유지관리 > 기존도로유지보수 > 기존도로유지보수	2	현장유지관리 > 기존도로유지보수 | 현장유지관리 > 기존도로유지보수 > 기존도로유지보수	0		NONE	EMPTY	EMPTY	EMPTY	EMPTY	NONE	AMBIGUOUS	UNREVIEWED	PENDING	PENDING	EMPTY	EMPTY
397	a1e37d5f8284de1008d1d319ce923ec28f2663b174cc45fc79a2881218615b81	CIC_W	0621	W_LEAF	타워크레인	공통장비 > 인양장비 > 타워크레인	공통장비	06	인양장비	062	공통장비 > 인양장비	공통장비	공통장비	3	YES	0	0	0		3	크레인 | 리프트 | 윈치	공통장비 > 인양장비 > 타워크레인	1	공통장비 > 인양장비 > 타워크레인	6	KOSHA_CONSTRUCTION_PROCESS:아파트 > 양중기작업 > 타워크레인 | KOSHA_CONSTRUCTION_PROCESS:댐 > 양중기작업 > 타워크레인 | KOSHA_CONSTRUCTION_PROCESS:터널 > 양중기작업 > 타워크레인 | KOSHA_CONSTRUCTION_PROCESS:교량 및 도로 > 양중기작업 > 타워크레인 | KOSHA_CONSTRUCTION_PROCESS:지하철 > 양중기작업 > 타워크레인 | KOSHA_CONSTRUCTION_PROCESS:빌딩 > 양중기작업 > 타워크레인	NONE	EMPTY	EMPTY	EMPTY	EMPTY	NONE	AMBIGUOUS	UNREVIEWED	PENDING	PENDING	EMPTY	EMPTY
398	868eb492f652bad56dd2783098cd261eb47e310111a01b4d486acb860ce274e6	CIC_W	0721	W_LEAF	도로	품질시험 > 토목품질시험 > 도로	품질시험	07	토목품질시험	072	품질시험 > 토목품질시험	품질시험	품질시험	3	YES	0	0	0		5	철도 | 교량 | 터널 | 수공구조물공사 | 배관및배수	품질시험 > 토목품질시험 > 도로	2	품질시험 > 토목품질시험 > 도로 | 측량 > 노선측량 > 도로	0		NONE	EMPTY	EMPTY	EMPTY	EMPTY	NONE	AMBIGUOUS	UNREVIEWED	PENDING	PENDING	EMPTY	EMPTY
399	2ae8e864320d75d56d64f6c86d2a1d9de38415bb1b672c7d6bc4aa26b5b33aaf	CIC_W	0861	W_LEAF	방수및방습	건축품질시험 > 건축관리시험(단열 방수 지붕) > 방수및방습	건축품질시험	08	건축관리시험(단열 방수 지붕)	086	건축품질시험 > 건축관리시험(단열 방수 지붕)	건축품질시험	건축품질시험	3	YES	0	0	0		3	단열및방화 | 진동및방음 | 지붕및기와	건축품질시험 > 건축관리시험(단열 방수 지붕) > 방수및방습	1	건축품질시험 > 건축관리시험(단열 방수 지붕) > 방수및방습	0		NONE	EMPTY	EMPTY	EMPTY	EMPTY	NONE	AMBIGUOUS	UNREVIEWED	PENDING	PENDING	EMPTY	EMPTY
400	5990c9fd74f3f766c27be9d344989eaa7d705929723d0e261b275c7188cabfc7	CIC_W	1121	W_LEAF	등고선	측량 > 지형측량 > 등고선	측량	11	지형측량	112	측량 > 지형측량	측량	측량	3	YES	0	0	0		1	지성선	측량 > 지형측량 > 등고선	1	측량 > 지형측량 > 등고선	0		NONE	EMPTY	EMPTY	EMPTY	EMPTY	NONE	AMBIGUOUS	UNREVIEWED	PENDING	PENDING	EMPTY	EMPTY
