review_no	seed_proposal_key	source_key	name	semantic_kind_before	semantic_kind_after	semantic_review_decision	merge_candidate_keys	approval_state
1092	d9789a4302f129073a3ee4db9e48aac09a768fa511ea337714671cacbbc1cfcd	3143	관부사	AMBIGUOUS	TASK	KEEP_AS_DISTINCT	EMPTY	NOT_APPROVED
1093	80a213196084e4204d18c157f65b8e83c9b4e26023601e348a699a5d514e81cb	3144	검사관설치	AMBIGUOUS	TASK	KEEP_AS_DISTINCT	EMPTY	NOT_APPROVED
1094	725790d67a0a2a62a23b2692554facf9035200d5a039742a0b3cfd996f8ca01a	3145	스핀들	AMBIGUOUS	MATERIAL_COMPONENT	REJECT	EMPTY	NOT_APPROVED
1095	dd9a393c7bbb0fb673e177ca483f926649c30bd00d4291df3ec9b4b063ce4583	3146	경사판설치	AMBIGUOUS	TASK	KEEP_AS_DISTINCT	EMPTY	NOT_APPROVED
1096	ad1f5fcc98fdd185ff16f002276aeded6acea23cd6644f2dc75445e1f05a980d	3149	기타토목배관부대공사	AMBIGUOUS	PROCESS	KEEP_AS_DISTINCT	EMPTY	NOT_APPROVED
1097	a1460a115560ca2c358a64ac2368c3de3b4101a46b97b8ad741fe9373f1f49e1	3151	맨홀	AMBIGUOUS	FACILITY_EQUIPMENT	REJECT	EMPTY	NOT_APPROVED
1098	45b37c04fd2ca1c63266cb142421d79a4586ce357146f0745d4dbda9c03ab1df	3152	변실	AMBIGUOUS	FACILITY_EQUIPMENT	REJECT	EMPTY	NOT_APPROVED
1099	e65475e1d179c2ef9841eb7a048bce91439a8a4056c98e5a224c11fe2b5ae149	3153	측구	AMBIGUOUS	FACILITY_EQUIPMENT	REJECT	EMPTY	NOT_APPROVED
1100	402debf8627e0cb5427da320e50205757640ec25ae1462f516d05ad1f50f6b5d	3154	맹암거	AMBIGUOUS	FACILITY_EQUIPMENT	REJECT	EMPTY	NOT_APPROVED
1101	dc7bd90d99efbc59cbb863199acde90729a141177f85639977e8ef6315211cac	3155	표면배수시설	AMBIGUOUS	FACILITY_EQUIPMENT	REJECT	EMPTY	NOT_APPROVED
1102	38756b54e66139a8a51536edd04b37dc292601480cd6f47f26c9b69c8f6138ec	3156	수격방지시설	AMBIGUOUS	FACILITY_EQUIPMENT	REJECT	EMPTY	NOT_APPROVED
1103	0fffe84b364dcc2d6af1cee83bdc678c03d053a72ce292f99087994fddb00a01	3157	여과설비설치	AMBIGUOUS	TASK	KEEP_AS_DISTINCT	EMPTY	NOT_APPROVED
1104	e0ec89bd18b9f69d18881e0a2da89831a1159842f28aa255b2162921ec0c2a39	3158	토목배관표식	AMBIGUOUS	FACILITY_EQUIPMENT	REJECT	EMPTY	NOT_APPROVED
1105	36f50407f54a96e6eb9af063f312646affe127f18634ca1049458e91bcb1d35e	3161	상수도배관검사	AMBIGUOUS	TASK	KEEP_AS_DISTINCT	EMPTY	NOT_APPROVED
1106	6feadf753b3cd0045ce91321fa6b0d3277766ae77f511ed0d275e2924d9ac8ab	3162	상수도배관청소	AMBIGUOUS	TASK	KEEP_AS_DISTINCT	EMPTY	NOT_APPROVED
1107	8fd4d570477fb0bdf5802cdeb109d941235e3232cacdb4d715b0053d4c9dc508	3163	상수도배관내장애물제거	AMBIGUOUS	TASK	KEEP_AS_DISTINCT	EMPTY	NOT_APPROVED
1108	6577885572a50f97fcaf107c735ad26c2e3384530b0f190ff254f66e54af9ce5	3164	상수도배관보수	AMBIGUOUS	TASK	KEEP_AS_DISTINCT	EMPTY	NOT_APPROVED
1109	6e2364cb64ad350f918a250902855ce4147fc7831800f044cc2043fc3595c55c	3171	하수도배관검사	AMBIGUOUS	TASK	KEEP_AS_DISTINCT	EMPTY	NOT_APPROVED
1110	20ae6c3e01464dc91a126f52c1201c1080c505b8f706f4d163b9a32b5b78977f	3172	하수도배관청소	AMBIGUOUS	TASK	KEEP_AS_DISTINCT	EMPTY	NOT_APPROVED
1111	208a494578492169a7e528a1cfda0f108e327351ecb457e46940a71e21fbceb2	3173	하수도배관내장애물제거	AMBIGUOUS	TASK	KEEP_AS_DISTINCT	EMPTY	NOT_APPROVED
1112	17b668b77f2f92bd5b4179dfc5441f134164fa6a5690830c0e1efdaf79ba7243	3174	배관내부준설	AMBIGUOUS	TASK	KEEP_AS_DISTINCT	EMPTY	NOT_APPROVED
1113	94ed32e6578bd4eac1963e6bdb407b627b29c108fee07513ee27e70b413f93ea	3175	하수도배관보수	AMBIGUOUS	TASK	KEEP_AS_DISTINCT	EMPTY	NOT_APPROVED
1114	c29139a4a886a1cf9fb67b5fb2d84686c089458dc422313a4c0854eb6b14bdb2	3212	보조기층	AMBIGUOUS	MATERIAL_COMPONENT	REJECT	EMPTY	NOT_APPROVED
1115	1885352b0ce9a75e0a7f0237e86a3b8faea95709de01642a3eb5449d6e117252	3213	기층아스콘	AMBIGUOUS	MATERIAL_COMPONENT	REJECT	EMPTY	NOT_APPROVED
1116	90ffef381d44d4139bab63c4c10d326d22b9e9fe5cdf8de5e2c479028acc890f	3214	중간층	AMBIGUOUS	MATERIAL_COMPONENT	REJECT	EMPTY	NOT_APPROVED
1117	a252b950445b99985e23dc304d7a552f5759de1bb6eecf27a5b94643e28f67b6	3215	표층아스콘	AMBIGUOUS	MATERIAL_COMPONENT	REJECT	EMPTY	NOT_APPROVED
1118	4cb2ae86d2859a0d221bfd7df3c3690b051a7c678963f0f8c20ddcb41ce97183	3216	교량상판포장	AMBIGUOUS	PROCESS	KEEP_AS_DISTINCT	EMPTY	NOT_APPROVED
1119	d94b308c01f54672af85c7958c0e1d2f0bd164bc140a5ddd30740dc8e81aa706	3217	미끄럼방지포장	AMBIGUOUS	PROCESS	KEEP_AS_DISTINCT	EMPTY	NOT_APPROVED
1120	8b6d0b79c9140ba10fb4429563d39fab1b28cc857e24510f193b7da67817c28f	3218	특수포장	AMBIGUOUS	PROCESS	KEEP_AS_DISTINCT	EMPTY	NOT_APPROVED
1121	0b6fd762d4da1f1675481bb05b95df913b17e7e50935eed4900f570738391fd9	3221	포장콘크리트포설	AMBIGUOUS	TASK	KEEP_AS_DISTINCT	EMPTY	NOT_APPROVED
1122	90b77c65d0065024558b62ab9ec19d83240b56e89fc1a853b3bbb17d5cc6384b	3223	포장거푸집	AMBIGUOUS	FACILITY_EQUIPMENT	REJECT	EMPTY	NOT_APPROVED
1123	ff8e52e5640550c524555dac817eb1cd0fed5682e3641adb43946153ffd5a444	3228	콘크리트포장줄눈	AMBIGUOUS	MATERIAL_COMPONENT	REJECT	EMPTY	NOT_APPROVED
1124	8cbbe33ec6f1d1c0a6ab3d736bf99b242559d90f2bd7a46f86812421c5a257b9	3231	머캐덤포장	AMBIGUOUS	PROCESS	KEEP_AS_DISTINCT	EMPTY	NOT_APPROVED
1125	3f5696a9f3cf7dc2c02ee6070dc8112b9cd2972efaca23878939c60f860f8a00	3232	경하중아스콘포장	AMBIGUOUS	PROCESS	KEEP_AS_DISTINCT	EMPTY	NOT_APPROVED
1126	db4fdc61a957478824a3ca78eb2da42a21755082c47ab91da5f069cef172bbd5	3233	투수콘크리트포장	AMBIGUOUS	PROCESS	KEEP_AS_DISTINCT	EMPTY	NOT_APPROVED
1127	820c688fb95b871c0ea88272fdea677ced3f6ca7253fc552200baea46968e56a	3234	보도블록포장	AMBIGUOUS	PROCESS	KEEP_AS_DISTINCT	EMPTY	NOT_APPROVED
1128	d51b69c570ddce4fbbd932b679ac2d535adba6884815f0ffe19cbe903f885611	3235	우레탄수지포장	AMBIGUOUS	PROCESS	KEEP_AS_DISTINCT	EMPTY	NOT_APPROVED
1129	a3b77e28b64767a0c107a8bfa6f0c48decc9deeda4034d4e074657a3657829b5	3241	도로배수관로	AMBIGUOUS	FACILITY_EQUIPMENT	REJECT	EMPTY	NOT_APPROVED
1130	4f174193200fe14c08bab744cd78fa99b194951f4829f753ee19900d6e3789a9	3242	도로배수구조물 - - 대․중․소 분류대․중․소 분류	AMBIGUOUS	FACILITY_EQUIPMENT	REJECT	EMPTY	NOT_APPROVED
1131	8503207cfae127de3e3dc166dbc3ca023e76ecbab6b359c80267cfc90c033ed1	3258	암거날개벽	AMBIGUOUS	FACILITY_EQUIPMENT	REJECT	EMPTY	NOT_APPROVED
1132	89b13df6e4d24e6120e9b3688c6dfdf425bf8dc413561a1450a48b77e2b08867	3261	도로경계석	AMBIGUOUS	FACILITY_EQUIPMENT	REJECT	EMPTY	NOT_APPROVED
1133	c52ca9060d9f0fac7a0b8f5b29f5e4b1c7041f0e1001154564f5a7eefceb2bc9	3262	도로방호구조물	AMBIGUOUS	FACILITY_EQUIPMENT	REJECT	EMPTY	NOT_APPROVED
1134	6b07b2c6c30bd63c562747fa75b6abb25f3615e8fd132a06d0ecb40038dcebe9	3263	교통안전설비	AMBIGUOUS	FACILITY_EQUIPMENT	REJECT	EMPTY	NOT_APPROVED
1135	eaa8d41d33c75bbe8d492713d174813bae2a84dd270801849d13bd2893807a3a	3271	교통표지판	AMBIGUOUS	FACILITY_EQUIPMENT	REJECT	EMPTY	NOT_APPROVED
1136	bb3eab798e3b087ccfecad31f99917bab9763b36e8c1d49922a5e2b136742372	3272	노면표식	AMBIGUOUS	FACILITY_EQUIPMENT	REJECT	EMPTY	NOT_APPROVED
1137	d6e5070d98026017303b27140bfa87792ce7676aca8292f392eb3ada4f5b04cd	3273	교통유도표식	AMBIGUOUS	FACILITY_EQUIPMENT	REJECT	EMPTY	NOT_APPROVED
1138	18278b41d4d70ed426d1501d9a4e958b44d02f26448d2edc72e1e0b410d6302c	3279	기타도로표식시설	AMBIGUOUS	FACILITY_EQUIPMENT	REJECT	EMPTY	NOT_APPROVED
1139	c9f147055ac93971ef1f3a6855f26bfb96e3c1812221b04801423df446401a15	3281	아스콘포장덧씨우기	AMBIGUOUS	TASK	KEEP_AS_DISTINCT	EMPTY	NOT_APPROVED
1140	07e804bf5c4a2c01205309a740af181e4071a571c2ab2e2628135c6ee817d8d8	3282	아스콘포장보수	AMBIGUOUS	TASK	KEEP_AS_DISTINCT	EMPTY	NOT_APPROVED
1141	c451f22fb908b062ca4aa6170f513b013bfc2c43becf6bd797ee36867ed0353f	3283	콘크리트포장보수	AMBIGUOUS	TASK	KEEP_AS_DISTINCT	EMPTY	NOT_APPROVED
1142	c3725f26b29c139e4a13051dbc599a365f4c0674c5d6a3694ed1cceecdff4d49	3284	경하중포장보수	AMBIGUOUS	TASK	KEEP_AS_DISTINCT	EMPTY	NOT_APPROVED
1143	4b95ba152348f7eb53f960f9b1a6049f7edd37ff9163910bea5618d3b149bc75	3322	자갈살포고르기	AMBIGUOUS	TASK	KEEP_AS_DISTINCT	EMPTY	NOT_APPROVED
1144	1bd3d25421bafa6a46070f01969a16824bdf3d58de23306000668e512e045308	3323	콘크리트도상설치	AMBIGUOUS	TASK	KEEP_AS_DISTINCT	EMPTY	NOT_APPROVED
1145	9b88bee4db4ad42e00ccbe59b3bde7d7250c41be23ba6368c4383a512f1df77e	3324	프리케스트도상설치	AMBIGUOUS	TASK	KEEP_AS_DISTINCT	EMPTY	NOT_APPROVED
1146	2a9a88b556eec1537a579ef59c121ad502c862ea38e75d60cc3954d6919b7426	3331	궤도자재준비	AMBIGUOUS	TASK	KEEP_AS_DISTINCT	EMPTY	NOT_APPROVED
1147	a8e77a2f764f0074d15488edaac866ec3a669d5b5009a8a3074abe576cdb54b9	3332	침목깔기	AMBIGUOUS	TASK	KEEP_AS_DISTINCT	EMPTY	NOT_APPROVED
1148	6efa7d4cee03e66aa6a59e930449b9c4a1e173a0bdaa7e575b37d64dd6e9cf4d	3333	궤도부설및레일체결	AMBIGUOUS	TASK	KEEP_AS_DISTINCT	EMPTY	NOT_APPROVED
1149	fb2440cf3e3ae4edf4c52f67fe8da2d85ad3adce852e1c1f4535cdedeae33370	3334	분기부궤도부설	AMBIGUOUS	TASK	KEEP_AS_DISTINCT	EMPTY	NOT_APPROVED
1150	1250e2ca29829434cdab03833651318b7e2a844df16b7c149341c1d2b0af3999	3335	궤도현장용접	AMBIGUOUS	TASK	KEEP_AS_DISTINCT	EMPTY	NOT_APPROVED
1151	db7161f9ba5a23afdad0921ca09c5a1b972f4912d342b2bcf09c4289a0a4fd4f	3336	레일신축이음장치설치	AMBIGUOUS	TASK	KEEP_AS_DISTINCT	EMPTY	NOT_APPROVED
1152	3903085a456e9d4266349a008915b4d31633a608e7b8c39e6856746ab6772c74	3337	웨인뎃트포인트붙이기	AMBIGUOUS	TASK	KEEP_AS_DISTINCT	EMPTY	NOT_APPROVED
1153	c7cbea02f75301c870113ee15d70708ba12ee78dc2e273e50c149afbacc5a429	3338	궤도교정및시험	AMBIGUOUS	TASK	KEEP_AS_DISTINCT	EMPTY	NOT_APPROVED
1154	1df6f2246519d6b2867d9e0a079e285be2820d3bd64c2e4264eef5d167b07d82	3339	기타궤도부설	AMBIGUOUS	PROCESS	KEEP_AS_DISTINCT	EMPTY	NOT_APPROVED
1155	9dae7b491ea15df558ee344f35b56bb9d4749ea54662a2b1ad703e6e81706fc6	3341	일반궤도분기기설치	AMBIGUOUS	TASK	KEEP_AS_DISTINCT	EMPTY	NOT_APPROVED
1156	9c82543230e9b7631c99dca6b8f9e275389cfd3466e90fe0b36110348c9e79c1	3342	치하철분기기설치	AMBIGUOUS	TASK	KEEP_AS_DISTINCT	EMPTY	NOT_APPROVED
1157	efa6117fd30a55f77e32deef46340d2edfef72a93b8e0d9a4f9e35a3bfca1e36	3351	건널목깔기(구형)	AMBIGUOUS	TASK	KEEP_AS_DISTINCT	EMPTY	NOT_APPROVED
1158	89c6a93bdddfabac79d696d09499fafcb8130aba0a854ca47e128dc25e11264c	3352	건널목깔기(개량형)	AMBIGUOUS	TASK	KEEP_AS_DISTINCT	EMPTY	NOT_APPROVED
1159	548311d20cf72bea2f47206960cee9f7c823525ec91766c241db1e51c5a5e72c	3353	건널목설비	AMBIGUOUS	FACILITY_EQUIPMENT	REJECT	EMPTY	NOT_APPROVED
1160	29b905389c4d4b68c0ef4ff4cbce68421a841e0b36db18d5bae73f5f166589ab	3371	열차안전설비	AMBIGUOUS	FACILITY_EQUIPMENT	REJECT	EMPTY	NOT_APPROVED
1161	dd08c52c03a223b82642778dea468b8fa2d9152c501590efac5b25dc78946cf3	3372	철도표식시설	AMBIGUOUS	FACILITY_EQUIPMENT	REJECT	EMPTY	NOT_APPROVED
1162	839c032477c382921b6cd68c516d3dc64aeeab5c803077418203db730d23995e	3373	레일도유기설치	AMBIGUOUS	TASK	KEEP_AS_DISTINCT	EMPTY	NOT_APPROVED
1163	e508abe893d01d2ba454dedc182ad344d17d4311a5e3d904613ed81b017fc834	3381	레일보선	AMBIGUOUS	TASK	KEEP_AS_DISTINCT	EMPTY	NOT_APPROVED
1164	32cbf1e5cd70e8ee3ef56f82774f97e742520d279e567420a5aec9f37c18db77	3382	분기부레일보선	AMBIGUOUS	TASK	KEEP_AS_DISTINCT	EMPTY	NOT_APPROVED
1165	49680a6ece654e42c82edac48e7c4cb2a19e9528cbde7830693514b51504b7e9	3383	침목및체결보선	AMBIGUOUS	TASK	KEEP_AS_DISTINCT	EMPTY	NOT_APPROVED
1166	76fcac6b33753c21c7459d888f6516c738089d198b4a98d5d10496bfa1926ed3	3385	철도자재교환	AMBIGUOUS	TASK	KEEP_AS_DISTINCT	EMPTY	NOT_APPROVED
1167	add5bd3381acccf7b34c11e84751b1fba88a257fafa86c1d7d64a0c361e8f2a8	3386	도상보수	AMBIGUOUS	TASK	KEEP_AS_DISTINCT	EMPTY	NOT_APPROVED
1168	3adba735ad8b859cb89402756a88ebdd8ab3bd38127d8ca7c3d744b5ae77bdfe	3387	철도부대시설보수	AMBIGUOUS	TASK	KEEP_AS_DISTINCT	EMPTY	NOT_APPROVED
1169	0afda13975e6705f76242a30e4ca26eaf8a37d2a4c97ce784ef4362e447cab68	3422	일방향가동형교량받침	AMBIGUOUS	FACILITY_EQUIPMENT	REJECT	EMPTY	NOT_APPROVED
1170	91c9636e014d645b5a8d47d902eb4ee11f497573e06ce6488d98d38f7682cfcb	3423	양방향가동형교량받침	AMBIGUOUS	FACILITY_EQUIPMENT	REJECT	EMPTY	NOT_APPROVED
1171	29f82fece6d2aedbda20035cf8fed9d614acbd3cedc7e3a92e24a59ee64a6b35	3431	맞댐식신축이음장치	AMBIGUOUS	FACILITY_EQUIPMENT	REJECT	EMPTY	NOT_APPROVED
1172	7416799897d29fa653d06bb96036347350ca538a24e88d6bd58285653263bcf8	3432	지지식신축이음장치	AMBIGUOUS	FACILITY_EQUIPMENT	REJECT	EMPTY	NOT_APPROVED
1173	ba6fc773f14fadc2f6e36e22327e90b32f92d0a499d2a53c7379317d0d49017e	3441	교량난간	AMBIGUOUS	FACILITY_EQUIPMENT	REJECT	EMPTY	NOT_APPROVED
1174	401a324fec153b2abe0a9f73b5ecf3bdeb0efcdd0d7675f9e5be4fcb13dfece5	3442	교량용차량방호책	AMBIGUOUS	FACILITY_EQUIPMENT	REJECT	EMPTY	NOT_APPROVED
1175	a3da29beda8903da47612d7a258e5b1f03fe9b73504429648a66cbfc1ce73375	3443	중앙분리대	AMBIGUOUS	FACILITY_EQUIPMENT	REJECT	EMPTY	NOT_APPROVED
1176	fadabaff6bf355da0849a609304fddd0ea6087e680cc65d4a999d3eb92b8e23f	3444	교량방호벽	AMBIGUOUS	FACILITY_EQUIPMENT	REJECT	EMPTY	NOT_APPROVED
1177	74de1c67445702bec72fe019b628b0a7f9d959ecccec43bcf01a4df9bab02265	3445	교량방음벽	AMBIGUOUS	FACILITY_EQUIPMENT	REJECT	EMPTY	NOT_APPROVED
1178	a810567f2f195d582436ad800d76b34b0e45848c348156428d973f65995c9b89	3451	배수배관	AMBIGUOUS	MATERIAL_COMPONENT	REJECT	EMPTY	NOT_APPROVED
1179	04cd3dc3ed8353c925b0205a061eeab4119d5c9bf9c98dd619b24bd3a7bd9b2c	3452	집수구	AMBIGUOUS	FACILITY_EQUIPMENT	REJECT	EMPTY	NOT_APPROVED
1180	3489860e5a36e802537983751af2a3ce4d25bf048e871e1f87092e15cf810dc8	3453	배수구	AMBIGUOUS	FACILITY_EQUIPMENT	REJECT	EMPTY	NOT_APPROVED
1181	773e45d364c7fa21588de3b6dc3b0c770158cc61059ca8425e8a4573df2969ae	3461	교대및교각보호공사	AMBIGUOUS	PROCESS	KEEP_AS_DISTINCT	EMPTY	NOT_APPROVED
1182	b02585e14e4ebefafa1509b1814c876e14e74185c083e35264610706d8db6965	3462	다웰바설치	AMBIGUOUS	TASK	KEEP_AS_DISTINCT	EMPTY	NOT_APPROVED
1183	16078464e824caa13278665708efd7cb63313476100c2f72f3f0bf6f921782e1	3463	교량측량및계측설비설치	AMBIGUOUS	TASK	KEEP_AS_DISTINCT	EMPTY	NOT_APPROVED
1184	2c3eeb99af4b3404c009f220ce57daabd5861646d696fe3edcc07c8f7de2311c	3471	교량점검및유지관리시설	AMBIGUOUS	FACILITY_EQUIPMENT	REJECT	EMPTY	NOT_APPROVED
1185	1a6f260f2cca25941f8d8d590ae3afb262198f4c04ed5a9b74152db446f4d106	3472	교량표식시설	AMBIGUOUS	FACILITY_EQUIPMENT	REJECT	EMPTY	NOT_APPROVED
1186	1a78cb138e3ce7e90493030936078fa697925fb286f98ca365cd8024f46ba0bc	3512	발파굴착	AMBIGUOUS	TASK	KEEP_AS_DISTINCT	EMPTY	NOT_APPROVED
1187	53ad63952421e1f217edbe35d4507cdf685b02820633e320ba868c6680425aaa	3521	현장타설콘크리트라이닝	AMBIGUOUS	TASK	KEEP_AS_DISTINCT	EMPTY	NOT_APPROVED
1188	041780c940ecd37928b0df15fadbce9874b4525ab41d8b5ae5b4a742f51e3fd9	3522	세그먼트(Segment)라이닝	AMBIGUOUS	TASK	KEEP_AS_DISTINCT	EMPTY	NOT_APPROVED
1189	fbacf86398b727aa66b03ef84785adf05e22a3b2d5d668d9377f3650883fb6c5	3531	터널락볼트	AMBIGUOUS	MATERIAL_COMPONENT	REJECT	EMPTY	NOT_APPROVED
1190	d4b69974047965c9e8fb5a0fb0f7da9e8d0234d784de54f14069973b8a350260	3532	터널복공뒷채움	AMBIGUOUS	TASK	KEEP_AS_DISTINCT	EMPTY	NOT_APPROVED
1191	4d4256bb6fa83977d9428433e5d471084a3f711b44ec34d7d13253b2927c1e03	3533	막장안정	AMBIGUOUS	TASK	KEEP_AS_DISTINCT	EMPTY	NOT_APPROVED
1192	3485c1f7757188fa9024d0aadb0be1d025cb1868dfe65cb086233d8ecf174459	3534	감지천공	AMBIGUOUS	TASK	KEEP_AS_DISTINCT	EMPTY	NOT_APPROVED
1193	09811fab34dd8b564d5d5fe59eceb170b1062f96291108b486d17261a7b49785	3535	갱구숏크리트(Shotcrete)	AMBIGUOUS	TASK	KEEP_AS_DISTINCT	EMPTY	NOT_APPROVED
1194	46308399ce860873cfe6c66feb55384fcc954304f03e8d19661713225cf083be	3538	터널영구계측설비설치	AMBIGUOUS	TASK	KEEP_AS_DISTINCT	EMPTY	NOT_APPROVED
1195	975104eeaf620b6da7bb46c561cc5a4094e51bb3512fff2edba4c611b42f919c	3541	터널방수	AMBIGUOUS	TASK	KEEP_AS_DISTINCT	EMPTY	NOT_APPROVED
1196	a326c8df78a377473d0a095d1b248534b62eb78a25df7551df07f08472fb83a1	3542	터널배수시설	AMBIGUOUS	FACILITY_EQUIPMENT	REJECT	EMPTY	NOT_APPROVED
1197	6902deb8bb7b91b96c721fd38a647d6a0d6fad17e587d349add5e28493be1b43	3551	터널거푸집	AMBIGUOUS	FACILITY_EQUIPMENT	REJECT	EMPTY	NOT_APPROVED
1198	0f8f295bd5b100de7fcba859876479728937290eb771ae608ded8aee1024432d	3552	터널내부지보 - - 대․중․소 분류대․중․소 분류	AMBIGUOUS	PROCESS	KEEP_AS_DISTINCT	EMPTY	NOT_APPROVED
1199	9609b9eb0ea4e60497df70a8bdde98f78942d9259959cc3b59407d56495e58bb	3553	갱문지보및가시설	AMBIGUOUS	PROCESS	KEEP_AS_DISTINCT	EMPTY	NOT_APPROVED
1200	8910cae423bbe9e365a93678c3ed0608c92d7708296f9fa39247a186bb2a97c9	3561	터널주행부아스콘포장	AMBIGUOUS	PROCESS	KEEP_AS_DISTINCT	EMPTY	NOT_APPROVED
1201	ca848eab64cfba24b7a33e0fed45bcf31dce492c556eb1cf99bee079477ba0fd	3562	터널주행부콘크리트포장	AMBIGUOUS	PROCESS	KEEP_AS_DISTINCT	EMPTY	NOT_APPROVED
1202	1f00acd37df22b9c8cf0c38626ac3b798dcf1543c12decd4304a0f83f6948ef8	3563	터널궤도부레일부설	AMBIGUOUS	TASK	KEEP_AS_DISTINCT	EMPTY	NOT_APPROVED
1203	b2728e682add6c7f0a50b6955d08d7f1b21de45498d61db134d7473cd5d23622	3565	터널내부마감	AMBIGUOUS	PROCESS	KEEP_AS_DISTINCT	EMPTY	NOT_APPROVED
1204	1ac79f77a6b830120e8f3cd290e23b6663ee686ed497630941eddcd20df63c68	3566	내부통로난간	AMBIGUOUS	FACILITY_EQUIPMENT	REJECT	EMPTY	NOT_APPROVED
1205	99b9161d5b49b1c81ebd525bc7bd3bbf47260cbbc12f0a1c46b0f55f22bf826e	3612	중질토사(N=	AMBIGUOUS	AMBIGUOUS	HOLD	EMPTY	NOT_APPROVED
1206	c5f3fa842907c6d1134bf288eeec4b28d02829f55005c0389e97789df0dcb620	3613	경질토사(N=	AMBIGUOUS	AMBIGUOUS	HOLD	EMPTY	NOT_APPROVED
1207	239dafdebbc9cd4043da1e332a49696941c6e2d434a3e588555c100c8b442655	3614	최경질토사(N=	AMBIGUOUS	AMBIGUOUS	HOLD	EMPTY	NOT_APPROVED
1208	357045e5dbdab33934142c2da5caed89348ae0a152b730bdc8f826155db92888	3615	자갈석인연질토사(N=	AMBIGUOUS	AMBIGUOUS	HOLD	EMPTY	NOT_APPROVED
1209	f2c37f3e456ae9bf1838dd7b6b2ceaa9980e5002f5b66bd180fccbc9b8a23a6c	3616	자갈석인경질토(N=	AMBIGUOUS	AMBIGUOUS	HOLD	EMPTY	NOT_APPROVED
1210	4dc01a3b20ea1bf55aa268ba12d15d2d7ba6c33be5ee31c91fe6273b3ee4bc7d	3617	연암준설	AMBIGUOUS	TASK	KEEP_AS_DISTINCT	EMPTY	NOT_APPROVED
1211	b09995178803d2826608fe7c3f8ed2fd2040dcee348ae9c04d8f359c7523a3e3	3618	경암준설	AMBIGUOUS	TASK	KEEP_AS_DISTINCT	EMPTY	NOT_APPROVED
1212	9af5c2c7b6b36c72fcf89ce8d5becdde15134fb36a54ac8d4d730a52cf10aa21	3619	오니(오염토 오염퇴적물)준설	AMBIGUOUS	TASK	KEEP_AS_DISTINCT	EMPTY	NOT_APPROVED
1213	e3ab3f338d7472b5d3f09c533673258672c2cd65bbc4fa47edba0641fa867bf7	3621	기초사석	AMBIGUOUS	MATERIAL_COMPONENT	REJECT	EMPTY	NOT_APPROVED
1214	5899fd3e799f866e501809e60b44e83464517d4e41e3a317fe7b73be41779c37	3622	근고석	AMBIGUOUS	MATERIAL_COMPONENT	REJECT	EMPTY	NOT_APPROVED
1215	1440f1d379b627f8c5eb74b4810d6ad4e2888792c19101d8d1549d7084e79744	3623	속채움사석	AMBIGUOUS	MATERIAL_COMPONENT	REJECT	EMPTY	NOT_APPROVED
1216	63aa412cc6af43bd6d36b152e69fa7a5688954b09a48d97a58b05407e4991ce7	3624	필터사석	AMBIGUOUS	MATERIAL_COMPONENT	REJECT	EMPTY	NOT_APPROVED
1217	d8d4b35967d74ad524841e18a668c2308876207daffea71e89d7d1ae49c2d192	3625	피복석	AMBIGUOUS	MATERIAL_COMPONENT	REJECT	EMPTY	NOT_APPROVED
1218	dbcc3d50c7b31be3e41f37fdf8a8cafc1f23afe2f66e92f54dabe2ae9108642d	3626	뒷채움사석	AMBIGUOUS	MATERIAL_COMPONENT	REJECT	EMPTY	NOT_APPROVED
1219	50be0bd681495ada5f2e905d848807ab6b2f961b3acbaab5cc95721dd075019d	3627	슬래그	AMBIGUOUS	MATERIAL_COMPONENT	REJECT	EMPTY	NOT_APPROVED
1220	9b6c9620a475eda75518d53cc30a0f8dbe135dfba02f60ac23d7f167d1a0efac	3628	고르기	AMBIGUOUS	TASK	KEEP_AS_DISTINCT	EMPTY	NOT_APPROVED
1221	92d694698e54daec87aa20fee7dd7fa25e9ca38169759914bdf2721e057f6bd6	3631	케이슨제작및설치	AMBIGUOUS	TASK	KEEP_AS_DISTINCT	EMPTY	NOT_APPROVED
1222	632484387562d6d7323e1f7e0bad8421ca265bf7aa795d8193d3b65d76df6394	3632	호안용콘크리트구조물제작	AMBIGUOUS	TASK	KEEP_AS_DISTINCT	EMPTY	NOT_APPROVED
1223	1f21fd00f0f2588258183bb13d3926255634e153ec19f5defbb8f3fec19a3b39	3633	호안구조물운반및거치	AMBIGUOUS	TASK	KEEP_AS_DISTINCT	EMPTY	NOT_APPROVED
1224	52a313dc7634b3ea6bb341fca3dc4f4a9ab287e7ea531a43c42c4d18866e0fd0	3635	콘크리트블록속채움	AMBIGUOUS	TASK	KEEP_AS_DISTINCT	EMPTY	NOT_APPROVED
1225	bd1f0dd350d342bb9fc3b0ef2e737a839d6a513c3c1278d2c226a5f26f109e02	3641	밑고정공사	AMBIGUOUS	PROCESS	KEEP_AS_DISTINCT	EMPTY	NOT_APPROVED
1226	99f4ed1717f3ee76c82de2a11696f7c1735f96e0b0f29c08a3210adc3d892d6d	3642	비탈막이	AMBIGUOUS	PROCESS	KEEP_AS_DISTINCT	EMPTY	NOT_APPROVED
1227	b69479bab8150507480b81519d214c41e625e14eb47b0f71234e68da35a93f63	3643	비탈기초	AMBIGUOUS	FACILITY_EQUIPMENT	REJECT	EMPTY	NOT_APPROVED
1228	d9c4828ad1a7764ec2abf1f92d3650d6a519e8443cc4c7e409260e8ead526bcc	3644	비탈복공	AMBIGUOUS	PROCESS	KEEP_AS_DISTINCT	EMPTY	NOT_APPROVED
1229	60b0494ecc362cf781450e2eea363d96c9c210cc075d8a15c9c0c8d4aa1a7c8f	3645	호안정지석	AMBIGUOUS	MATERIAL_COMPONENT	REJECT	EMPTY	NOT_APPROVED
1230	8f9d6844c8fe8a29bdb32d2afb0540d57e096a4b2d2c87f43f762ec68b8f98dc	3646	하천바닥정지공사	AMBIGUOUS	PROCESS	KEEP_AS_DISTINCT	EMPTY	NOT_APPROVED
1231	de0f9fd40126cfa14be8dc5ccd640e832737f73b8957246bc81794c38a320c7a	3647	방사돌제공사	AMBIGUOUS	PROCESS	KEEP_AS_DISTINCT	EMPTY	NOT_APPROVED
1232	24661728920634d5a3ca0bbc9c106b4ace06531d5a3e79df0d508b3c8d7b264a	3648	시버스	AMBIGUOUS	FACILITY_EQUIPMENT	REJECT	EMPTY	NOT_APPROVED
1233	c083e6330c4cd71ecafc313e98a084acb857ecc6771ed48b65acf2bf5ea28e87	3649	기타호안공사	AMBIGUOUS	PROCESS	KEEP_AS_DISTINCT	EMPTY	NOT_APPROVED
1234	1654e0ad593b841c1bd390fe7e6357033eaa2c0a85d2147bf619a3d9799e5336	3671	계선부속설비	AMBIGUOUS	FACILITY_EQUIPMENT	REJECT	EMPTY	NOT_APPROVED
1235	c2054275d447dfaad2f7132d07106c561cc553d9df99a528f65bf318907b1c59	3672	화물상 하선설비	AMBIGUOUS	FACILITY_EQUIPMENT	REJECT	EMPTY	NOT_APPROVED
1236	a7c2e72510cb143927182026c353712d61a9a401380d63c9408f575899b43e2d	3681	하천 해상오염방지	AMBIGUOUS	PROCESS	KEEP_AS_DISTINCT	EMPTY	NOT_APPROVED
1237	2c412c5f5936e4134bd3fd68841ffda3eb8ba9bc51cf4689312e6cb64258b2f6	3688	하천 해상방식	AMBIGUOUS	PROCESS	KEEP_AS_DISTINCT	EMPTY	NOT_APPROVED
1238	cb75f9a4b2afc29ce99451be7085432c1230a20544dd877b2cd954c99ee9fe63	3712	휠터재료축조	AMBIGUOUS	TASK	KEEP_AS_DISTINCT	EMPTY	NOT_APPROVED
1239	7d95067951620c85b421f5755a6f548addc7560a2b575fa41aa5b6ad5c842440	3713	사력재료축조	AMBIGUOUS	TASK	KEEP_AS_DISTINCT	EMPTY	NOT_APPROVED
1240	3b0872eaa57efc0f21211178ae8ac9547b933f311acf34c82fcd23284f2e53b4	3714	암석재료축조	AMBIGUOUS	TASK	KEEP_AS_DISTINCT	EMPTY	NOT_APPROVED
1241	757b625de118fc99e9aaf62c462dbb8df366fa79bdf3e875644fa595da74d174	3715	랜덤재료축조	AMBIGUOUS	TASK	KEEP_AS_DISTINCT	EMPTY	NOT_APPROVED
1242	fae1a47067eba05f77f5b29541dff343b99b1105caa31b61f7572f93825c4ef4	3721	상류블랑켓	AMBIGUOUS	MATERIAL_COMPONENT	REJECT	EMPTY	NOT_APPROVED
1243	c42614c2937349248253e18a0dc120e60dd2fb87b3ef2614351457f68851399c	3722	표면슬라브지지층	AMBIGUOUS	MATERIAL_COMPONENT	REJECT	EMPTY	NOT_APPROVED
1244	a60f09b190db0de12d06d63aefe53ec683bef9044d555e60dbc55ba8bd1ab54c	3723	표면차수슬라브콘크리트	AMBIGUOUS	MATERIAL_COMPONENT	REJECT	EMPTY	NOT_APPROVED
1245	ba5760aa9678fbbdddd824bf1815fc3aab9f758a8d4b1b7ecd348ce017a32641	3823	세그먼트옹벽	AMBIGUOUS	FACILITY_EQUIPMENT	REJECT	EMPTY	NOT_APPROVED
1246	8987918f4686df96cea8de8372679ce1f52fc567d21698c737e2b9e54dc61ed6	3827	석축쌓기	AMBIGUOUS	TASK	KEEP_AS_DISTINCT	EMPTY	NOT_APPROVED
1247	468457497b76f3f7017b5b3953c28e03bd1264295c83058362bf39b73927c2fd	3891	가비온옹벽	AMBIGUOUS	FACILITY_EQUIPMENT	REJECT	EMPTY	NOT_APPROVED
1248	e127860026c9ee7aeda2ab8841081187587aecb1f3e9054c8cb08c6282752763	3892	모래마대옹벽	AMBIGUOUS	FACILITY_EQUIPMENT	REJECT	EMPTY	NOT_APPROVED
1249	ccd2a38868bf65bde57899ed6770e53b4dbeb6816fdcde04768f10c0743f9809	4112	점토질벽돌	AMBIGUOUS	MATERIAL_COMPONENT	REJECT	EMPTY	NOT_APPROVED
1250	066d76195befa007ca6ba7effc14beceef46f3a4bdb756c35860a15c47f5cfa5	4113	경량벽돌	AMBIGUOUS	MATERIAL_COMPONENT	REJECT	EMPTY	NOT_APPROVED
1251	bbe171b138098872d58ec43c9010b2bfcce9bc22ccf3e98f93ae0d3bcddef813	4114	고압벽돌	AMBIGUOUS	MATERIAL_COMPONENT	REJECT	EMPTY	NOT_APPROVED
1252	15e7754023107ba48a3a9f639eab2ec8b52b6b72ad7f92775889a7855e9daccf	4116	내화벽돌	AMBIGUOUS	MATERIAL_COMPONENT	REJECT	EMPTY	NOT_APPROVED
1253	f11b8bdf116ac27d6431670af9a097dbe55e217b2459b7275a97dbbd5c6e66b6	4117	내부식성벽돌	AMBIGUOUS	MATERIAL_COMPONENT	REJECT	EMPTY	NOT_APPROVED
1254	1f3322a00bf24eb9afa1dd39b9d295ddc59526b01e96a699c02f904736975246	4118	특수벽돌	AMBIGUOUS	MATERIAL_COMPONENT	REJECT	EMPTY	NOT_APPROVED
1255	100b59e3fd2edfacb9c0f0c4e40fd2f71ed6fb7c969ae5cf8937bb6f2bcabdf2	4131	콘크리트블록	AMBIGUOUS	MATERIAL_COMPONENT	REJECT	EMPTY	NOT_APPROVED
1256	7c8bcd716b7efb70ccb0f43982a9245cfba7e1ab5e9018049976b7eb2d1b2e4d	4132	점토질블록(테라코타)	AMBIGUOUS	MATERIAL_COMPONENT	REJECT	EMPTY	NOT_APPROVED
1257	dfd8677e550abbe663b3f6fa8667845ddd7b5ce3d3324a6a1cd35fbd31905599	4136	내화블록	AMBIGUOUS	MATERIAL_COMPONENT	REJECT	EMPTY	NOT_APPROVED
1258	a43fa18300c302ad9b19577fb6240f985fec68520b4c29a2768b196bca90ac3b	4137	내부식성블록	AMBIGUOUS	MATERIAL_COMPONENT	REJECT	EMPTY	NOT_APPROVED
1259	a59cc0cd73edd1302670b8e9fe73c3cee8704dd5a9cfa88c12c387f58376e912	4138	특수블록	AMBIGUOUS	MATERIAL_COMPONENT	REJECT	EMPTY	NOT_APPROVED
1260	3e7f1e531134893452da1903bac43d090e519a24d5065a595b5039269f22f0ea	4151	유리블록쌓기	AMBIGUOUS	TASK	KEEP_AS_DISTINCT	EMPTY	NOT_APPROVED
1261	fd23d55d8ef7d3ec2a8a37f20c66e060e6dd57506ef5aabc51de433055962d27	4152	유리블록판넬설치	AMBIGUOUS	TASK	KEEP_AS_DISTINCT	EMPTY	NOT_APPROVED
1262	df2ea452674ff73fba8259d2453e3ab2264171874f466ff491a2b1aa88b506c3	4161	대리석조적	AMBIGUOUS	TASK	KEEP_AS_DISTINCT	EMPTY	NOT_APPROVED
1263	c691f0610b736a0f407488a78f105d8f3a5b1eede80885e90eb45872352007da	4162	화강석조적	AMBIGUOUS	TASK	KEEP_AS_DISTINCT	EMPTY	NOT_APPROVED
1264	a28fc20c81c40fe39688e167a995dd581a8c704f30ffc49e81a63133ba1ebe4a	4163	사암조적	AMBIGUOUS	TASK	KEEP_AS_DISTINCT	EMPTY	NOT_APPROVED
1265	70cd640ae09f826eba7576b8608a8f8150aa399556da6fc1f6726a3cb352e4c4	4164	석회암조적	AMBIGUOUS	TASK	KEEP_AS_DISTINCT	EMPTY	NOT_APPROVED
1266	ae35ca6cc43731468321da40c8945afe86a01670bfdb98c77bf88e90632d0646	4165	천연슬레이트조적	AMBIGUOUS	TASK	KEEP_AS_DISTINCT	EMPTY	NOT_APPROVED
1267	f89929a4593eef34313ffb2de365c182100f57eaa11257d95af1a772e1773afc	4166	인조석조적	AMBIGUOUS	TASK	KEEP_AS_DISTINCT	EMPTY	NOT_APPROVED
1268	ddeb2e2829fb13948a1c37d77e564f236112884394cfd51875f0da355189f8cf	4171	와이어판넬	AMBIGUOUS	MATERIAL_COMPONENT	REJECT	EMPTY	NOT_APPROVED
1269	3d5f11a10a96b6974dc8d28193f7689e8e696049cda8b7128a629668238b4a43	4172	세라믹판넬	AMBIGUOUS	MATERIAL_COMPONENT	REJECT	EMPTY	NOT_APPROVED
1270	f6d1609107169282751418db3b64aadf7aa7163fa73bde02e81e08d65a7d7993	4173	테라코타판넬 - - 대․중․소 분류대․중․소 분류	AMBIGUOUS	MATERIAL_COMPONENT	REJECT	EMPTY	NOT_APPROVED
1271	ca1aca0bb1b052e3442849fa95e28925324f3c0ed899cd921c207a1170c25890	4181	보강기둥설치	AMBIGUOUS	TASK	KEEP_AS_DISTINCT	EMPTY	NOT_APPROVED
1272	6ab72342f63bd4a40a1c73372f06a5c553018c10ba90fa319cd5d8ce20278b2b	4182	보강보설치	AMBIGUOUS	TASK	KEEP_AS_DISTINCT	EMPTY	NOT_APPROVED
1273	65324bfc8dff7d1ee26f933cc6ed0b17ed23f17e5928835157ca0c746f86e91f	4183	인방설치	AMBIGUOUS	TASK	KEEP_AS_DISTINCT	EMPTY	NOT_APPROVED
1274	1ffe94d1ff21a4d6c7ef1c9071b9cc320cc1f00664b222d696d20f3a3a2fa74e	4184	창선반(씰)설치	AMBIGUOUS	TASK	KEEP_AS_DISTINCT	EMPTY	NOT_APPROVED
1275	19ff1af50eb32337d910e81ac28dad5b23bf0656c6548a721949cf8b9b256f5a	4185	외벽발수처리	AMBIGUOUS	TASK	KEEP_AS_DISTINCT	EMPTY	NOT_APPROVED
1276	e07ddfd629d2db7ef6fa04beb20150f6d3b56dc602c16525e660e0e3d747d880	4212	기둥	AMBIGUOUS	MATERIAL_COMPONENT	REJECT	EMPTY	NOT_APPROVED
1277	9064002589a1718d4671ead524f4fb12f6fffdd3c3cbf0b4786139fa2f8723e1	4213	보(도리)	AMBIGUOUS	MATERIAL_COMPONENT	REJECT	EMPTY	NOT_APPROVED
1278	256151962d7f146a0a63ef44e73ac1bc07335aaf107c04cd26523e6fd47865a5	4214	벽체	AMBIGUOUS	MATERIAL_COMPONENT	REJECT	EMPTY	NOT_APPROVED
1279	995067692622c06c6414db649e281418b28aa631b7ae142221d59f1d2dec4d8e	4215	목조마루틀	AMBIGUOUS	MATERIAL_COMPONENT	REJECT	EMPTY	NOT_APPROVED
1280	4113b045159c62180ea6e71f45a5de3bff4d27fe736594f198b86a0cf095418a	4216	목조계단	AMBIGUOUS	MATERIAL_COMPONENT	REJECT	EMPTY	NOT_APPROVED
1281	08584d9cead16b444b3bada0110fd037d71884eb8de3ce8a37352284e3be80d4	4217	목조지붕틀	AMBIGUOUS	MATERIAL_COMPONENT	REJECT	EMPTY	NOT_APPROVED
1282	aa7ecf78a34b18b3ab240ae057b9b0c2951755f2cd82c4ecf24801542a60f680	4251	목조바닥깔기	AMBIGUOUS	TASK	KEEP_AS_DISTINCT	EMPTY	NOT_APPROVED
1283	66e4c76072b7daf9ccefeb6025ed03c69aecdc6bcddaeb3f7e11718002335fb4	4252	목조칸막이틀	AMBIGUOUS	MATERIAL_COMPONENT	REJECT	EMPTY	NOT_APPROVED
1284	3f77688902b276836236dc6612001cfc5b382c67aee0d74b7c06954590057591	4253	벽체띠장설치	AMBIGUOUS	TASK	KEEP_AS_DISTINCT	EMPTY	NOT_APPROVED
1285	742dd42c4c5fdab072896007df1107574d92e6dad782daa80330c070b1b1d3e0	4254	벽체목재마감	AMBIGUOUS	TASK	KEEP_AS_DISTINCT	EMPTY	NOT_APPROVED
1286	a9029be10c27e3bb93d940559d81bc8a1d5e84d5ab6b46c11c4865f4a75c3189	4255	목조반자틀	AMBIGUOUS	MATERIAL_COMPONENT	REJECT	EMPTY	NOT_APPROVED
1287	56383d4afd0a2391c5bf72444bdbb1953d0e98f71b15c7175e833d4cf1893c49	4256	목재천정마감	AMBIGUOUS	TASK	KEEP_AS_DISTINCT	EMPTY	NOT_APPROVED
1288	60b38a97d2e11e62d6ea3b65b1f710efdcd45874ca98914923dea0b0d284cc74	4257	목조지붕널덮기	AMBIGUOUS	TASK	KEEP_AS_DISTINCT	EMPTY	NOT_APPROVED
1289	68525261ce095d3897977919eaaebf67b31e4e9757ae7ba31967be2cd0cb7837	4271	목재난간설치	AMBIGUOUS	TASK	KEEP_AS_DISTINCT	EMPTY	NOT_APPROVED
1290	3e76711c5691cbbdbd8786854b47db5b760957b345c27abc65f51a1b8aebc4ad	4272	목재창선반설치	AMBIGUOUS	TASK	KEEP_AS_DISTINCT	EMPTY	NOT_APPROVED
1291	4c00926f14d5c6676a50ce836ec48211b32379cda739552cfd92855ff091f0ae	4273	목재마감목설치	AMBIGUOUS	TASK	KEEP_AS_DISTINCT	EMPTY	NOT_APPROVED
