review_no	seed_proposal_key	source_key	name	source_path	root_name	root_source_key	parent_name	parent_source_key	parent_semantic_kind	parent_review_decision	parent_leaf_family_policy	sibling_count	sibling_names	reviewed_sibling_count	reviewed_sibling_refs	same_name_cicw_count	same_name_cicw_paths	same_name_other_source_count	same_name_other_source_refs	lexical_cues	gpt_semantic_kind	gpt_review_decision	merge_candidate_keys	gpt_reason
1292	e8249c58ee71ea73b0efd5b8c5411893c49132bcd71d64aceb91a645a9c47232	4281	프레스	목공사 > 목재처리 > 프레스	목공사	42	목재처리	428	PROCESS	KEEP_AS_DISTINCT	INSUFFICIENT_EVIDENCE	4	방부처리 | 방충처리 | 내화처리 | 내신축처리	0		1	목공사 > 목재처리 > 프레스	0		NONE	PENDING	PENDING	EMPTY	EMPTY
1293	1bdfa15a93d2cb4d7c6e76868ecc67a6ac11d9ce73eadd785cf3c83439e7387c	4282	방부처리	목공사 > 목재처리 > 방부처리	목공사	42	목재처리	428	PROCESS	KEEP_AS_DISTINCT	INSUFFICIENT_EVIDENCE	4	프레스 | 방충처리 | 내화처리 | 내신축처리	0		1	목공사 > 목재처리 > 방부처리	0		NONE	PENDING	PENDING	EMPTY	EMPTY
1294	b1afa416cf8e4a03075cd391a7b9f5ec6fb0fadc12b3677d4bbd9bc601eebd35	4283	방충처리	목공사 > 목재처리 > 방충처리	목공사	42	목재처리	428	PROCESS	KEEP_AS_DISTINCT	INSUFFICIENT_EVIDENCE	4	프레스 | 방부처리 | 내화처리 | 내신축처리	0		1	목공사 > 목재처리 > 방충처리	0		NONE	PENDING	PENDING	EMPTY	EMPTY
1295	0ff5f9db985f9a89298139efc6e722464900aa347d3309964f480aac3d072a2a	4284	내화처리	목공사 > 목재처리 > 내화처리	목공사	42	목재처리	428	PROCESS	KEEP_AS_DISTINCT	INSUFFICIENT_EVIDENCE	4	프레스 | 방부처리 | 방충처리 | 내신축처리	0		1	목공사 > 목재처리 > 내화처리	0		NONE	PENDING	PENDING	EMPTY	EMPTY
1296	68ead68b55fa28a12bf9126d046477614120b2e641be1bfcc712af8b39f7a7b2	4285	내신축처리	목공사 > 목재처리 > 내신축처리	목공사	42	목재처리	428	PROCESS	KEEP_AS_DISTINCT	INSUFFICIENT_EVIDENCE	4	프레스 | 방부처리 | 방충처리 | 내화처리	0		1	목공사 > 목재처리 > 내신축처리	0		NONE	PENDING	PENDING	EMPTY	EMPTY
1297	cca19c876cf0be8334cc1c67a9823ff6165f175dd5b93ec7d55ef5771260cca6	4312	너와지붕잇기	지붕및홈통공사 > 자연형지붕잇기 > 너와지붕잇기	지붕및홈통공사	43	자연형지붕잇기	431	PROCESS	KEEP_AS_DISTINCT	INSUFFICIENT_EVIDENCE	3	초가지붕잇기 | 잔디지붕 | 수목지붕	1	4311:초가지붕잇기:TASK:KEEP_AS_DISTINCT	1	지붕및홈통공사 > 자연형지붕잇기 > 너와지붕잇기	0		NONE	PENDING	PENDING	EMPTY	EMPTY
1298	3433d91ca328c259854c716a20309a1f75e12c6f428b2d41ad47b0e53a46423f	4313	잔디지붕	지붕및홈통공사 > 자연형지붕잇기 > 잔디지붕	지붕및홈통공사	43	자연형지붕잇기	431	PROCESS	KEEP_AS_DISTINCT	INSUFFICIENT_EVIDENCE	3	초가지붕잇기 | 너와지붕잇기 | 수목지붕	1	4311:초가지붕잇기:TASK:KEEP_AS_DISTINCT	1	지붕및홈통공사 > 자연형지붕잇기 > 잔디지붕	0		NONE	PENDING	PENDING	EMPTY	EMPTY
1299	005630482e19f7a9be2601010e96dc23f38142f7c5979c8d1cd061bc9fd402fb	4314	수목지붕	지붕및홈통공사 > 자연형지붕잇기 > 수목지붕	지붕및홈통공사	43	자연형지붕잇기	431	PROCESS	KEEP_AS_DISTINCT	INSUFFICIENT_EVIDENCE	3	초가지붕잇기 | 너와지붕잇기 | 잔디지붕	1	4311:초가지붕잇기:TASK:KEEP_AS_DISTINCT	1	지붕및홈통공사 > 자연형지붕잇기 > 수목지붕	0		NONE	PENDING	PENDING	EMPTY	EMPTY
1300	4dcef32e83a9ee18b42d1043ae74c73aaa9011422f5786c1fa4fb5dea77a1567	4321	시멘트기와잇기	지붕및홈통공사 > 기와잇기 > 시멘트기와잇기	지붕및홈통공사	43	기와잇기	432	PROCESS	KEEP_AS_DISTINCT	NOT_ASSESSED	8	점토질기와잇기 | 자기질기와잇기 | 슬레이트기와잇기 | 아스팔트슁글잇기 | 금속기와잇기 | 목재기와잇기 | 플라스틱기와잇기 | 부속기와	0		1	지붕및홈통공사 > 기와잇기 > 시멘트기와잇기	0		NONE	PENDING	PENDING	EMPTY	EMPTY
1301	50c5fa9f65baad28c8c23119e78f7615cf232b097283394635addeef5010ed74	4322	점토질기와잇기	지붕및홈통공사 > 기와잇기 > 점토질기와잇기	지붕및홈통공사	43	기와잇기	432	PROCESS	KEEP_AS_DISTINCT	NOT_ASSESSED	8	시멘트기와잇기 | 자기질기와잇기 | 슬레이트기와잇기 | 아스팔트슁글잇기 | 금속기와잇기 | 목재기와잇기 | 플라스틱기와잇기 | 부속기와	0		1	지붕및홈통공사 > 기와잇기 > 점토질기와잇기	0		NONE	PENDING	PENDING	EMPTY	EMPTY
1302	19ab4bbfd71916dd1ad9d772e181a44ccbf079bb84acef4d020cba854b050385	4323	자기질기와잇기	지붕및홈통공사 > 기와잇기 > 자기질기와잇기	지붕및홈통공사	43	기와잇기	432	PROCESS	KEEP_AS_DISTINCT	NOT_ASSESSED	8	시멘트기와잇기 | 점토질기와잇기 | 슬레이트기와잇기 | 아스팔트슁글잇기 | 금속기와잇기 | 목재기와잇기 | 플라스틱기와잇기 | 부속기와	0		1	지붕및홈통공사 > 기와잇기 > 자기질기와잇기	0		NONE	PENDING	PENDING	EMPTY	EMPTY
1303	a03418852b021301a6af711c2de7fcc65fd504d5c7588c0dac29999a4583b978	4324	슬레이트기와잇기	지붕및홈통공사 > 기와잇기 > 슬레이트기와잇기	지붕및홈통공사	43	기와잇기	432	PROCESS	KEEP_AS_DISTINCT	NOT_ASSESSED	8	시멘트기와잇기 | 점토질기와잇기 | 자기질기와잇기 | 아스팔트슁글잇기 | 금속기와잇기 | 목재기와잇기 | 플라스틱기와잇기 | 부속기와	0		1	지붕및홈통공사 > 기와잇기 > 슬레이트기와잇기	0		NONE	PENDING	PENDING	EMPTY	EMPTY
1304	502ee391bc5f31ac102bda97fd8f7b6ee785a22e1c81598908c799c2664e1c80	4325	아스팔트슁글잇기	지붕및홈통공사 > 기와잇기 > 아스팔트슁글잇기	지붕및홈통공사	43	기와잇기	432	PROCESS	KEEP_AS_DISTINCT	NOT_ASSESSED	8	시멘트기와잇기 | 점토질기와잇기 | 자기질기와잇기 | 슬레이트기와잇기 | 금속기와잇기 | 목재기와잇기 | 플라스틱기와잇기 | 부속기와	0		1	지붕및홈통공사 > 기와잇기 > 아스팔트슁글잇기	0		NONE	PENDING	PENDING	EMPTY	EMPTY
1305	93a032716eef22228c6d19e554d442e7b75c74aacd4af439ae8af94fe1a727bb	4326	금속기와잇기	지붕및홈통공사 > 기와잇기 > 금속기와잇기	지붕및홈통공사	43	기와잇기	432	PROCESS	KEEP_AS_DISTINCT	NOT_ASSESSED	8	시멘트기와잇기 | 점토질기와잇기 | 자기질기와잇기 | 슬레이트기와잇기 | 아스팔트슁글잇기 | 목재기와잇기 | 플라스틱기와잇기 | 부속기와	0		1	지붕및홈통공사 > 기와잇기 > 금속기와잇기	0		NONE	PENDING	PENDING	EMPTY	EMPTY
1306	8660fef7c8ea0a5a9bb86775cb0e0da6e19795c15c706b1710b096b1227c6ea9	4327	목재기와잇기	지붕및홈통공사 > 기와잇기 > 목재기와잇기	지붕및홈통공사	43	기와잇기	432	PROCESS	KEEP_AS_DISTINCT	NOT_ASSESSED	8	시멘트기와잇기 | 점토질기와잇기 | 자기질기와잇기 | 슬레이트기와잇기 | 아스팔트슁글잇기 | 금속기와잇기 | 플라스틱기와잇기 | 부속기와	0		1	지붕및홈통공사 > 기와잇기 > 목재기와잇기	0		NONE	PENDING	PENDING	EMPTY	EMPTY
1307	f4531ec392cdd78022ff7cd5cd11ed8206eda492a44aa02f1bc29bdce41cf6c4	4328	플라스틱기와잇기	지붕및홈통공사 > 기와잇기 > 플라스틱기와잇기	지붕및홈통공사	43	기와잇기	432	PROCESS	KEEP_AS_DISTINCT	NOT_ASSESSED	8	시멘트기와잇기 | 점토질기와잇기 | 자기질기와잇기 | 슬레이트기와잇기 | 아스팔트슁글잇기 | 금속기와잇기 | 목재기와잇기 | 부속기와	0		1	지붕및홈통공사 > 기와잇기 > 플라스틱기와잇기	0		NONE	PENDING	PENDING	EMPTY	EMPTY
1308	968e8996e1e2a8960bc2888afe49098382a3dc9b476fdeae38c49819ee05c376	4329	부속기와	지붕및홈통공사 > 기와잇기 > 부속기와	지붕및홈통공사	43	기와잇기	432	PROCESS	KEEP_AS_DISTINCT	NOT_ASSESSED	8	시멘트기와잇기 | 점토질기와잇기 | 자기질기와잇기 | 슬레이트기와잇기 | 아스팔트슁글잇기 | 금속기와잇기 | 목재기와잇기 | 플라스틱기와잇기	0		1	지붕및홈통공사 > 기와잇기 > 부속기와	0		NONE	PENDING	PENDING	EMPTY	EMPTY
1309	13d79cc19232695a098a90a67c9f73ed0a46c5ce0eff6bf061ba818d4247f1dd	4331	판슬레이트	지붕및홈통공사 > 슬레이트잇기 > 판슬레이트	지붕및홈통공사	43	슬레이트잇기	433	PROCESS	KEEP_AS_DISTINCT	INSUFFICIENT_EVIDENCE	1	골슬레이트	0		1	지붕및홈통공사 > 슬레이트잇기 > 판슬레이트	0		NONE	PENDING	PENDING	EMPTY	EMPTY
1310	a21eb5b05b3ac5f97b8e6fc73e3931a00fbb3e34307e5be465e408bc7403ff85	4332	골슬레이트	지붕및홈통공사 > 슬레이트잇기 > 골슬레이트	지붕및홈통공사	43	슬레이트잇기	433	PROCESS	KEEP_AS_DISTINCT	INSUFFICIENT_EVIDENCE	1	판슬레이트	0		1	지붕및홈통공사 > 슬레이트잇기 > 골슬레이트	0		NONE	PENDING	PENDING	EMPTY	EMPTY
1311	243535030409a5026dacd3c42b3771d16c55f8012e88a5172b29f3ee1afb689b	4341	함석잇기	지붕및홈통공사 > 금속잇기 > 함석잇기	지붕및홈통공사	43	금속잇기	434	PROCESS	KEEP_AS_DISTINCT	NOT_ASSESSED	5	동판잇기 | 스틸테크잇기 | 알루니늄판잇기 | 스테인레스스틸판잇기 | 법랑피복철판잇기	0		1	지붕및홈통공사 > 금속잇기 > 함석잇기	0		NONE	PENDING	PENDING	EMPTY	EMPTY
1312	c8da10ea225a87fd73f68b219d1f0ae66aa7481745641c94a8f26febc5509d03	4342	동판잇기	지붕및홈통공사 > 금속잇기 > 동판잇기	지붕및홈통공사	43	금속잇기	434	PROCESS	KEEP_AS_DISTINCT	NOT_ASSESSED	5	함석잇기 | 스틸테크잇기 | 알루니늄판잇기 | 스테인레스스틸판잇기 | 법랑피복철판잇기	0		1	지붕및홈통공사 > 금속잇기 > 동판잇기	0		NONE	PENDING	PENDING	EMPTY	EMPTY
1313	07072183762f39a194631f474e26ac6ffdaeb683b84602c40e67fd26915dc062	4343	스틸테크잇기	지붕및홈통공사 > 금속잇기 > 스틸테크잇기	지붕및홈통공사	43	금속잇기	434	PROCESS	KEEP_AS_DISTINCT	NOT_ASSESSED	5	함석잇기 | 동판잇기 | 알루니늄판잇기 | 스테인레스스틸판잇기 | 법랑피복철판잇기	0		1	지붕및홈통공사 > 금속잇기 > 스틸테크잇기	0		NONE	PENDING	PENDING	EMPTY	EMPTY
1314	9c22603f8b098834a819d3f2347e8ef8ac0d1a573079daaf9b84794f3d16f419	4344	알루니늄판잇기	지붕및홈통공사 > 금속잇기 > 알루니늄판잇기	지붕및홈통공사	43	금속잇기	434	PROCESS	KEEP_AS_DISTINCT	NOT_ASSESSED	5	함석잇기 | 동판잇기 | 스틸테크잇기 | 스테인레스스틸판잇기 | 법랑피복철판잇기	0		1	지붕및홈통공사 > 금속잇기 > 알루니늄판잇기	0		NONE	PENDING	PENDING	EMPTY	EMPTY
1315	1b040f487a7a914d96e4a8fb19cafb8578d90f07cc1e653959154bab95e83d42	4345	스테인레스스틸판잇기	지붕및홈통공사 > 금속잇기 > 스테인레스스틸판잇기	지붕및홈통공사	43	금속잇기	434	PROCESS	KEEP_AS_DISTINCT	NOT_ASSESSED	5	함석잇기 | 동판잇기 | 스틸테크잇기 | 알루니늄판잇기 | 법랑피복철판잇기	0		1	지붕및홈통공사 > 금속잇기 > 스테인레스스틸판잇기	0		NONE	PENDING	PENDING	EMPTY	EMPTY
1316	47b9d7a60ff130f4dcc82b1bff73d91b5682987b91e024a97718647b9cc1c819	4346	법랑피복철판잇기	지붕및홈통공사 > 금속잇기 > 법랑피복철판잇기	지붕및홈통공사	43	금속잇기	434	PROCESS	KEEP_AS_DISTINCT	NOT_ASSESSED	5	함석잇기 | 동판잇기 | 스틸테크잇기 | 알루니늄판잇기 | 스테인레스스틸판잇기	0		1	지붕및홈통공사 > 금속잇기 > 법랑피복철판잇기	0		NONE	PENDING	PENDING	EMPTY	EMPTY
1317	0bb075e67458e51b022ae6b385e9f96333d7e4732f7560c3ea3c8d85761b3967	4351	변형아스팔트루핑	지붕및홈통공사 > 시트지붕 > 변형아스팔트루핑	지붕및홈통공사	43	시트지붕	435	CLASSIFICATION	REJECT	NOT_ASSESSED	5	혼성중합체플라스틱시트지붕 | 에틸렌중합체시트지붕 | 염화폴리비닐시트지붕 | 열가소성올레핀시트지붕 | 니트릴부타디엔폴리머시트지붕	0		1	지붕및홈통공사 > 시트지붕 > 변형아스팔트루핑	0		NONE	PENDING	PENDING	EMPTY	EMPTY
1318	19623afa9b97576e9d45e832871d674bf7f27b8b342799453797aea62ce5ed9d	4352	혼성중합체플라스틱시트지붕	지붕및홈통공사 > 시트지붕 > 혼성중합체플라스틱시트지붕	지붕및홈통공사	43	시트지붕	435	CLASSIFICATION	REJECT	NOT_ASSESSED	5	변형아스팔트루핑 | 에틸렌중합체시트지붕 | 염화폴리비닐시트지붕 | 열가소성올레핀시트지붕 | 니트릴부타디엔폴리머시트지붕	0		1	지붕및홈통공사 > 시트지붕 > 혼성중합체플라스틱시트지붕	0		NONE	PENDING	PENDING	EMPTY	EMPTY
1319	ad9cde13f3d7b65b9c8645f3e9e937ee741d551fbb54351bfca9ccb3c449c7b5	4353	에틸렌중합체시트지붕	지붕및홈통공사 > 시트지붕 > 에틸렌중합체시트지붕	지붕및홈통공사	43	시트지붕	435	CLASSIFICATION	REJECT	NOT_ASSESSED	5	변형아스팔트루핑 | 혼성중합체플라스틱시트지붕 | 염화폴리비닐시트지붕 | 열가소성올레핀시트지붕 | 니트릴부타디엔폴리머시트지붕	0		1	지붕및홈통공사 > 시트지붕 > 에틸렌중합체시트지붕	0		NONE	PENDING	PENDING	EMPTY	EMPTY
1320	071bcd830f490cf1e30c20defa28281bf4927fc35410b9140afa963bc2204b60	4354	염화폴리비닐시트지붕	지붕및홈통공사 > 시트지붕 > 염화폴리비닐시트지붕	지붕및홈통공사	43	시트지붕	435	CLASSIFICATION	REJECT	NOT_ASSESSED	5	변형아스팔트루핑 | 혼성중합체플라스틱시트지붕 | 에틸렌중합체시트지붕 | 열가소성올레핀시트지붕 | 니트릴부타디엔폴리머시트지붕	0		1	지붕및홈통공사 > 시트지붕 > 염화폴리비닐시트지붕	0		NONE	PENDING	PENDING	EMPTY	EMPTY
1321	ff8d46eec773bdd14d6068b8b3cc0610e30e62324c40051dd301d256f58a9943	4355	열가소성올레핀시트지붕	지붕및홈통공사 > 시트지붕 > 열가소성올레핀시트지붕	지붕및홈통공사	43	시트지붕	435	CLASSIFICATION	REJECT	NOT_ASSESSED	5	변형아스팔트루핑 | 혼성중합체플라스틱시트지붕 | 에틸렌중합체시트지붕 | 염화폴리비닐시트지붕 | 니트릴부타디엔폴리머시트지붕	0		1	지붕및홈통공사 > 시트지붕 > 열가소성올레핀시트지붕	0		NONE	PENDING	PENDING	EMPTY	EMPTY
1322	19d0544777c5586d6ef1db49cee7ae4567e6020806e3d4927b9582378a86c1c1	4356	니트릴부타디엔폴리머시트지붕	지붕및홈통공사 > 시트지붕 > 니트릴부타디엔폴리머시트지붕	지붕및홈통공사	43	시트지붕	435	CLASSIFICATION	REJECT	NOT_ASSESSED	5	변형아스팔트루핑 | 혼성중합체플라스틱시트지붕 | 에틸렌중합체시트지붕 | 염화폴리비닐시트지붕 | 열가소성올레핀시트지붕	0		1	지붕및홈통공사 > 시트지붕 > 니트릴부타디엔폴리머시트지붕	0		NONE	PENDING	PENDING	EMPTY	EMPTY
1323	d1f4aded0aa4bbbe3853c03c6544ff6eef6d67183fa7cd43ee4d791ee38709a2	4361	메탈지붕판넬	지붕및홈통공사 > 지붕판넬 > 메탈지붕판넬	지붕및홈통공사	43	지붕판넬	436	MATERIAL_COMPONENT	REJECT	INSUFFICIENT_EVIDENCE	4	목재지붕판넬 | 프라스틱지붕판넬 | 복합지붕판넬 | 조립식지붕판넬	0		1	지붕및홈통공사 > 지붕판넬 > 메탈지붕판넬	0		MATERIAL_LIKE_TOKEN	PENDING	PENDING	EMPTY	EMPTY
1324	730e0e352cef5eca5e64a7f12786d0a4f925392a3ed069e58e338d7632f253e2	4362	목재지붕판넬	지붕및홈통공사 > 지붕판넬 > 목재지붕판넬	지붕및홈통공사	43	지붕판넬	436	MATERIAL_COMPONENT	REJECT	INSUFFICIENT_EVIDENCE	4	메탈지붕판넬 | 프라스틱지붕판넬 | 복합지붕판넬 | 조립식지붕판넬	0		1	지붕및홈통공사 > 지붕판넬 > 목재지붕판넬	0		MATERIAL_LIKE_TOKEN	PENDING	PENDING	EMPTY	EMPTY
1325	11a70ab8d95edee95b4c869496454b25739fc395d9a0198282c5c4e0b7641dc3	4363	프라스틱지붕판넬	지붕및홈통공사 > 지붕판넬 > 프라스틱지붕판넬	지붕및홈통공사	43	지붕판넬	436	MATERIAL_COMPONENT	REJECT	INSUFFICIENT_EVIDENCE	4	메탈지붕판넬 | 목재지붕판넬 | 복합지붕판넬 | 조립식지붕판넬	0		1	지붕및홈통공사 > 지붕판넬 > 프라스틱지붕판넬	0		MATERIAL_LIKE_TOKEN	PENDING	PENDING	EMPTY	EMPTY
1326	22f059587c0742dff7b85f418d873f70812cbdd215f2fe19d7ee67fe94ad5815	4364	복합지붕판넬	지붕및홈통공사 > 지붕판넬 > 복합지붕판넬	지붕및홈통공사	43	지붕판넬	436	MATERIAL_COMPONENT	REJECT	INSUFFICIENT_EVIDENCE	4	메탈지붕판넬 | 목재지붕판넬 | 프라스틱지붕판넬 | 조립식지붕판넬	0		1	지붕및홈통공사 > 지붕판넬 > 복합지붕판넬	0		MATERIAL_LIKE_TOKEN	PENDING	PENDING	EMPTY	EMPTY
1327	c01b7e6104343e1378ea0e731bfefc4adcf85ad6eb9d4af149e083f99bf8e6ce	4365	조립식지붕판넬	지붕및홈통공사 > 지붕판넬 > 조립식지붕판넬	지붕및홈통공사	43	지붕판넬	436	MATERIAL_COMPONENT	REJECT	INSUFFICIENT_EVIDENCE	4	메탈지붕판넬 | 목재지붕판넬 | 프라스틱지붕판넬 | 복합지붕판넬	0		1	지붕및홈통공사 > 지붕판넬 > 조립식지붕판넬	0		MATERIAL_LIKE_TOKEN	PENDING	PENDING	EMPTY	EMPTY
1328	a573b13875782b2ceb48388650ae01d7d8acd70a06b5a3b236040620cd1eda1c	4371	처마홈통(Flashing)	지붕및홈통공사 > 홈통공사및지붕부속공사 > 처마홈통(Flashing)	지붕및홈통공사	43	홈통공사및지붕부속공사	437	PROCESS	KEEP_AS_DISTINCT	NOT_ASSESSED	5	지붕거터(Gutter) | 선홈통 | 선홈통물받이 | 지붕트림 | 루프드레인	0		1	지붕및홈통공사 > 홈통공사및지붕부속공사 > 처마홈통(Flashing)	0		NONE	PENDING	PENDING	EMPTY	EMPTY
1329	ed1c8d5c7dbbd99fe4a4e63405b30fb870ef7223d71f5ddc5c3cc474892bfcf5	4372	지붕거터(Gutter)	지붕및홈통공사 > 홈통공사및지붕부속공사 > 지붕거터(Gutter)	지붕및홈통공사	43	홈통공사및지붕부속공사	437	PROCESS	KEEP_AS_DISTINCT	NOT_ASSESSED	5	처마홈통(Flashing) | 선홈통 | 선홈통물받이 | 지붕트림 | 루프드레인	0		1	지붕및홈통공사 > 홈통공사및지붕부속공사 > 지붕거터(Gutter)	0		NONE	PENDING	PENDING	EMPTY	EMPTY
1330	3275456df877d4fc5070115753a33edc5f993dad0820e5f87d5eb0ac8c00fdba	4373	선홈통	지붕및홈통공사 > 홈통공사및지붕부속공사 > 선홈통	지붕및홈통공사	43	홈통공사및지붕부속공사	437	PROCESS	KEEP_AS_DISTINCT	NOT_ASSESSED	5	처마홈통(Flashing) | 지붕거터(Gutter) | 선홈통물받이 | 지붕트림 | 루프드레인	0		1	지붕및홈통공사 > 홈통공사및지붕부속공사 > 선홈통	0		NONE	PENDING	PENDING	EMPTY	EMPTY
1331	689a80519913a4785b1d56eccd021b28466a458efc142b70e0726bcf633eb9ff	4374	선홈통물받이	지붕및홈통공사 > 홈통공사및지붕부속공사 > 선홈통물받이	지붕및홈통공사	43	홈통공사및지붕부속공사	437	PROCESS	KEEP_AS_DISTINCT	NOT_ASSESSED	5	처마홈통(Flashing) | 지붕거터(Gutter) | 선홈통 | 지붕트림 | 루프드레인	0		1	지붕및홈통공사 > 홈통공사및지붕부속공사 > 선홈통물받이	0		NONE	PENDING	PENDING	EMPTY	EMPTY
1332	bbfd2632a33b1a3c894bddbd237d8c0d3ab8a509e1de2e2a0568849cebefc035	4375	지붕트림	지붕및홈통공사 > 홈통공사및지붕부속공사 > 지붕트림	지붕및홈통공사	43	홈통공사및지붕부속공사	437	PROCESS	KEEP_AS_DISTINCT	NOT_ASSESSED	5	처마홈통(Flashing) | 지붕거터(Gutter) | 선홈통 | 선홈통물받이 | 루프드레인	0		1	지붕및홈통공사 > 홈통공사및지붕부속공사 > 지붕트림	0		NONE	PENDING	PENDING	EMPTY	EMPTY
1333	461e2d921f5d488751a435993e88158e87af00cf23ec95fd0c0a8f0841869937	4376	루프드레인	지붕및홈통공사 > 홈통공사및지붕부속공사 > 루프드레인	지붕및홈통공사	43	홈통공사및지붕부속공사	437	PROCESS	KEEP_AS_DISTINCT	NOT_ASSESSED	5	처마홈통(Flashing) | 지붕거터(Gutter) | 선홈통 | 선홈통물받이 | 지붕트림	0		1	지붕및홈통공사 > 홈통공사및지붕부속공사 > 루프드레인	0		NONE	PENDING	PENDING	EMPTY	EMPTY
1334	68c549183a5652fab9f4923f54cdea5f465ca28f727a795b469bf6a50d2f8d3d	4412	탄성시트방수	방수공사 > 멤브레인방수 > 탄성시트방수	방수공사	44	멤브레인방수	441	PROCESS	KEEP_AS_DISTINCT	INSUFFICIENT_EVIDENCE	2	아스팔트방수 | 도막방수	1	4411:아스팔트방수:TASK:KEEP_AS_DISTINCT	1	방수공사 > 멤브레인방수 > 탄성시트방수	0		NONE	PENDING	PENDING	EMPTY	EMPTY
1335	0d63ec46e472117fb1328e9fd50f78f7171e23afb4bb055c18d15d64a3f27025	4413	도막방수	방수공사 > 멤브레인방수 > 도막방수	방수공사	44	멤브레인방수	441	PROCESS	KEEP_AS_DISTINCT	INSUFFICIENT_EVIDENCE	2	아스팔트방수 | 탄성시트방수	1	4411:아스팔트방수:TASK:KEEP_AS_DISTINCT	1	방수공사 > 멤브레인방수 > 도막방수	0		NONE	PENDING	PENDING	EMPTY	EMPTY
1336	11ebf6424002b666b7536906e2b54b62b063c239c02fa88a9b3991edc7eab820	4421	유기질침투성방수	방수공사 > 침투성방수 > 유기질침투성방수	방수공사	44	침투성방수	442	PROCESS	KEEP_AS_DISTINCT	INSUFFICIENT_EVIDENCE	1	무기질침투성방수	0		1	방수공사 > 침투성방수 > 유기질침투성방수	0		NONE	PENDING	PENDING	EMPTY	EMPTY
1337	2414d0a849bfaa9ddb3eaa95adfa7234363159829cca88d3e34300e555a4309f	4422	무기질침투성방수	방수공사 > 침투성방수 > 무기질침투성방수	방수공사	44	침투성방수	442	PROCESS	KEEP_AS_DISTINCT	INSUFFICIENT_EVIDENCE	1	유기질침투성방수	0		1	방수공사 > 침투성방수 > 무기질침투성방수	0		NONE	PENDING	PENDING	EMPTY	EMPTY
1338	0fab9ab7a0cb4ec4aa8f10f58fa0c99952b7a53dc35753670c2d78ab179e3b63	4431	모르터방수	방수공사 > 액체방수및모르터방수 > 모르터방수	방수공사	44	액체방수및모르터방수	443	PROCESS	KEEP_AS_DISTINCT	INSUFFICIENT_EVIDENCE	2	시멘트액체방수 | 기타액체및모르터방수	0		1	방수공사 > 액체방수및모르터방수 > 모르터방수	0		NONE	PENDING	PENDING	EMPTY	EMPTY
1339	ede92823b5a33c26dbaf4465ad55fbd86972a1356a1f97d0801fa1eff3391d2e	4435	시멘트액체방수	방수공사 > 액체방수및모르터방수 > 시멘트액체방수	방수공사	44	액체방수및모르터방수	443	PROCESS	KEEP_AS_DISTINCT	INSUFFICIENT_EVIDENCE	2	모르터방수 | 기타액체및모르터방수	0		1	방수공사 > 액체방수및모르터방수 > 시멘트액체방수	0		NONE	PENDING	PENDING	EMPTY	EMPTY
1340	5eb9255406bad0599e0c7df136c6711c3efb352859c3035b33cc680c794ddcab	4439	기타액체및모르터방수	방수공사 > 액체방수및모르터방수 > 기타액체및모르터방수	방수공사	44	액체방수및모르터방수	443	PROCESS	KEEP_AS_DISTINCT	INSUFFICIENT_EVIDENCE	2	모르터방수 | 시멘트액체방수	0		1	방수공사 > 액체방수및모르터방수 > 기타액체및모르터방수	0		NONE	PENDING	PENDING	EMPTY	EMPTY
1341	924ea4f3d634f908f40bc6ed2b09d06ab12e58a66dffc46836e1e99af4faac41	4441	동판방수	방수공사 > 금속방수 > 동판방수	방수공사	44	금속방수	444	PROCESS	KEEP_AS_DISTINCT	INSUFFICIENT_EVIDENCE	1	스테인레스강판방수	0		1	방수공사 > 금속방수 > 동판방수	0		NONE	PENDING	PENDING	EMPTY	EMPTY
1342	01b4471539a81015cd70088b8d7f2c137943c33fc0907d3c9f72e710a08c7f2a	4442	스테인레스강판방수	방수공사 > 금속방수 > 스테인레스강판방수	방수공사	44	금속방수	444	PROCESS	KEEP_AS_DISTINCT	INSUFFICIENT_EVIDENCE	1	동판방수	0		1	방수공사 > 금속방수 > 스테인레스강판방수	0		NONE	PENDING	PENDING	EMPTY	EMPTY
1343	4326687084d4e80ce73c34dd9a1327e89804d0d17ead2d763008a49a7f373d95	4451	벤토나이트판넬방수	방수공사 > 벤토나이트방수 > 벤토나이트판넬방수	방수공사	44	벤토나이트방수	445	PROCESS	KEEP_AS_DISTINCT	INSUFFICIENT_EVIDENCE	1	벤토나이트복합시트방수	0		1	방수공사 > 벤토나이트방수 > 벤토나이트판넬방수	0		MATERIAL_LIKE_TOKEN	PENDING	PENDING	EMPTY	EMPTY
1344	15ea354098b2c114465ed4edfb2e01794446ac7c50edfaa1a755ad1ef7f325f4	4452	벤토나이트복합시트방수	방수공사 > 벤토나이트방수 > 벤토나이트복합시트방수	방수공사	44	벤토나이트방수	445	PROCESS	KEEP_AS_DISTINCT	INSUFFICIENT_EVIDENCE	1	벤토나이트판넬방수	0		1	방수공사 > 벤토나이트방수 > 벤토나이트복합시트방수	0		NONE	PENDING	PENDING	EMPTY	EMPTY
1345	fabf07ad77ed59ec79450ed9f1e9bbdde8afb8d6ac8733a83317c8e1aa2b61aa	4461	아스팔트계방습	방수공사 > 방습 > 아스팔트계방습	방수공사	44	방습	446	PROCESS	KEEP_AS_DISTINCT	INSUFFICIENT_EVIDENCE	4	발수성도장방습 | 시멘트성방습 | 탄성시트방습 | 배수판설치	0		1	방수공사 > 방습 > 아스팔트계방습	0		NONE	PENDING	PENDING	EMPTY	EMPTY
1346	0b49e6abc252659a4532854c70f02c39c5995f7e77f50469a6233d2a2d96ab14	4462	발수성도장방습	방수공사 > 방습 > 발수성도장방습	방수공사	44	방습	446	PROCESS	KEEP_AS_DISTINCT	INSUFFICIENT_EVIDENCE	4	아스팔트계방습 | 시멘트성방습 | 탄성시트방습 | 배수판설치	0		1	방수공사 > 방습 > 발수성도장방습	0		NONE	PENDING	PENDING	EMPTY	EMPTY
1347	82d48c13e37d2edb4745bca9cb88fdcb5842ecbb0cde60b12df1c7069a7f8acd	4463	시멘트성방습	방수공사 > 방습 > 시멘트성방습	방수공사	44	방습	446	PROCESS	KEEP_AS_DISTINCT	INSUFFICIENT_EVIDENCE	4	아스팔트계방습 | 발수성도장방습 | 탄성시트방습 | 배수판설치	0		1	방수공사 > 방습 > 시멘트성방습	0		NONE	PENDING	PENDING	EMPTY	EMPTY
1348	6a23ada9ec1e73ffbefd17a07e6de4b0f622baa0da3423d84e1e97940d452f56	4464	탄성시트방습	방수공사 > 방습 > 탄성시트방습	방수공사	44	방습	446	PROCESS	KEEP_AS_DISTINCT	INSUFFICIENT_EVIDENCE	4	아스팔트계방습 | 발수성도장방습 | 시멘트성방습 | 배수판설치	0		1	방수공사 > 방습 > 탄성시트방습	0		NONE	PENDING	PENDING	EMPTY	EMPTY
1349	e4f1b26dc00e302a1abfb0a41f919bd3677b1a0f87fadeadf179a324c26556f1	4465	배수판설치	방수공사 > 방습 > 배수판설치	방수공사	44	방습	446	PROCESS	KEEP_AS_DISTINCT	INSUFFICIENT_EVIDENCE	4	아스팔트계방습 | 발수성도장방습 | 시멘트성방습 | 탄성시트방습	0		1	방수공사 > 방습 > 배수판설치	0		NONE	PENDING	PENDING	EMPTY	EMPTY
1350	242e3401b358d00901e31bc24de095ab7dc07fe1fce518fc56355ebffda25b72	4471	아크릴계발수제	방수공사 > 발수제바르기 > 아크릴계발수제	방수공사	44	발수제바르기	447	PROCESS	KEEP_AS_DISTINCT	INSUFFICIENT_EVIDENCE	3	실콘계발수제 - - 대․중․소 분류대․중․소 분류 | 스테아르산염발수제 | 규산염발수제	0		1	방수공사 > 발수제바르기 > 아크릴계발수제	0		NONE	PENDING	PENDING	EMPTY	EMPTY
1351	3f24a66252f5e49ab2b6caafc672715a52ee2b613133a1136343b0cafd862e80	4472	실콘계발수제 - - 대․중․소 분류대․중․소 분류	방수공사 > 발수제바르기 > 실콘계발수제 - - 대․중․소 분류대․중․소 분류	방수공사	44	발수제바르기	447	PROCESS	KEEP_AS_DISTINCT	INSUFFICIENT_EVIDENCE	3	아크릴계발수제 | 스테아르산염발수제 | 규산염발수제	0		1	방수공사 > 발수제바르기 > 실콘계발수제 - - 대․중․소 분류대․중․소 분류	0		NONE	PENDING	PENDING	EMPTY	EMPTY
1352	1a9f9c7eeb8ca44472079ca790df402c80de19bf795d79520a260f761a60df96	4473	스테아르산염발수제	방수공사 > 발수제바르기 > 스테아르산염발수제	방수공사	44	발수제바르기	447	PROCESS	KEEP_AS_DISTINCT	INSUFFICIENT_EVIDENCE	3	아크릴계발수제 | 실콘계발수제 - - 대․중․소 분류대․중․소 분류 | 규산염발수제	0		1	방수공사 > 발수제바르기 > 스테아르산염발수제	0		NONE	PENDING	PENDING	EMPTY	EMPTY
1353	2803a348c40b4fa6e9f6363d491609a791840e59ff1b4641c90ae09c6da8d078	4474	규산염발수제	방수공사 > 발수제바르기 > 규산염발수제	방수공사	44	발수제바르기	447	PROCESS	KEEP_AS_DISTINCT	INSUFFICIENT_EVIDENCE	3	아크릴계발수제 | 실콘계발수제 - - 대․중․소 분류대․중․소 분류 | 스테아르산염발수제	0		1	방수공사 > 발수제바르기 > 규산염발수제	0		NONE	PENDING	PENDING	EMPTY	EMPTY
1354	866892608efc5339b1fc3207320bec35689489a71fadef2367ff33e2ee6ea7e5	4481	시멘트보호층	방수공사 > 방수보호재 > 시멘트보호층	방수공사	44	방수보호재	448	MATERIAL_COMPONENT	REJECT	INSUFFICIENT_EVIDENCE	3	섬유보호층 | 판형보호층 | 골재보호층	0		1	방수공사 > 방수보호재 > 시멘트보호층	0		NONE	PENDING	PENDING	EMPTY	EMPTY
1355	6ebbc40bdd6b8a20dad7280355fcd61c2a0f0924f7c2faec97936aef75dc085e	4482	섬유보호층	방수공사 > 방수보호재 > 섬유보호층	방수공사	44	방수보호재	448	MATERIAL_COMPONENT	REJECT	INSUFFICIENT_EVIDENCE	3	시멘트보호층 | 판형보호층 | 골재보호층	0		1	방수공사 > 방수보호재 > 섬유보호층	0		NONE	PENDING	PENDING	EMPTY	EMPTY
1356	821f56670a7f1743781edd3af83081c973bef0faef44b16bcecf6333337b0980	4483	판형보호층	방수공사 > 방수보호재 > 판형보호층	방수공사	44	방수보호재	448	MATERIAL_COMPONENT	REJECT	INSUFFICIENT_EVIDENCE	3	시멘트보호층 | 섬유보호층 | 골재보호층	0		1	방수공사 > 방수보호재 > 판형보호층	0		NONE	PENDING	PENDING	EMPTY	EMPTY
1357	3beeb393d7ef86552e75ae9e0fc03bf20f5fb76a149ea9d45ab16d4213116cb4	4484	골재보호층	방수공사 > 방수보호재 > 골재보호층	방수공사	44	방수보호재	448	MATERIAL_COMPONENT	REJECT	INSUFFICIENT_EVIDENCE	3	시멘트보호층 | 섬유보호층 | 판형보호층	0		1	방수공사 > 방수보호재 > 골재보호층	0		NONE	PENDING	PENDING	EMPTY	EMPTY
1358	c77c89672acb41f79e2c8c3d982f451be2ba296129b04e4bde37d9e20f4b6bfb	4512	시트지붕 바닥단열	단열 방음공사 > 지붕및바닥단열공사 > 시트지붕 바닥단열	단열 방음공사	45	지붕및바닥단열공사	451	PROCESS	KEEP_AS_DISTINCT	NOT_ASSESSED	5	보드형지붕 바닥단열 | 현장포말지붕 바닥단열 | 다공성재료지붕 바닥단열 | 뿜칠형지붕 바닥단열 | 도막형바닥단열	1	4511:보드형지붕 바닥단열:TASK:KEEP_AS_DISTINCT	1	단열 방음공사 > 지붕및바닥단열공사 > 시트지붕 바닥단열	0		NONE	PENDING	PENDING	EMPTY	EMPTY
1359	d7d369c2fad9d0e104fbe819203eb4d0531f43ab39513c01a130081d8e7b5d6f	4513	현장포말지붕 바닥단열	단열 방음공사 > 지붕및바닥단열공사 > 현장포말지붕 바닥단열	단열 방음공사	45	지붕및바닥단열공사	451	PROCESS	KEEP_AS_DISTINCT	NOT_ASSESSED	5	보드형지붕 바닥단열 | 시트지붕 바닥단열 | 다공성재료지붕 바닥단열 | 뿜칠형지붕 바닥단열 | 도막형바닥단열	1	4511:보드형지붕 바닥단열:TASK:KEEP_AS_DISTINCT	1	단열 방음공사 > 지붕및바닥단열공사 > 현장포말지붕 바닥단열	0		NONE	PENDING	PENDING	EMPTY	EMPTY
1360	318f85973764bf99abbd23abb234a6715dfa193cb78f5130eb42adefc1e1f3ea	4514	다공성재료지붕 바닥단열	단열 방음공사 > 지붕및바닥단열공사 > 다공성재료지붕 바닥단열	단열 방음공사	45	지붕및바닥단열공사	451	PROCESS	KEEP_AS_DISTINCT	NOT_ASSESSED	5	보드형지붕 바닥단열 | 시트지붕 바닥단열 | 현장포말지붕 바닥단열 | 뿜칠형지붕 바닥단열 | 도막형바닥단열	1	4511:보드형지붕 바닥단열:TASK:KEEP_AS_DISTINCT	1	단열 방음공사 > 지붕및바닥단열공사 > 다공성재료지붕 바닥단열	0		NONE	PENDING	PENDING	EMPTY	EMPTY
1361	12d695c13e0b864c5e323e183de06646ad48385f46060a5ba57a0cc9429115c9	4515	뿜칠형지붕 바닥단열	단열 방음공사 > 지붕및바닥단열공사 > 뿜칠형지붕 바닥단열	단열 방음공사	45	지붕및바닥단열공사	451	PROCESS	KEEP_AS_DISTINCT	NOT_ASSESSED	5	보드형지붕 바닥단열 | 시트지붕 바닥단열 | 현장포말지붕 바닥단열 | 다공성재료지붕 바닥단열 | 도막형바닥단열	1	4511:보드형지붕 바닥단열:TASK:KEEP_AS_DISTINCT	1	단열 방음공사 > 지붕및바닥단열공사 > 뿜칠형지붕 바닥단열	0		NONE	PENDING	PENDING	EMPTY	EMPTY
1362	0b8f4862a4bcffb365c7e25086a3497a10f9b01101436744c23c6eee31f06dce	4516	도막형바닥단열	단열 방음공사 > 지붕및바닥단열공사 > 도막형바닥단열	단열 방음공사	45	지붕및바닥단열공사	451	PROCESS	KEEP_AS_DISTINCT	NOT_ASSESSED	5	보드형지붕 바닥단열 | 시트지붕 바닥단열 | 현장포말지붕 바닥단열 | 다공성재료지붕 바닥단열 | 뿜칠형지붕 바닥단열	1	4511:보드형지붕 바닥단열:TASK:KEEP_AS_DISTINCT	1	단열 방음공사 > 지붕및바닥단열공사 > 도막형바닥단열	0		NONE	PENDING	PENDING	EMPTY	EMPTY
1363	3cf4775ac327734753433dc0c2c45d1435d9df79cd609fb1ee86a7490b233f2f	4521	보드형슬래브하부단열	단열 방음공사 > 슬래브하부단열 > 보드형슬래브하부단열	단열 방음공사	45	슬래브하부단열	452	PROCESS	KEEP_AS_DISTINCT	INSUFFICIENT_EVIDENCE	3	시트슬래브하부단열 | 뿜칠형슬래브하부단열 | 도막형슬래브하부단열	0		1	단열 방음공사 > 슬래브하부단열 > 보드형슬래브하부단열	0		NONE	PENDING	PENDING	EMPTY	EMPTY
1364	0acc504a9b3119c4b469ae20f1adf9a4ddf275c17c4e3e9cd1d2191466e9bca9	4522	시트슬래브하부단열	단열 방음공사 > 슬래브하부단열 > 시트슬래브하부단열	단열 방음공사	45	슬래브하부단열	452	PROCESS	KEEP_AS_DISTINCT	INSUFFICIENT_EVIDENCE	3	보드형슬래브하부단열 | 뿜칠형슬래브하부단열 | 도막형슬래브하부단열	0		1	단열 방음공사 > 슬래브하부단열 > 시트슬래브하부단열	0		NONE	PENDING	PENDING	EMPTY	EMPTY
1365	b4fb88f9fdfb657f1ec55b6596900e826ddd68b590c669d27b59c1c8a3eec70c	4525	뿜칠형슬래브하부단열	단열 방음공사 > 슬래브하부단열 > 뿜칠형슬래브하부단열	단열 방음공사	45	슬래브하부단열	452	PROCESS	KEEP_AS_DISTINCT	INSUFFICIENT_EVIDENCE	3	보드형슬래브하부단열 | 시트슬래브하부단열 | 도막형슬래브하부단열	0		1	단열 방음공사 > 슬래브하부단열 > 뿜칠형슬래브하부단열	0		NONE	PENDING	PENDING	EMPTY	EMPTY
1366	b0c330405259275a24c37ec48d13726b0a7ab52bf0b2f512f1f1d9d17f2a2675	4526	도막형슬래브하부단열	단열 방음공사 > 슬래브하부단열 > 도막형슬래브하부단열	단열 방음공사	45	슬래브하부단열	452	PROCESS	KEEP_AS_DISTINCT	INSUFFICIENT_EVIDENCE	3	보드형슬래브하부단열 | 시트슬래브하부단열 | 뿜칠형슬래브하부단열	0		1	단열 방음공사 > 슬래브하부단열 > 도막형슬래브하부단열	0		NONE	PENDING	PENDING	EMPTY	EMPTY
1367	a5660d3ff74e76e3b6ade1c52459f5931c29a5034148cada7674d8add159195b	4531	보드형천정단열	단열 방음공사 > 천정단열 > 보드형천정단열	단열 방음공사	45	천정단열	453	PROCESS	KEEP_AS_DISTINCT	INSUFFICIENT_EVIDENCE	1	현장포말천정단열	0		1	단열 방음공사 > 천정단열 > 보드형천정단열	0		NONE	PENDING	PENDING	EMPTY	EMPTY
1368	f0e0dd1ecc05331ab01d7d8d5eb8f093fa2a14c3633d1940141ae43cec75bec3	4533	현장포말천정단열	단열 방음공사 > 천정단열 > 현장포말천정단열	단열 방음공사	45	천정단열	453	PROCESS	KEEP_AS_DISTINCT	INSUFFICIENT_EVIDENCE	1	보드형천정단열	0		1	단열 방음공사 > 천정단열 > 현장포말천정단열	0		NONE	PENDING	PENDING	EMPTY	EMPTY
1369	2c6a69ff232fc3e4b5e365adbebd9e48b9c14f5bf8e56e92219de6776244fdfb	4541	보드형벽체단열	단열 방음공사 > 벽체단열 > 보드형벽체단열	단열 방음공사	45	벽체단열	454	PROCESS	KEEP_AS_DISTINCT	INSUFFICIENT_EVIDENCE	4	시트벽체단열 | 현장포말벽체단열 | 뿜칠형벽체단열 | 도막형벽체단열	0		1	단열 방음공사 > 벽체단열 > 보드형벽체단열	0		NONE	PENDING	PENDING	EMPTY	EMPTY
1370	344bc2f53f2c203b69f704639e824264dd9e7aab626d8b94bd7ebc44d1bda6c1	4542	시트벽체단열	단열 방음공사 > 벽체단열 > 시트벽체단열	단열 방음공사	45	벽체단열	454	PROCESS	KEEP_AS_DISTINCT	INSUFFICIENT_EVIDENCE	4	보드형벽체단열 | 현장포말벽체단열 | 뿜칠형벽체단열 | 도막형벽체단열	0		1	단열 방음공사 > 벽체단열 > 시트벽체단열	0		NONE	PENDING	PENDING	EMPTY	EMPTY
1371	b2ec9fa48f05df49cf75578a5782181d726225d971bda5af57096a30659bb3b6	4543	현장포말벽체단열	단열 방음공사 > 벽체단열 > 현장포말벽체단열	단열 방음공사	45	벽체단열	454	PROCESS	KEEP_AS_DISTINCT	INSUFFICIENT_EVIDENCE	4	보드형벽체단열 | 시트벽체단열 | 뿜칠형벽체단열 | 도막형벽체단열	0		1	단열 방음공사 > 벽체단열 > 현장포말벽체단열	0		NONE	PENDING	PENDING	EMPTY	EMPTY
1372	160e1ba4c8e2cf3e6597efcd979ba9d36d0731b92a763349432f3bd1a443b081	4545	뿜칠형벽체단열	단열 방음공사 > 벽체단열 > 뿜칠형벽체단열	단열 방음공사	45	벽체단열	454	PROCESS	KEEP_AS_DISTINCT	INSUFFICIENT_EVIDENCE	4	보드형벽체단열 | 시트벽체단열 | 현장포말벽체단열 | 도막형벽체단열	0		1	단열 방음공사 > 벽체단열 > 뿜칠형벽체단열	0		NONE	PENDING	PENDING	EMPTY	EMPTY
1373	c5961623d5ed801a9ed1180a644bd54c7598b81e84d85236a4c72fb877458adf	4546	도막형벽체단열	단열 방음공사 > 벽체단열 > 도막형벽체단열	단열 방음공사	45	벽체단열	454	PROCESS	KEEP_AS_DISTINCT	INSUFFICIENT_EVIDENCE	4	보드형벽체단열 | 시트벽체단열 | 현장포말벽체단열 | 뿜칠형벽체단열	0		1	단열 방음공사 > 벽체단열 > 도막형벽체단열	0		NONE	PENDING	PENDING	EMPTY	EMPTY
1374	22533d410c36db4fd2f634590d07524030ac4d80ab5f2bea895251b7bb3dea38	4551	보드형외벽단열	단열 방음공사 > 외벽단열 > 보드형외벽단열	단열 방음공사	45	외벽단열	455	PROCESS	KEEP_AS_DISTINCT	INSUFFICIENT_EVIDENCE	4	시트외벽단열 | 현장포말외벽단열 | 뿜칠형외벽단열 | 도막형외벽단열	0		1	단열 방음공사 > 외벽단열 > 보드형외벽단열	0		NONE	PENDING	PENDING	EMPTY	EMPTY
1375	b5aee889bc5da31d5507600f7ca5ccb29b201c3462d77ed036afd6aafccae008	4552	시트외벽단열	단열 방음공사 > 외벽단열 > 시트외벽단열	단열 방음공사	45	외벽단열	455	PROCESS	KEEP_AS_DISTINCT	INSUFFICIENT_EVIDENCE	4	보드형외벽단열 | 현장포말외벽단열 | 뿜칠형외벽단열 | 도막형외벽단열	0		1	단열 방음공사 > 외벽단열 > 시트외벽단열	0		NONE	PENDING	PENDING	EMPTY	EMPTY
1376	5b5c364b0c5f0e7a4db6599d251b01a24c93eaa72df9a4e24586f50cd16bca65	4553	현장포말외벽단열	단열 방음공사 > 외벽단열 > 현장포말외벽단열	단열 방음공사	45	외벽단열	455	PROCESS	KEEP_AS_DISTINCT	INSUFFICIENT_EVIDENCE	4	보드형외벽단열 | 시트외벽단열 | 뿜칠형외벽단열 | 도막형외벽단열	0		1	단열 방음공사 > 외벽단열 > 현장포말외벽단열	0		NONE	PENDING	PENDING	EMPTY	EMPTY
1377	e1e0824fed4e0255081cc4e98d9006ec5f22f79a51c138ede8ecc206d48c414e	4555	뿜칠형외벽단열	단열 방음공사 > 외벽단열 > 뿜칠형외벽단열	단열 방음공사	45	외벽단열	455	PROCESS	KEEP_AS_DISTINCT	INSUFFICIENT_EVIDENCE	4	보드형외벽단열 | 시트외벽단열 | 현장포말외벽단열 | 도막형외벽단열	0		1	단열 방음공사 > 외벽단열 > 뿜칠형외벽단열	0		NONE	PENDING	PENDING	EMPTY	EMPTY
1378	be2387c059ad64d93de085c5e5295a2695a2290686bb7f6ca9e42fc80b4bb6a6	4556	도막형외벽단열	단열 방음공사 > 외벽단열 > 도막형외벽단열	단열 방음공사	45	외벽단열	455	PROCESS	KEEP_AS_DISTINCT	INSUFFICIENT_EVIDENCE	4	보드형외벽단열 | 시트외벽단열 | 현장포말외벽단열 | 뿜칠형외벽단열	0		1	단열 방음공사 > 외벽단열 > 도막형외벽단열	0		NONE	PENDING	PENDING	EMPTY	EMPTY
1379	48e18c6fa171c7f54db2ebd8949e2eaf73d3c33c7c9e1ad9f2b0e2b61f9564db	4561	진동방지공사	단열 방음공사 > 방진 방음공사 > 진동방지공사	단열 방음공사	45	방진 방음공사	456	PROCESS	KEEP_AS_DISTINCT	INSUFFICIENT_EVIDENCE	1	방음공사	0		1	단열 방음공사 > 방진 방음공사 > 진동방지공사	0		ENDS_WITH_공사	PENDING	PENDING	EMPTY	EMPTY
1380	3954f36c4f19289f1b878aaef2c480c9e349373df3202d6829aa38d9da47b3d1	4565	방음공사	단열 방음공사 > 방진 방음공사 > 방음공사	단열 방음공사	45	방진 방음공사	456	PROCESS	KEEP_AS_DISTINCT	INSUFFICIENT_EVIDENCE	1	진동방지공사	0		1	단열 방음공사 > 방진 방음공사 > 방음공사	0		ENDS_WITH_공사	PENDING	PENDING	EMPTY	EMPTY
1381	7ca904a033c0df00da493c114038d537f77b7e0df137d4efa26ecdd384044f76	4612	철재프레임	외부판재공사 > 커튼월프레임및앵커설치 > 철재프레임	외부판재공사	46	커튼월프레임및앵커설치	461	PROCESS	KEEP_AS_DISTINCT	NOT_ASSESSED	5	콘크리트프레임 | 알루미늄프레임 | 스테인레스스틸프레임 | 청동프레임 | 고정철물및부속재설치	1	4611:콘크리트프레임:MATERIAL_COMPONENT:REJECT	1	외부판재공사 > 커튼월프레임및앵커설치 > 철재프레임	0		NONE	PENDING	PENDING	EMPTY	EMPTY
1382	82bc2db9036a33e9ebe7e000d6ee7f466ce1bd7bbb108834a3e8b761388cdb1c	4613	알루미늄프레임	외부판재공사 > 커튼월프레임및앵커설치 > 알루미늄프레임	외부판재공사	46	커튼월프레임및앵커설치	461	PROCESS	KEEP_AS_DISTINCT	NOT_ASSESSED	5	콘크리트프레임 | 철재프레임 | 스테인레스스틸프레임 | 청동프레임 | 고정철물및부속재설치	1	4611:콘크리트프레임:MATERIAL_COMPONENT:REJECT	1	외부판재공사 > 커튼월프레임및앵커설치 > 알루미늄프레임	0		NONE	PENDING	PENDING	EMPTY	EMPTY
1383	d934ce13446cfb4e731c2cb1c20b6564c94080d7fff6b97747a81b79138ff35a	4614	스테인레스스틸프레임	외부판재공사 > 커튼월프레임및앵커설치 > 스테인레스스틸프레임	외부판재공사	46	커튼월프레임및앵커설치	461	PROCESS	KEEP_AS_DISTINCT	NOT_ASSESSED	5	콘크리트프레임 | 철재프레임 | 알루미늄프레임 | 청동프레임 | 고정철물및부속재설치	1	4611:콘크리트프레임:MATERIAL_COMPONENT:REJECT	1	외부판재공사 > 커튼월프레임및앵커설치 > 스테인레스스틸프레임	0		NONE	PENDING	PENDING	EMPTY	EMPTY
1384	88d28c3f93f3dda1048e08426e24f73d36edced2630942769c43f33077a6c451	4615	청동프레임	외부판재공사 > 커튼월프레임및앵커설치 > 청동프레임	외부판재공사	46	커튼월프레임및앵커설치	461	PROCESS	KEEP_AS_DISTINCT	NOT_ASSESSED	5	콘크리트프레임 | 철재프레임 | 알루미늄프레임 | 스테인레스스틸프레임 | 고정철물및부속재설치	1	4611:콘크리트프레임:MATERIAL_COMPONENT:REJECT	1	외부판재공사 > 커튼월프레임및앵커설치 > 청동프레임	0		NONE	PENDING	PENDING	EMPTY	EMPTY
1385	0d8579a9bea3cb08be2d665ea0dd753dd48756a756b18ca7124138b9ee75220a	4618	고정철물및부속재설치	외부판재공사 > 커튼월프레임및앵커설치 > 고정철물및부속재설치	외부판재공사	46	커튼월프레임및앵커설치	461	PROCESS	KEEP_AS_DISTINCT	NOT_ASSESSED	5	콘크리트프레임 | 철재프레임 | 알루미늄프레임 | 스테인레스스틸프레임 | 청동프레임	1	4611:콘크리트프레임:MATERIAL_COMPONENT:REJECT	1	외부판재공사 > 커튼월프레임및앵커설치 > 고정철물및부속재설치	0		NONE	PENDING	PENDING	EMPTY	EMPTY
1386	bedea52ff7c8c3f2d2ca93e6e844c6455c5bf4a0b5e1a5ec94d098341b08dc69	4621	콘크리트PC판넬	외부판재공사 > 콘크리트계판넬 > 콘크리트PC판넬	외부판재공사	46	콘크리트계판넬	462	MATERIAL_COMPONENT	REJECT	INSUFFICIENT_EVIDENCE	3	아스베스토스판넬 | 섬유보강콘크리트판넬 | 골재마감콘크리트판넬	0		1	외부판재공사 > 콘크리트계판넬 > 콘크리트PC판넬	0		MATERIAL_LIKE_TOKEN	PENDING	PENDING	EMPTY	EMPTY
1387	1f12abc11a12d2de09ac2fe3e8d51873f028117c532ce2a0a6e3b5101639c058	4622	아스베스토스판넬	외부판재공사 > 콘크리트계판넬 > 아스베스토스판넬	외부판재공사	46	콘크리트계판넬	462	MATERIAL_COMPONENT	REJECT	INSUFFICIENT_EVIDENCE	3	콘크리트PC판넬 | 섬유보강콘크리트판넬 | 골재마감콘크리트판넬	0		1	외부판재공사 > 콘크리트계판넬 > 아스베스토스판넬	0		MATERIAL_LIKE_TOKEN	PENDING	PENDING	EMPTY	EMPTY
1388	58beb1d90833818c97875cc4bb6d2c102db32a1465380a4d81a5e4271939c56c	4623	섬유보강콘크리트판넬	외부판재공사 > 콘크리트계판넬 > 섬유보강콘크리트판넬	외부판재공사	46	콘크리트계판넬	462	MATERIAL_COMPONENT	REJECT	INSUFFICIENT_EVIDENCE	3	콘크리트PC판넬 | 아스베스토스판넬 | 골재마감콘크리트판넬	0		1	외부판재공사 > 콘크리트계판넬 > 섬유보강콘크리트판넬	0		MATERIAL_LIKE_TOKEN	PENDING	PENDING	EMPTY	EMPTY
1389	9142821810cdb7c56940aac75338d285fa1bf19a88ed5fa180373b7c79c0c2cd	4624	골재마감콘크리트판넬	외부판재공사 > 콘크리트계판넬 > 골재마감콘크리트판넬	외부판재공사	46	콘크리트계판넬	462	MATERIAL_COMPONENT	REJECT	INSUFFICIENT_EVIDENCE	3	콘크리트PC판넬 | 아스베스토스판넬 | 섬유보강콘크리트판넬	0		1	외부판재공사 > 콘크리트계판넬 > 골재마감콘크리트판넬	0		MATERIAL_LIKE_TOKEN	PENDING	PENDING	EMPTY	EMPTY
1390	f3722f8174bd05b0ea2954f5b6737e2b1b0be684f833d954459c7dde9677702f	4631	에폭시코팅철재판넬	외부판재공사 > 철재판넬 > 에폭시코팅철재판넬	외부판재공사	46	철재판넬	463	MATERIAL_COMPONENT	REJECT	INSUFFICIENT_EVIDENCE	1	법랑코팅철재판넬	0		1	외부판재공사 > 철재판넬 > 에폭시코팅철재판넬	0		MATERIAL_LIKE_TOKEN	PENDING	PENDING	EMPTY	EMPTY
1391	dcf2307c8af783fecec2b7210e1fe173baab3b0d6cbb8cbdf03bca3b312eff12	4632	법랑코팅철재판넬	외부판재공사 > 철재판넬 > 법랑코팅철재판넬	외부판재공사	46	철재판넬	463	MATERIAL_COMPONENT	REJECT	INSUFFICIENT_EVIDENCE	1	에폭시코팅철재판넬	0		1	외부판재공사 > 철재판넬 > 법랑코팅철재판넬	0		MATERIAL_LIKE_TOKEN	PENDING	PENDING	EMPTY	EMPTY
1392	f731c906b1f3431178f06144a2a55b43c5df201729e9cae5967cf047b506e7ec	4641	알루미늄판넬	외부판재공사 > 금속판넬 > 알루미늄판넬	외부판재공사	46	금속판넬	464	MATERIAL_COMPONENT	REJECT	INSUFFICIENT_EVIDENCE	2	스테인레스스틸판넬 | 동판넬	0		1	외부판재공사 > 금속판넬 > 알루미늄판넬	0		MATERIAL_LIKE_TOKEN	PENDING	PENDING	EMPTY	EMPTY
1393	45631fff24fa6c01b432694b769171fbcb0df32e4305897a27325a23e1eaa677	4642	스테인레스스틸판넬	외부판재공사 > 금속판넬 > 스테인레스스틸판넬	외부판재공사	46	금속판넬	464	MATERIAL_COMPONENT	REJECT	INSUFFICIENT_EVIDENCE	2	알루미늄판넬 | 동판넬	0		1	외부판재공사 > 금속판넬 > 스테인레스스틸판넬	0		MATERIAL_LIKE_TOKEN	PENDING	PENDING	EMPTY	EMPTY
1394	99124c341a7251a9bd80959e71f6d07fcb013f0cc08d3385d5efa642dfdab270	4643	동판넬	외부판재공사 > 금속판넬 > 동판넬	외부판재공사	46	금속판넬	464	MATERIAL_COMPONENT	REJECT	INSUFFICIENT_EVIDENCE	2	알루미늄판넬 | 스테인레스스틸판넬	0		1	외부판재공사 > 금속판넬 > 동판넬	0		MATERIAL_LIKE_TOKEN	PENDING	PENDING	EMPTY	EMPTY
1395	8533057a1eb388a692b141c2b565ecc01dc65b4a7057f55ca205244f98228c8d	4651	화강석판넬	외부판재공사 > 석재판넬 > 화강석판넬	외부판재공사	46	석재판넬	465	MATERIAL_COMPONENT	REJECT	INSUFFICIENT_EVIDENCE	2	대리석판넬 | 사암판넬	0		1	외부판재공사 > 석재판넬 > 화강석판넬	0		MATERIAL_LIKE_TOKEN	PENDING	PENDING	EMPTY	EMPTY
1396	8d86e2010e38d2c10dce79672951d5608ac6d085cb7b2671a18276595e223a8c	4652	대리석판넬	외부판재공사 > 석재판넬 > 대리석판넬	외부판재공사	46	석재판넬	465	MATERIAL_COMPONENT	REJECT	INSUFFICIENT_EVIDENCE	2	화강석판넬 | 사암판넬	0		1	외부판재공사 > 석재판넬 > 대리석판넬	0		MATERIAL_LIKE_TOKEN	PENDING	PENDING	EMPTY	EMPTY
1397	e14a359c3b27bb23133339b3c97a7b3f688c3cb2fa5a40c6cd96f1cbf007a64a	4653	사암판넬	외부판재공사 > 석재판넬 > 사암판넬	외부판재공사	46	석재판넬	465	MATERIAL_COMPONENT	REJECT	INSUFFICIENT_EVIDENCE	2	화강석판넬 | 대리석판넬	0		1	외부판재공사 > 석재판넬 > 사암판넬	0		MATERIAL_LIKE_TOKEN	PENDING	PENDING	EMPTY	EMPTY
1398	cbf9d7a5c5075dabd862c2b4772c1657b849324a7c66985dc48781d73beea713	4661	구조유리커튼월	외부판재공사 > 유리판넬 > 구조유리커튼월	외부판재공사	46	유리판넬	466	MATERIAL_COMPONENT	REJECT	INSUFFICIENT_EVIDENCE	1	강화유리판넬	0		1	외부판재공사 > 유리판넬 > 구조유리커튼월	0		MATERIAL_LIKE_TOKEN	PENDING	PENDING	EMPTY	EMPTY
1399	852a3b9bbefc73ab2eb4815e8ef5571628735f9ddf34b76322c82e1a0e1139e3	4662	강화유리판넬	외부판재공사 > 유리판넬 > 강화유리판넬	외부판재공사	46	유리판넬	466	MATERIAL_COMPONENT	REJECT	INSUFFICIENT_EVIDENCE	1	구조유리커튼월	0		1	외부판재공사 > 유리판넬 > 강화유리판넬	0		MATERIAL_LIKE_TOKEN	PENDING	PENDING	EMPTY	EMPTY
1400	5273c9b377ba1144a954121a8e4d6114c35ef2d3009a6cf4912ffa4445d70b43	4672	화이버글라스샌드위치판넬	외부판재공사 > 합성수지판넬 > 화이버글라스샌드위치판넬	외부판재공사	46	합성수지판넬	467	MATERIAL_COMPONENT	REJECT	INSUFFICIENT_EVIDENCE	2	FRP판넬 | 폴리카보나이트판넬	1	4671:FRP판넬:MATERIAL_COMPONENT:REJECT	1	외부판재공사 > 합성수지판넬 > 화이버글라스샌드위치판넬	0		MATERIAL_LIKE_TOKEN	PENDING	PENDING	EMPTY	EMPTY
1401	443c4b02a831e9ab4590a8148967b9f4fbd305337c4846ce6b069c7553a7ba22	4673	폴리카보나이트판넬	외부판재공사 > 합성수지판넬 > 폴리카보나이트판넬	외부판재공사	46	합성수지판넬	467	MATERIAL_COMPONENT	REJECT	INSUFFICIENT_EVIDENCE	2	FRP판넬 | 화이버글라스샌드위치판넬	1	4671:FRP판넬:MATERIAL_COMPONENT:REJECT	1	외부판재공사 > 합성수지판넬 > 폴리카보나이트판넬	0		MATERIAL_LIKE_TOKEN	PENDING	PENDING	EMPTY	EMPTY
1402	2fc9abeb53887a74fdefc1484ccd95167ff0df6c0ff194fbd7a31dcc8da06589	4681	대형자기타일판넬	외부판재공사 > 대형자기 도기타일판넬 > 대형자기타일판넬	외부판재공사	46	대형자기 도기타일판넬	468	MATERIAL_COMPONENT	REJECT	INSUFFICIENT_EVIDENCE	1	대형도기타일판넬	0		1	외부판재공사 > 대형자기 도기타일판넬 > 대형자기타일판넬	0		MATERIAL_LIKE_TOKEN	PENDING	PENDING	EMPTY	EMPTY
1403	a9e24b4cb24a976daaa98d9389a651fa3d0921ca01ac90dca51a8002aa63e602	4682	대형도기타일판넬	외부판재공사 > 대형자기 도기타일판넬 > 대형도기타일판넬	외부판재공사	46	대형자기 도기타일판넬	468	MATERIAL_COMPONENT	REJECT	INSUFFICIENT_EVIDENCE	1	대형자기타일판넬	0		1	외부판재공사 > 대형자기 도기타일판넬 > 대형도기타일판넬	0		MATERIAL_LIKE_TOKEN	PENDING	PENDING	EMPTY	EMPTY
1404	5f34b2ee427339780a305cbb1206124d879352d5e7639a77b0367a9018ec3f6a	4742	직선금속계단	금속공사 > 금속계단 > 직선금속계단	금속공사	47	금속계단	474	FACILITY_EQUIPMENT	REJECT	NOT_ASSESSED	5	스파이럴금속계단 | 나선 원형금속계단 | 금속난간 | 금속계단발판(트레드) | 금속계단넌스립	1	4741:스파이럴금속계단:FACILITY_EQUIPMENT:REJECT	1	금속공사 > 금속계단 > 직선금속계단	0		NONE	PENDING	PENDING	EMPTY	EMPTY
1405	b08a412fc82862cdde97aa89459a1c70d0fb8d141c094632cac961c9af1309ac	4743	나선 원형금속계단	금속공사 > 금속계단 > 나선 원형금속계단	금속공사	47	금속계단	474	FACILITY_EQUIPMENT	REJECT	NOT_ASSESSED	5	스파이럴금속계단 | 직선금속계단 | 금속난간 | 금속계단발판(트레드) | 금속계단넌스립	1	4741:스파이럴금속계단:FACILITY_EQUIPMENT:REJECT	1	금속공사 > 금속계단 > 나선 원형금속계단	0		NONE	PENDING	PENDING	EMPTY	EMPTY
1406	f9bca891d3a504fb5576addd7fdabf85fd73bee48f77709d4d4a7e181c10e6e9	4746	금속난간	금속공사 > 금속계단 > 금속난간	금속공사	47	금속계단	474	FACILITY_EQUIPMENT	REJECT	NOT_ASSESSED	5	스파이럴금속계단 | 직선금속계단 | 나선 원형금속계단 | 금속계단발판(트레드) | 금속계단넌스립	1	4741:스파이럴금속계단:FACILITY_EQUIPMENT:REJECT	1	금속공사 > 금속계단 > 금속난간	0		NONE	PENDING	PENDING	EMPTY	EMPTY
1407	5034cec92adc3fa28b26d3fd19c877603883afe7564cf066a348d559effa5f8d	4747	금속계단발판(트레드)	금속공사 > 금속계단 > 금속계단발판(트레드)	금속공사	47	금속계단	474	FACILITY_EQUIPMENT	REJECT	NOT_ASSESSED	5	스파이럴금속계단 | 직선금속계단 | 나선 원형금속계단 | 금속난간 | 금속계단넌스립	1	4741:스파이럴금속계단:FACILITY_EQUIPMENT:REJECT	1	금속공사 > 금속계단 > 금속계단발판(트레드)	0		NONE	PENDING	PENDING	EMPTY	EMPTY
1408	ee7a99e99206d51316b064205fc7063c1ed5b9ac3ab9e3c118e764fe8a31716c	4748	금속계단넌스립	금속공사 > 금속계단 > 금속계단넌스립	금속공사	47	금속계단	474	FACILITY_EQUIPMENT	REJECT	NOT_ASSESSED	5	스파이럴금속계단 | 직선금속계단 | 나선 원형금속계단 | 금속난간 | 금속계단발판(트레드)	1	4741:스파이럴금속계단:FACILITY_EQUIPMENT:REJECT	1	금속공사 > 금속계단 > 금속계단넌스립	0		NONE	PENDING	PENDING	EMPTY	EMPTY
1409	95e690c7828ad12272b4749b5b8663183bdcfea28767a0129a6a2790bad38fe3	4751	바닥금속마감	금속공사 > 금속마감 > 바닥금속마감	금속공사	47	금속마감	475	PROCESS	KEEP_AS_DISTINCT	INSUFFICIENT_EVIDENCE	4	벽체금속마감 | 금속기둥커버 | 펜코일(Fancoil)덮개 | 천정금속마감	0		1	금속공사 > 금속마감 > 바닥금속마감	0		NONE	PENDING	PENDING	EMPTY	EMPTY
1410	ef09dd6810e0244a5f16b5edf29dc2ff2fa6b01fdbf3b62ac1730cbc6b0a7f37	4752	벽체금속마감	금속공사 > 금속마감 > 벽체금속마감	금속공사	47	금속마감	475	PROCESS	KEEP_AS_DISTINCT	INSUFFICIENT_EVIDENCE	4	바닥금속마감 | 금속기둥커버 | 펜코일(Fancoil)덮개 | 천정금속마감	0		1	금속공사 > 금속마감 > 벽체금속마감	0		NONE	PENDING	PENDING	EMPTY	EMPTY
1411	43f9bc11ae06191a85a3b41cc96a58f1f4fcbb065b80eb82220e878ed447444c	4753	금속기둥커버	금속공사 > 금속마감 > 금속기둥커버	금속공사	47	금속마감	475	PROCESS	KEEP_AS_DISTINCT	INSUFFICIENT_EVIDENCE	4	바닥금속마감 | 벽체금속마감 | 펜코일(Fancoil)덮개 | 천정금속마감	0		1	금속공사 > 금속마감 > 금속기둥커버	0		NONE	PENDING	PENDING	EMPTY	EMPTY
1412	ebdba3174cc7a4da4377f58840018011f1db6c979c4aa7c7ce44cb7311186534	4754	펜코일(Fancoil)덮개	금속공사 > 금속마감 > 펜코일(Fancoil)덮개	금속공사	47	금속마감	475	PROCESS	KEEP_AS_DISTINCT	INSUFFICIENT_EVIDENCE	4	바닥금속마감 | 벽체금속마감 | 금속기둥커버 | 천정금속마감	0		1	금속공사 > 금속마감 > 펜코일(Fancoil)덮개	0		NONE	PENDING	PENDING	EMPTY	EMPTY
1413	fbbdbb57c96fda7c4038c1687c9764c11c8a888e552f3c24691bd548c6808ff9	4755	천정금속마감	금속공사 > 금속마감 > 천정금속마감	금속공사	47	금속마감	475	PROCESS	KEEP_AS_DISTINCT	INSUFFICIENT_EVIDENCE	4	바닥금속마감 | 벽체금속마감 | 금속기둥커버 | 펜코일(Fancoil)덮개	0		1	금속공사 > 금속마감 > 천정금속마감	0		NONE	PENDING	PENDING	EMPTY	EMPTY
1414	635b974cabd7279906c0a31804cbb4725f2f5442bc95f5cbc2587ffd47680bd1	4771	금속사다리	금속공사 > 금속부속물설치 > 금속사다리	금속공사	47	금속부속물설치	477	PROCESS	KEEP_AS_DISTINCT	NOT_ASSESSED	5	금속통로 | 금속지지물 | 개구부금속덮개 | 기타금속부속물설치 | 금속조인트(줄눈)덮개및트림제작 설치	0		1	금속공사 > 금속부속물설치 > 금속사다리	0		NONE	PENDING	PENDING	EMPTY	EMPTY
1415	024f28d454c06c791ae007f533a34472e20cf6886108563c59bc8ec86597b790	4772	금속통로	금속공사 > 금속부속물설치 > 금속통로	금속공사	47	금속부속물설치	477	PROCESS	KEEP_AS_DISTINCT	NOT_ASSESSED	5	금속사다리 | 금속지지물 | 개구부금속덮개 | 기타금속부속물설치 | 금속조인트(줄눈)덮개및트림제작 설치	0		1	금속공사 > 금속부속물설치 > 금속통로	0		NONE	PENDING	PENDING	EMPTY	EMPTY
1416	3e2f4b4faa62601f4125ac67f4e84d17cf83178167f7aa7f656e5bdfff321e33	4773	금속지지물	금속공사 > 금속부속물설치 > 금속지지물	금속공사	47	금속부속물설치	477	PROCESS	KEEP_AS_DISTINCT	NOT_ASSESSED	5	금속사다리 | 금속통로 | 개구부금속덮개 | 기타금속부속물설치 | 금속조인트(줄눈)덮개및트림제작 설치	0		1	금속공사 > 금속부속물설치 > 금속지지물	0		NONE	PENDING	PENDING	EMPTY	EMPTY
1417	718a7d48c3a9ef2ceee3897f8219cce4ccb9c736783b591b40933e213550a4f9	4774	개구부금속덮개	금속공사 > 금속부속물설치 > 개구부금속덮개	금속공사	47	금속부속물설치	477	PROCESS	KEEP_AS_DISTINCT	NOT_ASSESSED	5	금속사다리 | 금속통로 | 금속지지물 | 기타금속부속물설치 | 금속조인트(줄눈)덮개및트림제작 설치	0		1	금속공사 > 금속부속물설치 > 개구부금속덮개	0		NONE	PENDING	PENDING	EMPTY	EMPTY
1418	3d663730ebb74202bc01a090a036af4bd943c76b313eecb483daac7f6b23b770	4777	기타금속부속물설치	금속공사 > 금속부속물설치 > 기타금속부속물설치	금속공사	47	금속부속물설치	477	PROCESS	KEEP_AS_DISTINCT	NOT_ASSESSED	5	금속사다리 | 금속통로 | 금속지지물 | 개구부금속덮개 | 금속조인트(줄눈)덮개및트림제작 설치	0		1	금속공사 > 금속부속물설치 > 기타금속부속물설치	0		NONE	PENDING	PENDING	EMPTY	EMPTY
1419	f0c4f04bc2d52c593b538b53ebe5aee294ab21512348c2ca54b022172566a010	4778	금속조인트(줄눈)덮개및트림제작 설치	금속공사 > 금속부속물설치 > 금속조인트(줄눈)덮개및트림제작 설치	금속공사	47	금속부속물설치	477	PROCESS	KEEP_AS_DISTINCT	NOT_ASSESSED	5	금속사다리 | 금속통로 | 금속지지물 | 개구부금속덮개 | 기타금속부속물설치	0		1	금속공사 > 금속부속물설치 > 금속조인트(줄눈)덮개및트림제작 설치	0		NONE	PENDING	PENDING	EMPTY	EMPTY
1420	c3e3b78773800e36f5378b36fdff69a486b91446d2bf4446b02babadb107f1c1	4781	간단구조	금속공사 > 건축잡철물제작설치 > 간단구조	금속공사	47	건축잡철물제작설치	478	PROCESS	KEEP_AS_DISTINCT	INSUFFICIENT_EVIDENCE	2	보통구조 | 복잡구조	0		1	금속공사 > 건축잡철물제작설치 > 간단구조	0		NONE	PENDING	PENDING	EMPTY	EMPTY
1421	358e5acfe9150df4f90cb1b3cbea5009dbdacb55655664ac8bb086f4ce76c8e2	4782	보통구조	금속공사 > 건축잡철물제작설치 > 보통구조	금속공사	47	건축잡철물제작설치	478	PROCESS	KEEP_AS_DISTINCT	INSUFFICIENT_EVIDENCE	2	간단구조 | 복잡구조	0		1	금속공사 > 건축잡철물제작설치 > 보통구조	0		NONE	PENDING	PENDING	EMPTY	EMPTY
1422	c0b4b2e3c056d5ba4d68a84ad48639e3c4335c3ecefa1e9f5963ca210462c5a7	4783	복잡구조	금속공사 > 건축잡철물제작설치 > 복잡구조	금속공사	47	건축잡철물제작설치	478	PROCESS	KEEP_AS_DISTINCT	INSUFFICIENT_EVIDENCE	2	간단구조 | 보통구조	0		1	금속공사 > 건축잡철물제작설치 > 복잡구조	0		NONE	PENDING	PENDING	EMPTY	EMPTY
1423	d38c298e09a77a6c422824e60400557c7e4ff34c13940e55341c4a68ae08caf6	4813	문	창호공사 > 문 > 문	창호공사	48	문	481	FACILITY_EQUIPMENT	REJECT	INSUFFICIENT_EVIDENCE	2	문틀 | 특수문	1	4811:문틀:MATERIAL_COMPONENT:REJECT	2	창호공사 > 문 | 창호공사 > 문 > 문	0		NONE	PENDING	PENDING	EMPTY	EMPTY
1424	d989728defa5e8de57c6f73071f54232ffc8c0d2c342a82342d8d7155d3ba93f	4815	특수문	창호공사 > 문 > 특수문	창호공사	48	문	481	FACILITY_EQUIPMENT	REJECT	INSUFFICIENT_EVIDENCE	2	문틀 | 문	1	4811:문틀:MATERIAL_COMPONENT:REJECT	1	창호공사 > 문 > 특수문	0		NONE	PENDING	PENDING	EMPTY	EMPTY
1425	cb2045be48f962e6084a3a0fbff6ed9141317f0321c06c0bb77da5e1a2ae4ca7	4821	창틀	창호공사 > 창문 > 창틀	창호공사	48	창문	482	FACILITY_EQUIPMENT	REJECT	INSUFFICIENT_EVIDENCE	2	창문 - - 대․중․소 분류대․중․소 분류 | 특수창문	0		1	창호공사 > 창문 > 창틀	0		NONE	PENDING	PENDING	EMPTY	EMPTY
1426	9352a33561abf4f0b82fc89dfb44d519f02eeb211741dbb4fe12c3eb3680f451	4823	창문 - - 대․중․소 분류대․중․소 분류	창호공사 > 창문 > 창문 - - 대․중․소 분류대․중․소 분류	창호공사	48	창문	482	FACILITY_EQUIPMENT	REJECT	INSUFFICIENT_EVIDENCE	2	창틀 | 특수창문	0		1	창호공사 > 창문 > 창문 - - 대․중․소 분류대․중․소 분류	0		NONE	PENDING	PENDING	EMPTY	EMPTY
1427	9b44bc32cf578c84e040db2bfc415b878c5d4477de34843ade7a38d98e150822	4825	특수창문	창호공사 > 창문 > 특수창문	창호공사	48	창문	482	FACILITY_EQUIPMENT	REJECT	INSUFFICIENT_EVIDENCE	2	창틀 | 창문 - - 대․중․소 분류대․중․소 분류	0		1	창호공사 > 창문 > 특수창문	0		NONE	PENDING	PENDING	EMPTY	EMPTY
1428	12fe82ad5290a6ae12f02fc87b5a57b83457f9f6e04b7c8990bff609a5e5fa62	4831	철재셔터	창호공사 > 셔터 > 철재셔터	창호공사	48	셔터	483	FACILITY_EQUIPMENT	REJECT	INSUFFICIENT_EVIDENCE	0		0		1	창호공사 > 셔터 > 철재셔터	0		NONE	PENDING	PENDING	EMPTY	EMPTY
1429	f1568e2d8140659b646cac51edfdd55fa1a1d909d87499a98d5309d2f12f8297	4841	경첩 힌지	창호공사 > 창호철물 > 경첩 힌지	창호공사	48	창호철물	484	MATERIAL_COMPONENT	REJECT	INSUFFICIENT_EVIDENCE	4	자물쇠 | 개폐조절기 | 손잡이 | 특수창호철물	0		1	창호공사 > 창호철물 > 경첩 힌지	0		NONE	PENDING	PENDING	EMPTY	EMPTY
1430	557227e65ea233d923e6c2fb7c698cbec841c299f593b2d72def37935656d680	4842	자물쇠	창호공사 > 창호철물 > 자물쇠	창호공사	48	창호철물	484	MATERIAL_COMPONENT	REJECT	INSUFFICIENT_EVIDENCE	4	경첩 힌지 | 개폐조절기 | 손잡이 | 특수창호철물	0		1	창호공사 > 창호철물 > 자물쇠	0		NONE	PENDING	PENDING	EMPTY	EMPTY
1431	341ac950c068def0dd36d995f2d306d710b7832709558a8baf1e2dec7b04c3b6	4843	개폐조절기	창호공사 > 창호철물 > 개폐조절기	창호공사	48	창호철물	484	MATERIAL_COMPONENT	REJECT	INSUFFICIENT_EVIDENCE	4	경첩 힌지 | 자물쇠 | 손잡이 | 특수창호철물	0		1	창호공사 > 창호철물 > 개폐조절기	0		NONE	PENDING	PENDING	EMPTY	EMPTY
1432	92a32aea6694e85e35e80958224b4286f1ab393627c036a4324a2772817ac4e5	4844	손잡이	창호공사 > 창호철물 > 손잡이	창호공사	48	창호철물	484	MATERIAL_COMPONENT	REJECT	INSUFFICIENT_EVIDENCE	4	경첩 힌지 | 자물쇠 | 개폐조절기 | 특수창호철물	0		1	창호공사 > 창호철물 > 손잡이	0		NONE	PENDING	PENDING	EMPTY	EMPTY
1433	9251bc906835676a933fbb4bb05b411bb0ea46141510e059443726e7e32c3548	4848	특수창호철물	창호공사 > 창호철물 > 특수창호철물	창호공사	48	창호철물	484	MATERIAL_COMPONENT	REJECT	INSUFFICIENT_EVIDENCE	4	경첩 힌지 | 자물쇠 | 개폐조절기 | 손잡이	0		1	창호공사 > 창호철물 > 특수창호철물	0		NONE	PENDING	PENDING	EMPTY	EMPTY
1434	d48952ebc942f86c3a213e55d2b797f0e418255b3cab3391b028ac136a987895	4861	판유리(플로팅유리)	창호공사 > 유리공사 > 판유리(플로팅유리)	창호공사	48	유리공사	486	PROCESS	KEEP_AS_DISTINCT	INSUFFICIENT_EVIDENCE	3	복층유리 | 특수유리 | 가공유리	1	4866:가공유리:MATERIAL_COMPONENT:REJECT	1	창호공사 > 유리공사 > 판유리(플로팅유리)	0		MATERIAL_LIKE_TOKEN	PENDING	PENDING	EMPTY	EMPTY
1435	eed966ef84d23efc7cf6c8b5530591048cdb099845f1e69b12a88d0e27af4de5	4862	복층유리	창호공사 > 유리공사 > 복층유리	창호공사	48	유리공사	486	PROCESS	KEEP_AS_DISTINCT	INSUFFICIENT_EVIDENCE	3	판유리(플로팅유리) | 특수유리 | 가공유리	1	4866:가공유리:MATERIAL_COMPONENT:REJECT	1	창호공사 > 유리공사 > 복층유리	0		MATERIAL_LIKE_TOKEN	PENDING	PENDING	EMPTY	EMPTY
1436	97cf15649d59366d72cc869ae4813a5300d868cadcdb24b3105781775d124d79	4865	특수유리	창호공사 > 유리공사 > 특수유리	창호공사	48	유리공사	486	PROCESS	KEEP_AS_DISTINCT	INSUFFICIENT_EVIDENCE	3	판유리(플로팅유리) | 복층유리 | 가공유리	1	4866:가공유리:MATERIAL_COMPONENT:REJECT	1	창호공사 > 유리공사 > 특수유리	0		MATERIAL_LIKE_TOKEN	PENDING	PENDING	EMPTY	EMPTY
1437	d670966a92d8e5640f1295920312d34f7e4165c1ac138b39aff70b01b88ed781	4871	절단및가공	창호공사 > 유리부속공사 > 절단및가공	창호공사	48	유리부속공사	487	PROCESS	KEEP_AS_DISTINCT	INSUFFICIENT_EVIDENCE	3	가스켓 | 유리구조고정철물 | 보양및청소	0		1	창호공사 > 유리부속공사 > 절단및가공	0		NONE	PENDING	PENDING	EMPTY	EMPTY
1438	fa746930d630decc856d46a17692f1dbc2f2cf2a93bb6db5f64346feb34e403b	4872	가스켓	창호공사 > 유리부속공사 > 가스켓	창호공사	48	유리부속공사	487	PROCESS	KEEP_AS_DISTINCT	INSUFFICIENT_EVIDENCE	3	절단및가공 | 유리구조고정철물 | 보양및청소	0		1	창호공사 > 유리부속공사 > 가스켓	0		NONE	PENDING	PENDING	EMPTY	EMPTY
1439	80bd41e3946eea832659981ada0f97303a2e68ff8ae584324312fa9094d5b49b	4873	유리구조고정철물	창호공사 > 유리부속공사 > 유리구조고정철물	창호공사	48	유리부속공사	487	PROCESS	KEEP_AS_DISTINCT	INSUFFICIENT_EVIDENCE	3	절단및가공 | 가스켓 | 보양및청소	0		1	창호공사 > 유리부속공사 > 유리구조고정철물	0		MATERIAL_LIKE_TOKEN	PENDING	PENDING	EMPTY	EMPTY
1440	16a42921ae3921b5eb7a3b1365e73185a7be62a0a005d25c178bef499f054a28	4878	보양및청소	창호공사 > 유리부속공사 > 보양및청소	창호공사	48	유리부속공사	487	PROCESS	KEEP_AS_DISTINCT	INSUFFICIENT_EVIDENCE	3	절단및가공 | 가스켓 | 유리구조고정철물	0		1	창호공사 > 유리부속공사 > 보양및청소	0		NONE	PENDING	PENDING	EMPTY	EMPTY
1441	1a3d93d4723c01073fb05b0de1dfe256962f5698aa254eec5b3bdbacc9cf3c3b	4881	창호공사코킹 실링	창호공사 > 코킹및실링 > 창호공사코킹 실링	창호공사	48	코킹및실링	488	PROCESS	KEEP_AS_DISTINCT	INSUFFICIENT_EVIDENCE	4	유리공사코킹 실링 | 석재공사코킹 실링 | 타일공사코킹 실링 | 코킹부속공사	0		1	창호공사 > 코킹및실링 > 창호공사코킹 실링	0		NONE	PENDING	PENDING	EMPTY	EMPTY
1442	a52566adcd87bbb0972b01828d92ea1c31aa59daebf8eaccef67084d066fce60	4882	유리공사코킹 실링	창호공사 > 코킹및실링 > 유리공사코킹 실링	창호공사	48	코킹및실링	488	PROCESS	KEEP_AS_DISTINCT	INSUFFICIENT_EVIDENCE	4	창호공사코킹 실링 | 석재공사코킹 실링 | 타일공사코킹 실링 | 코킹부속공사	0		1	창호공사 > 코킹및실링 > 유리공사코킹 실링	0		MATERIAL_LIKE_TOKEN	PENDING	PENDING	EMPTY	EMPTY
1443	fd9ee42ba87f2a3ca66e9ab4493e707984c969c935f058fa29c239fec93452dd	4883	석재공사코킹 실링	창호공사 > 코킹및실링 > 석재공사코킹 실링	창호공사	48	코킹및실링	488	PROCESS	KEEP_AS_DISTINCT	INSUFFICIENT_EVIDENCE	4	창호공사코킹 실링 | 유리공사코킹 실링 | 타일공사코킹 실링 | 코킹부속공사	0		1	창호공사 > 코킹및실링 > 석재공사코킹 실링	0		NONE	PENDING	PENDING	EMPTY	EMPTY
1444	d6940ef5ddef3733882983f7576ca4cebeee995f3d8416bf4b6f3955e5a0be13	4884	타일공사코킹 실링	창호공사 > 코킹및실링 > 타일공사코킹 실링	창호공사	48	코킹및실링	488	PROCESS	KEEP_AS_DISTINCT	INSUFFICIENT_EVIDENCE	4	창호공사코킹 실링 | 유리공사코킹 실링 | 석재공사코킹 실링 | 코킹부속공사	0		1	창호공사 > 코킹및실링 > 타일공사코킹 실링	0		NONE	PENDING	PENDING	EMPTY	EMPTY
1445	4bc5661b51069f9df0e27f0a2c6e2b6d19011c67051944d3bb9ecdb5390dfdb2	4888	코킹부속공사	창호공사 > 코킹및실링 > 코킹부속공사	창호공사	48	코킹및실링	488	PROCESS	KEEP_AS_DISTINCT	INSUFFICIENT_EVIDENCE	4	창호공사코킹 실링 | 유리공사코킹 실링 | 석재공사코킹 실링 | 타일공사코킹 실링	0		1	창호공사 > 코킹및실링 > 코킹부속공사	0		ENDS_WITH_공사	PENDING	PENDING	EMPTY	EMPTY
1446	39ee27b8fa653063064cef93ce74848465f951be7cc19eb3c36738bcd11a7960	5112	단열모르터	미장공사 > 시멘트모르터미장 > 단열모르터	미장공사	51	시멘트모르터미장	511	PROCESS	KEEP_AS_DISTINCT	NOT_ASSESSED	5	시멘트모르터 | 내화모르터 | 내화학성모르터 | 프리믹스드모르터 | 특수시멘트모르터	1	5111:시멘트모르터:MATERIAL_COMPONENT:REJECT	1	미장공사 > 시멘트모르터미장 > 단열모르터	0		NONE	PENDING	PENDING	EMPTY	EMPTY
1447	11f565cac73b2bb8bdc351de765fbde5a48462b825acf9c00e30035dda805c9c	5113	내화모르터	미장공사 > 시멘트모르터미장 > 내화모르터	미장공사	51	시멘트모르터미장	511	PROCESS	KEEP_AS_DISTINCT	NOT_ASSESSED	5	시멘트모르터 | 단열모르터 | 내화학성모르터 | 프리믹스드모르터 | 특수시멘트모르터	1	5111:시멘트모르터:MATERIAL_COMPONENT:REJECT	1	미장공사 > 시멘트모르터미장 > 내화모르터	0		NONE	PENDING	PENDING	EMPTY	EMPTY
1448	f8a25b0968b14e4cd328a4d6b856f02c3d02bd4687a1ce44d0e4eb36d62ac284	5114	내화학성모르터	미장공사 > 시멘트모르터미장 > 내화학성모르터	미장공사	51	시멘트모르터미장	511	PROCESS	KEEP_AS_DISTINCT	NOT_ASSESSED	5	시멘트모르터 | 단열모르터 | 내화모르터 | 프리믹스드모르터 | 특수시멘트모르터	1	5111:시멘트모르터:MATERIAL_COMPONENT:REJECT	1	미장공사 > 시멘트모르터미장 > 내화학성모르터	0		NONE	PENDING	PENDING	EMPTY	EMPTY
1449	f4f47ffc09bdece265324c36fa081d712e4d64216648a1d0a8192e98af6b0bdf	5115	프리믹스드모르터	미장공사 > 시멘트모르터미장 > 프리믹스드모르터	미장공사	51	시멘트모르터미장	511	PROCESS	KEEP_AS_DISTINCT	NOT_ASSESSED	5	시멘트모르터 | 단열모르터 | 내화모르터 | 내화학성모르터 | 특수시멘트모르터	1	5111:시멘트모르터:MATERIAL_COMPONENT:REJECT	1	미장공사 > 시멘트모르터미장 > 프리믹스드모르터	0		NONE	PENDING	PENDING	EMPTY	EMPTY
1450	fb4b26ba3f30b2917a770d8c2793cf72be865bfa17dde9c54120ef1904e0fff3	5118	특수시멘트모르터	미장공사 > 시멘트모르터미장 > 특수시멘트모르터	미장공사	51	시멘트모르터미장	511	PROCESS	KEEP_AS_DISTINCT	NOT_ASSESSED	5	시멘트모르터 | 단열모르터 | 내화모르터 | 내화학성모르터 | 프리믹스드모르터	1	5111:시멘트모르터:MATERIAL_COMPONENT:REJECT	1	미장공사 > 시멘트모르터미장 > 특수시멘트모르터	0		NONE	PENDING	PENDING	EMPTY	EMPTY
1451	32a8328ce8d6324a488eb04776fc7ae9d27128f9cc4bb93dc7862192dd4eb160	5121	셀프레벨링모르터	미장공사 > 합성수지혼화모르터미장 > 셀프레벨링모르터	미장공사	51	합성수지혼화모르터미장	512	PROCESS	KEEP_AS_DISTINCT	INSUFFICIENT_EVIDENCE	1	에폭시모르터	0		1	미장공사 > 합성수지혼화모르터미장 > 셀프레벨링모르터	0		NONE	PENDING	PENDING	EMPTY	EMPTY
1452	79ca80171a059ba596fc80a4ef0216d3b95e3221a935f28abdb822ae73fea1f7	5122	에폭시모르터	미장공사 > 합성수지혼화모르터미장 > 에폭시모르터	미장공사	51	합성수지혼화모르터미장	512	PROCESS	KEEP_AS_DISTINCT	INSUFFICIENT_EVIDENCE	1	셀프레벨링모르터	0		1	미장공사 > 합성수지혼화모르터미장 > 에폭시모르터	0		NONE	PENDING	PENDING	EMPTY	EMPTY
1453	7880788e6fc262a542e7aa710b7a293720ee8e8109042ac83284d86b7f995344	5131	회반죽미장	미장공사 > 플라스터 > 회반죽미장	미장공사	51	플라스터	513	MATERIAL_COMPONENT	REJECT	NOT_ASSESSED	5	회사미장 | 돌로마이트플라스터 | 순석고플라스터 | 배합석고플라스터 | 무수석고플라스터	0		1	미장공사 > 플라스터 > 회반죽미장	0		NONE	PENDING	PENDING	EMPTY	EMPTY
1454	11fd74fbb4cc2f97a0e6995cdafcda4fac5c68e7a3f53859c77ca372928d0efe	5132	회사미장	미장공사 > 플라스터 > 회사미장	미장공사	51	플라스터	513	MATERIAL_COMPONENT	REJECT	NOT_ASSESSED	5	회반죽미장 | 돌로마이트플라스터 | 순석고플라스터 | 배합석고플라스터 | 무수석고플라스터	0		1	미장공사 > 플라스터 > 회사미장	0		NONE	PENDING	PENDING	EMPTY	EMPTY
1455	af64442f8f876c02d19ff3743289d5e1d14ac42a63fcd60d1c58e7a85f90ac66	5133	돌로마이트플라스터	미장공사 > 플라스터 > 돌로마이트플라스터	미장공사	51	플라스터	513	MATERIAL_COMPONENT	REJECT	NOT_ASSESSED	5	회반죽미장 | 회사미장 | 순석고플라스터 | 배합석고플라스터 | 무수석고플라스터	0		1	미장공사 > 플라스터 > 돌로마이트플라스터	0		NONE	PENDING	PENDING	EMPTY	EMPTY
1456	3dd313ffceafab6a8d53957e6ce2b635adee4ee6652362f5c03decb29dfd4b0d	5134	순석고플라스터	미장공사 > 플라스터 > 순석고플라스터	미장공사	51	플라스터	513	MATERIAL_COMPONENT	REJECT	NOT_ASSESSED	5	회반죽미장 | 회사미장 | 돌로마이트플라스터 | 배합석고플라스터 | 무수석고플라스터	0		1	미장공사 > 플라스터 > 순석고플라스터	0		NONE	PENDING	PENDING	EMPTY	EMPTY
1457	8ca625c1d2526a90ee14eb779b612c638c268c4370f55f305af05f3cd14026eb	5135	배합석고플라스터	미장공사 > 플라스터 > 배합석고플라스터	미장공사	51	플라스터	513	MATERIAL_COMPONENT	REJECT	NOT_ASSESSED	5	회반죽미장 | 회사미장 | 돌로마이트플라스터 | 순석고플라스터 | 무수석고플라스터	0		1	미장공사 > 플라스터 > 배합석고플라스터	0		NONE	PENDING	PENDING	EMPTY	EMPTY
1458	12a42a4d48097a4ec2364ea247abdb00e91b43ad014efcf10a88e1473ee4804d	5136	무수석고플라스터	미장공사 > 플라스터 > 무수석고플라스터	미장공사	51	플라스터	513	MATERIAL_COMPONENT	REJECT	NOT_ASSESSED	5	회반죽미장 | 회사미장 | 돌로마이트플라스터 | 순석고플라스터 | 배합석고플라스터	0		1	미장공사 > 플라스터 > 무수석고플라스터	0		NONE	PENDING	PENDING	EMPTY	EMPTY
1459	7ae80743eba481f26c5cd37b53e608fb5147f2cf8ff3df2a04d97d8391d9bee5	5141	바닥인조석바름및갈기	미장공사 > 인조석(테라조)미장및물갈기 > 바닥인조석바름및갈기	미장공사	51	인조석(테라조)미장및물갈기	514	PROCESS	KEEP_AS_DISTINCT	INSUFFICIENT_EVIDENCE	3	벽인조석바름및갈기 | 계단인조석바름및갈기 | 걸레받이인조석바름및갈기	0		1	미장공사 > 인조석(테라조)미장및물갈기 > 바닥인조석바름및갈기	0		NONE	PENDING	PENDING	EMPTY	EMPTY
1460	513cc2896435fca79190a619c12ec1fd31858b303a4f67fb004aa6da3995a2cf	5142	벽인조석바름및갈기	미장공사 > 인조석(테라조)미장및물갈기 > 벽인조석바름및갈기	미장공사	51	인조석(테라조)미장및물갈기	514	PROCESS	KEEP_AS_DISTINCT	INSUFFICIENT_EVIDENCE	3	바닥인조석바름및갈기 | 계단인조석바름및갈기 | 걸레받이인조석바름및갈기	0		1	미장공사 > 인조석(테라조)미장및물갈기 > 벽인조석바름및갈기	0		NONE	PENDING	PENDING	EMPTY	EMPTY
1461	df984a0b81d085013ec9d37d7a8ee1eb2c57cf6e56807680740da3bb66ca7e4e	5144	계단인조석바름및갈기	미장공사 > 인조석(테라조)미장및물갈기 > 계단인조석바름및갈기	미장공사	51	인조석(테라조)미장및물갈기	514	PROCESS	KEEP_AS_DISTINCT	INSUFFICIENT_EVIDENCE	3	바닥인조석바름및갈기 | 벽인조석바름및갈기 | 걸레받이인조석바름및갈기	0		1	미장공사 > 인조석(테라조)미장및물갈기 > 계단인조석바름및갈기	0		NONE	PENDING	PENDING	EMPTY	EMPTY
1462	178f7444f810f32021d6d4a12094ab9cff025c0718ac2c59bcb977277545f879	5146	걸레받이인조석바름및갈기	미장공사 > 인조석(테라조)미장및물갈기 > 걸레받이인조석바름및갈기	미장공사	51	인조석(테라조)미장및물갈기	514	PROCESS	KEEP_AS_DISTINCT	INSUFFICIENT_EVIDENCE	3	바닥인조석바름및갈기 | 벽인조석바름및갈기 | 계단인조석바름및갈기	0		1	미장공사 > 인조석(테라조)미장및물갈기 > 걸레받이인조석바름및갈기	0		NONE	PENDING	PENDING	EMPTY	EMPTY
1463	9b85f90f6faa6f925796082d4d70d94d240b5c34fb613999ea264619da054d99	5151	온돌방음층	미장공사 > 온돌바닥공사 > 온돌방음층	미장공사	51	온돌바닥공사	515	PROCESS	KEEP_AS_DISTINCT	NOT_ASSESSED	5	온돌보온층 | 온돌단열층 | 미장보강 | 온돌바닥미장 | 바닥판넬히팅시스템	0		1	미장공사 > 온돌바닥공사 > 온돌방음층	0		NONE	PENDING	PENDING	EMPTY	EMPTY
1464	5a38180c5f521a1b0f8edc021fe1e75eb593894e28ee941b5f5bfd285b977a4c	5152	온돌보온층	미장공사 > 온돌바닥공사 > 온돌보온층	미장공사	51	온돌바닥공사	515	PROCESS	KEEP_AS_DISTINCT	NOT_ASSESSED	5	온돌방음층 | 온돌단열층 | 미장보강 | 온돌바닥미장 | 바닥판넬히팅시스템	0		1	미장공사 > 온돌바닥공사 > 온돌보온층	0		NONE	PENDING	PENDING	EMPTY	EMPTY
1465	0349a9941f3ee115863432246f3b5280ef40ac66d9b11794a84659c9839cd3f6	5153	온돌단열층	미장공사 > 온돌바닥공사 > 온돌단열층	미장공사	51	온돌바닥공사	515	PROCESS	KEEP_AS_DISTINCT	NOT_ASSESSED	5	온돌방음층 | 온돌보온층 | 미장보강 | 온돌바닥미장 | 바닥판넬히팅시스템	0		1	미장공사 > 온돌바닥공사 > 온돌단열층	0		NONE	PENDING	PENDING	EMPTY	EMPTY
1466	c4a63372d6c73a40b1a08fbf418c44824c8b2f4e50ea0a23668f88aad0cadbcd	5154	미장보강	미장공사 > 온돌바닥공사 > 미장보강	미장공사	51	온돌바닥공사	515	PROCESS	KEEP_AS_DISTINCT	NOT_ASSESSED	5	온돌방음층 | 온돌보온층 | 온돌단열층 | 온돌바닥미장 | 바닥판넬히팅시스템	0		1	미장공사 > 온돌바닥공사 > 미장보강	0		NONE	PENDING	PENDING	EMPTY	EMPTY
1467	b73911cf065ae34e3990f513fce2ffe5b179140295a94ff886923d52b92baebe	5155	온돌바닥미장	미장공사 > 온돌바닥공사 > 온돌바닥미장	미장공사	51	온돌바닥공사	515	PROCESS	KEEP_AS_DISTINCT	NOT_ASSESSED	5	온돌방음층 | 온돌보온층 | 온돌단열층 | 미장보강 | 바닥판넬히팅시스템	0		1	미장공사 > 온돌바닥공사 > 온돌바닥미장	0		NONE	PENDING	PENDING	EMPTY	EMPTY
1468	bc647b758d883da854e888b57aa4a07ca2fe994a708712f150a6fa45db752002	5156	바닥판넬히팅시스템	미장공사 > 온돌바닥공사 > 바닥판넬히팅시스템	미장공사	51	온돌바닥공사	515	PROCESS	KEEP_AS_DISTINCT	NOT_ASSESSED	5	온돌방음층 | 온돌보온층 | 온돌단열층 | 미장보강 | 온돌바닥미장	0		1	미장공사 > 온돌바닥공사 > 바닥판넬히팅시스템	0		MATERIAL_LIKE_TOKEN	PENDING	PENDING	EMPTY	EMPTY
1469	bbe7850b308ef56c358d458e68adc407b39bd63b16687f1f70effd094864e604	5161	흙벽미장	미장공사 > 특수미장 > 흙벽미장	미장공사	51	특수미장	516	PROCESS	KEEP_AS_DISTINCT	INSUFFICIENT_EVIDENCE	4	골재나타내기미장 | 그래뉼뿜칠미장 | 시멘트페이스트바름 | 하드너바르기	0		1	미장공사 > 특수미장 > 흙벽미장	0		NONE	PENDING	PENDING	EMPTY	EMPTY
1470	662c74980624e3020325d5ed063b9df09e316903434ae715c8cc7c6cba9aab1d	5162	골재나타내기미장	미장공사 > 특수미장 > 골재나타내기미장	미장공사	51	특수미장	516	PROCESS	KEEP_AS_DISTINCT	INSUFFICIENT_EVIDENCE	4	흙벽미장 | 그래뉼뿜칠미장 | 시멘트페이스트바름 | 하드너바르기	0		1	미장공사 > 특수미장 > 골재나타내기미장	0		NONE	PENDING	PENDING	EMPTY	EMPTY
1471	e2badd7b15dab36d6d1cb7f0ac3138ea4377a4223a1d0209bb8ed7096a93bee6	5163	그래뉼뿜칠미장	미장공사 > 특수미장 > 그래뉼뿜칠미장	미장공사	51	특수미장	516	PROCESS	KEEP_AS_DISTINCT	INSUFFICIENT_EVIDENCE	4	흙벽미장 | 골재나타내기미장 | 시멘트페이스트바름 | 하드너바르기	0		1	미장공사 > 특수미장 > 그래뉼뿜칠미장	0		NONE	PENDING	PENDING	EMPTY	EMPTY
1472	64da520b4b4743e12861884853fe0328fa2f51c094f2fff8fff956fe786849aa	5164	시멘트페이스트바름	미장공사 > 특수미장 > 시멘트페이스트바름	미장공사	51	특수미장	516	PROCESS	KEEP_AS_DISTINCT	INSUFFICIENT_EVIDENCE	4	흙벽미장 | 골재나타내기미장 | 그래뉼뿜칠미장 | 하드너바르기	0		1	미장공사 > 특수미장 > 시멘트페이스트바름	0		NONE	PENDING	PENDING	EMPTY	EMPTY
1473	5bdefd732a2f07814d2ece665fe2dc143aae4c8338c9a23091a21b195820a708	5165	하드너바르기	미장공사 > 특수미장 > 하드너바르기	미장공사	51	특수미장	516	PROCESS	KEEP_AS_DISTINCT	INSUFFICIENT_EVIDENCE	4	흙벽미장 | 골재나타내기미장 | 그래뉼뿜칠미장 | 시멘트페이스트바름	0		1	미장공사 > 특수미장 > 하드너바르기	0		NONE	PENDING	PENDING	EMPTY	EMPTY
1474	dba453be189a454216cd4560bfd7fc9ac0a5d6f5622831ea34708530321be109	5181	미장면마감	미장공사 > 미장부속공사 > 미장면마감	미장공사	51	미장부속공사	518	PROCESS	KEEP_AS_DISTINCT	INSUFFICIENT_EVIDENCE	2	미장준비공사 | 미장바탕충전	0		1	미장공사 > 미장부속공사 > 미장면마감	0		NONE	PENDING	PENDING	EMPTY	EMPTY
1475	105bbbae2840c875cbb97c960132c23dd156ffadc31dec6806864d14b547920a	5182	미장준비공사	미장공사 > 미장부속공사 > 미장준비공사	미장공사	51	미장부속공사	518	PROCESS	KEEP_AS_DISTINCT	INSUFFICIENT_EVIDENCE	2	미장면마감 | 미장바탕충전	0		1	미장공사 > 미장부속공사 > 미장준비공사	0		ENDS_WITH_공사	PENDING	PENDING	EMPTY	EMPTY
1476	13a0ac8a917ccb6f595215c4f8db955a70a2b79a3cdf449ec9a81a0d297e72a5	5183	미장바탕충전	미장공사 > 미장부속공사 > 미장바탕충전	미장공사	51	미장부속공사	518	PROCESS	KEEP_AS_DISTINCT	INSUFFICIENT_EVIDENCE	2	미장면마감 | 미장준비공사	0		1	미장공사 > 미장부속공사 > 미장바탕충전	0		NONE	PENDING	PENDING	EMPTY	EMPTY
1477	940a2cef0f46942a7bfadd11481238f09720ec4b4771615907ba6c92d711e567	5212	대리석깔기	석재판재공사 > 석재바닥깔기 > 대리석깔기	석재판재공사	52	석재바닥깔기	521	PROCESS	KEEP_AS_DISTINCT	INSUFFICIENT_EVIDENCE	5	화강석깔기 | 사암깔기 | 천연슬레이트(점판암)깔기 | 인조석깔기 | 테라조타일깔기	1	5211:화강석깔기:TASK:KEEP_AS_DISTINCT	1	석재판재공사 > 석재바닥깔기 > 대리석깔기	0		NONE	PENDING	PENDING	EMPTY	EMPTY
1478	bcd8612107731d0025a5bd84ea010f9bcb2b646e1428f21ab7188545dced74d2	5213	사암깔기	석재판재공사 > 석재바닥깔기 > 사암깔기	석재판재공사	52	석재바닥깔기	521	PROCESS	KEEP_AS_DISTINCT	INSUFFICIENT_EVIDENCE	5	화강석깔기 | 대리석깔기 | 천연슬레이트(점판암)깔기 | 인조석깔기 | 테라조타일깔기	1	5211:화강석깔기:TASK:KEEP_AS_DISTINCT	1	석재판재공사 > 석재바닥깔기 > 사암깔기	0		NONE	PENDING	PENDING	EMPTY	EMPTY
1479	baab54600a7518d35ca8e1a4907b77b6734a38ffb8b786496eb18015bc189b49	5214	천연슬레이트(점판암)깔기	석재판재공사 > 석재바닥깔기 > 천연슬레이트(점판암)깔기	석재판재공사	52	석재바닥깔기	521	PROCESS	KEEP_AS_DISTINCT	INSUFFICIENT_EVIDENCE	5	화강석깔기 | 대리석깔기 | 사암깔기 | 인조석깔기 | 테라조타일깔기	1	5211:화강석깔기:TASK:KEEP_AS_DISTINCT	1	석재판재공사 > 석재바닥깔기 > 천연슬레이트(점판암)깔기	0		NONE	PENDING	PENDING	EMPTY	EMPTY
1480	822afa5911639f71261f95ecb6d34ff131ddc3b3f9114a18c9b52760fcea51bf	5215	인조석깔기	석재판재공사 > 석재바닥깔기 > 인조석깔기	석재판재공사	52	석재바닥깔기	521	PROCESS	KEEP_AS_DISTINCT	INSUFFICIENT_EVIDENCE	5	화강석깔기 | 대리석깔기 | 사암깔기 | 천연슬레이트(점판암)깔기 | 테라조타일깔기	1	5211:화강석깔기:TASK:KEEP_AS_DISTINCT	1	석재판재공사 > 석재바닥깔기 > 인조석깔기	0		NONE	PENDING	PENDING	EMPTY	EMPTY
1481	c62687cb97cfee9fc129b891e0c59a79a875d57916bfcde1d3a84dab2793eda7	5216	테라조타일깔기	석재판재공사 > 석재바닥깔기 > 테라조타일깔기	석재판재공사	52	석재바닥깔기	521	PROCESS	KEEP_AS_DISTINCT	INSUFFICIENT_EVIDENCE	5	화강석깔기 | 대리석깔기 | 사암깔기 | 천연슬레이트(점판암)깔기 | 인조석깔기	1	5211:화강석깔기:TASK:KEEP_AS_DISTINCT	1	석재판재공사 > 석재바닥깔기 > 테라조타일깔기	0		NONE	PENDING	PENDING	EMPTY	EMPTY
1482	053f7ec2b5ea1fc3930329ee18f5147358b3488ca9c98be9bc45f7eac6f9289b	5221	화강석내벽붙이기	석재판재공사 > 석재내벽붙이기 > 화강석내벽붙이기	석재판재공사	52	석재내벽붙이기	522	PROCESS	KEEP_AS_DISTINCT	INSUFFICIENT_EVIDENCE	5	대리석내벽붙이기 | 사암내벽붙이기 | 천연슬래이트(점판암)내벽붙이기 | 인조석내벽붙이기 | 테라조내벽붙이기	0		1	석재판재공사 > 석재내벽붙이기 > 화강석내벽붙이기	0		NONE	PENDING	PENDING	EMPTY	EMPTY
1483	20228865403cf37d4e1167afa3bfc1fb3d5479181360e32bfa2320cae646e4be	5222	대리석내벽붙이기	석재판재공사 > 석재내벽붙이기 > 대리석내벽붙이기	석재판재공사	52	석재내벽붙이기	522	PROCESS	KEEP_AS_DISTINCT	INSUFFICIENT_EVIDENCE	5	화강석내벽붙이기 | 사암내벽붙이기 | 천연슬래이트(점판암)내벽붙이기 | 인조석내벽붙이기 | 테라조내벽붙이기	0		1	석재판재공사 > 석재내벽붙이기 > 대리석내벽붙이기	0		NONE	PENDING	PENDING	EMPTY	EMPTY
1484	5f690ce4679d613d6e8e2e4b4959f18244703756676fe2557f355b57c9404018	5223	사암내벽붙이기	석재판재공사 > 석재내벽붙이기 > 사암내벽붙이기	석재판재공사	52	석재내벽붙이기	522	PROCESS	KEEP_AS_DISTINCT	INSUFFICIENT_EVIDENCE	5	화강석내벽붙이기 | 대리석내벽붙이기 | 천연슬래이트(점판암)내벽붙이기 | 인조석내벽붙이기 | 테라조내벽붙이기	0		1	석재판재공사 > 석재내벽붙이기 > 사암내벽붙이기	0		NONE	PENDING	PENDING	EMPTY	EMPTY
1485	c5a96c76faf1ac9f68e49075260e9bb18725645f4c9c35072ae27ee0bde99688	5224	천연슬래이트(점판암)내벽붙이기	석재판재공사 > 석재내벽붙이기 > 천연슬래이트(점판암)내벽붙이기	석재판재공사	52	석재내벽붙이기	522	PROCESS	KEEP_AS_DISTINCT	INSUFFICIENT_EVIDENCE	5	화강석내벽붙이기 | 대리석내벽붙이기 | 사암내벽붙이기 | 인조석내벽붙이기 | 테라조내벽붙이기	0		1	석재판재공사 > 석재내벽붙이기 > 천연슬래이트(점판암)내벽붙이기	0		NONE	PENDING	PENDING	EMPTY	EMPTY
1486	ae9e03eeadd346935c45c545035b674423674f1ecd1192be94cc6b5ad5b0ef3c	5225	인조석내벽붙이기	석재판재공사 > 석재내벽붙이기 > 인조석내벽붙이기	석재판재공사	52	석재내벽붙이기	522	PROCESS	KEEP_AS_DISTINCT	INSUFFICIENT_EVIDENCE	5	화강석내벽붙이기 | 대리석내벽붙이기 | 사암내벽붙이기 | 천연슬래이트(점판암)내벽붙이기 | 테라조내벽붙이기	0		1	석재판재공사 > 석재내벽붙이기 > 인조석내벽붙이기	0		NONE	PENDING	PENDING	EMPTY	EMPTY
1487	893590cef70ae39c5c46b2f642a79307a052253ebbe6a3d7f060c9e8c5f731d2	5226	테라조내벽붙이기	석재판재공사 > 석재내벽붙이기 > 테라조내벽붙이기	석재판재공사	52	석재내벽붙이기	522	PROCESS	KEEP_AS_DISTINCT	INSUFFICIENT_EVIDENCE	5	화강석내벽붙이기 | 대리석내벽붙이기 | 사암내벽붙이기 | 천연슬래이트(점판암)내벽붙이기 | 인조석내벽붙이기	0		1	석재판재공사 > 석재내벽붙이기 > 테라조내벽붙이기	0		NONE	PENDING	PENDING	EMPTY	EMPTY
1488	cf0f40cbdac0171772d94e7267be8870ac0359c26fd379a9c35c5007579c8a45	5231	화강석외벽붙이기	석재판재공사 > 석재외벽붙이기 > 화강석외벽붙이기	석재판재공사	52	석재외벽붙이기	523	PROCESS	KEEP_AS_DISTINCT	INSUFFICIENT_EVIDENCE	5	대리석외벽붙이기 | 사암외벽붙이기 | 천연슬래이트외벽붙이기 | 인조석외벽붙이기 | 테라조외벽붙이기	0		1	석재판재공사 > 석재외벽붙이기 > 화강석외벽붙이기	0		NONE	PENDING	PENDING	EMPTY	EMPTY
1489	0a08b44aff2f3d4b75818fde96abd927f4592ea1295c7e879a0603da8e777f06	5232	대리석외벽붙이기	석재판재공사 > 석재외벽붙이기 > 대리석외벽붙이기	석재판재공사	52	석재외벽붙이기	523	PROCESS	KEEP_AS_DISTINCT	INSUFFICIENT_EVIDENCE	5	화강석외벽붙이기 | 사암외벽붙이기 | 천연슬래이트외벽붙이기 | 인조석외벽붙이기 | 테라조외벽붙이기	0		1	석재판재공사 > 석재외벽붙이기 > 대리석외벽붙이기	0		NONE	PENDING	PENDING	EMPTY	EMPTY
1490	739a946e884ff8901046f6c690568bd17ca17777043740548fb92a8e60df86b3	5233	사암외벽붙이기	석재판재공사 > 석재외벽붙이기 > 사암외벽붙이기	석재판재공사	52	석재외벽붙이기	523	PROCESS	KEEP_AS_DISTINCT	INSUFFICIENT_EVIDENCE	5	화강석외벽붙이기 | 대리석외벽붙이기 | 천연슬래이트외벽붙이기 | 인조석외벽붙이기 | 테라조외벽붙이기	0		1	석재판재공사 > 석재외벽붙이기 > 사암외벽붙이기	0		NONE	PENDING	PENDING	EMPTY	EMPTY
1491	e452c13c9ef2b173dabbb62c3cce6ed7e296573f18465ecd34812dc05a618867	5234	천연슬래이트외벽붙이기	석재판재공사 > 석재외벽붙이기 > 천연슬래이트외벽붙이기	석재판재공사	52	석재외벽붙이기	523	PROCESS	KEEP_AS_DISTINCT	INSUFFICIENT_EVIDENCE	5	화강석외벽붙이기 | 대리석외벽붙이기 | 사암외벽붙이기 | 인조석외벽붙이기 | 테라조외벽붙이기	0		1	석재판재공사 > 석재외벽붙이기 > 천연슬래이트외벽붙이기	0		NONE	PENDING	PENDING	EMPTY	EMPTY
