review_key	source_key	family_key	work_big	work_mid	name_raw	name_normalized	path_raw	semantic_decision	mapping_type	target_canonical_id	target_canonical_name	owner_default	production_candidate	owner_decision	owner_reason
05a8fdc010aceee3bd865f240a55159d506c0258a726d190233d3843728b8d28	bf96d298be62d6a3ffef772da0d50e7ab042412d5d91340436ce85ab2b972cb0	3c910f25b445bea6a92ceffeca88fb67009e4f969bf24270daecd9bfb850c5f8	건축	철골공사	용접작업	용접작업	건축 > 철골공사 > 용접작업	POSSIBLE_RELATED	POSSIBLE_RELATED	bf3841d0-71ea-4464-a7d9-d0dcdc3dfa33	궤도현장용접	HOLD	YES_HOLD_ONLY		
0a997ef7bcec301fd80c3f259ae3a1f72276660b21fad8c054cc50c386c9002c	70ab21b041aa9260a89e4d815ee67a8a7d75805b8968e46b97c50a8436129214	8f6ecd321691ca29c767d1260283d0df3a18f7467bf7342879ba1b42f6971f82	토목	가설공사	양생작업	양생작업	토목 > 가설공사 > 양생작업	POSSIBLE_RELATED	POSSIBLE_RELATED	3258e587-68ab-40c8-80df-dd4fa0db60b7	콘크리트양생	HOLD	YES_HOLD_ONLY		
0c186a1ef608fc593e6036912e457138fadbdb21242f8e9f96b86043f8a5a235	5bf7977ef69aaddeaaced10eb26e7867c07f62ccc06ee28a11ccbe31096d8a45	3c910f25b445bea6a92ceffeca88fb67009e4f969bf24270daecd9bfb850c5f8	건축	목공사	용접작업	용접작업	건축 > 목공사 > 용접작업	POSSIBLE_RELATED	POSSIBLE_RELATED	bf3841d0-71ea-4464-a7d9-d0dcdc3dfa33	궤도현장용접	HOLD	YES_HOLD_ONLY		
14f03b27f2946857710effd6897163a11e420273584ad13ddbdb42772d81ce33	b592525ef552dfdbe9cb7d6fcb98b68b45645a282d0f655148710bfdd8b95173	3c910f25b445bea6a92ceffeca88fb67009e4f969bf24270daecd9bfb850c5f8	토목	교량공사	용접작업	용접작업	토목 > 교량공사 > 용접작업	POSSIBLE_RELATED	POSSIBLE_RELATED	bf3841d0-71ea-4464-a7d9-d0dcdc3dfa33	궤도현장용접	HOLD	YES_HOLD_ONLY		
1ad59710a135efc0947cecfbf73a65289077700f58481f5579c72e5e5fe490c6	148766e3da32b5adb71575b8916c2b83ee7d939dfbdaf084547dbcae96a3f2a2	b45486f292dde403a31c88157aa9a6b6888b5cd1eb5644d44dcab22dbbdc46b2	토목	가설공사	인발작업	인발작업	토목 > 가설공사 > 인발작업	POSSIBLE_RELATED	POSSIBLE_RELATED	06e686fc-0062-46af-b4f2-72027b7a4668	RockBolt축력및인발측정	HOLD	YES_HOLD_ONLY		
22be7b10e45dd7128e61e45011ffab8e201a5e85b22a92d759f504389dc26fcc	63620cc062e187bacaf39f790dcf7dda7c2b25a2e0858ec1dfe05c935d04c717	8f6ecd321691ca29c767d1260283d0df3a18f7467bf7342879ba1b42f6971f82	건축	철근콘크리트공사	양생작업	양생작업	건축 > 철근콘크리트공사 > 양생작업	POSSIBLE_RELATED	POSSIBLE_RELATED	3258e587-68ab-40c8-80df-dd4fa0db60b7	콘크리트양생	HOLD	YES_HOLD_ONLY		
263b5af76c04573c59b325418f2d4fb1d10ca5a38ff0f47200d78587604fd1d7	58c281c81721f7fa0a7e8466317f7a65976028c8a27e52ac6e4d16cb9239cc19	3c910f25b445bea6a92ceffeca88fb67009e4f969bf24270daecd9bfb850c5f8	산업설비	가설공사	용접작업	용접작업	산업설비 > 가설공사 > 용접작업	POSSIBLE_RELATED	POSSIBLE_RELATED	bf3841d0-71ea-4464-a7d9-d0dcdc3dfa33	궤도현장용접	HOLD	YES_HOLD_ONLY		
32b50b35a011eb5612b26ce5bf853fd59b56f926c04f19d65341c067698b03d6	34601bf918dcedef6f8cca533789282c6d0b940cd2d242f554dec7bd51532483	3c910f25b445bea6a92ceffeca88fb67009e4f969bf24270daecd9bfb850c5f8	전기설비	전기설비공사	용접작업	용접작업	전기설비 > 전기설비공사 > 용접작업	POSSIBLE_RELATED	POSSIBLE_RELATED	bf3841d0-71ea-4464-a7d9-d0dcdc3dfa33	궤도현장용접	HOLD	YES_HOLD_ONLY		
40be024ec90da48435be1226f1aff5dda555124cea9c53b77686e8f36e61c41f	3d1c7ac169d6f6b59b308e3de0046e1725ea2ad5fb26037c20d215cb2f68de93	3c910f25b445bea6a92ceffeca88fb67009e4f969bf24270daecd9bfb850c5f8	토목	댐 및 제방공사	용접작업	용접작업	토목 > 댐 및 제방공사 > 용접작업	POSSIBLE_RELATED	POSSIBLE_RELATED	bf3841d0-71ea-4464-a7d9-d0dcdc3dfa33	궤도현장용접	HOLD	YES_HOLD_ONLY		
436df60443f1d38e326a2886bacbe7802a4aad366031a34ba893665656b215c2	cddf320b85693419f1d9a8c27afe3f1b2ca2800937582fb90352a606d102695d	3c910f25b445bea6a92ceffeca88fb67009e4f969bf24270daecd9bfb850c5f8	건축	방수공사	용접작업	용접작업	건축 > 방수공사 > 용접작업	POSSIBLE_RELATED	POSSIBLE_RELATED	bf3841d0-71ea-4464-a7d9-d0dcdc3dfa33	궤도현장용접	HOLD	YES_HOLD_ONLY		
5ed5a8da387455a45b975a1461c93711d7ca27a31cb7f65cb9d41ed1f265d3ca	51a54b0649992865c8852fa4cf2b8f315457129fd59d00919a8e7caa85858cbe	3c910f25b445bea6a92ceffeca88fb67009e4f969bf24270daecd9bfb850c5f8	건축	금속공사	용접작업	용접작업	건축 > 금속공사 > 용접작업	POSSIBLE_RELATED	POSSIBLE_RELATED	bf3841d0-71ea-4464-a7d9-d0dcdc3dfa33	궤도현장용접	HOLD	YES_HOLD_ONLY		
5f92b2168c108dbc205c2c93192aa2e78fb01c07751763c462e8c54599501e52	4def190a95a9a07b35c92f796850d2b8bf6c42cf8b38892beee112680a4061cf	3c910f25b445bea6a92ceffeca88fb67009e4f969bf24270daecd9bfb850c5f8	토목	가설공사	용접작업	용접작업	토목 > 가설공사 > 용접작업	POSSIBLE_RELATED	POSSIBLE_RELATED	bf3841d0-71ea-4464-a7d9-d0dcdc3dfa33	궤도현장용접	HOLD	YES_HOLD_ONLY		
61152407f954d446ad341cc1c174a6649d41cac70f0a769fe6b02b3d42abb500	a65d86052ddd8a6835263234820ded35585e053a2ce72f4ad6bdabc8a255c312	3c910f25b445bea6a92ceffeca88fb67009e4f969bf24270daecd9bfb850c5f8	건축	미장공사	용접작업	용접작업	건축 > 미장공사 > 용접작업	POSSIBLE_RELATED	POSSIBLE_RELATED	bf3841d0-71ea-4464-a7d9-d0dcdc3dfa33	궤도현장용접	HOLD	YES_HOLD_ONLY		
633042aa8f7aaabda70d24aba1668c12d463586c35c179437946b2317428ff97	a940040a66358a0ff561d9e7e2fa45278c6fd18e91e7c2f87a746de5b570601b	8f6ecd321691ca29c767d1260283d0df3a18f7467bf7342879ba1b42f6971f82	토목	토공사	양생작업	양생작업	토목 > 토공사 > 양생작업	POSSIBLE_RELATED	POSSIBLE_RELATED	3258e587-68ab-40c8-80df-dd4fa0db60b7	콘크리트양생	HOLD	YES_HOLD_ONLY		
6b223cd3cf40334776c0959bd8d292d715198e4e9e340729d6b03bd23db24fd0	cc3283c85a234ec0d1e363ba7f0e25cac93f3a535611fa4de81e52d445110022	472845d4fc3f329f9af4a3fd3c6136a2998126cc621e414a74dcd3496c2f3ed8	토목	도로 및 포장공사	장약 및 발파작업	장약 및 발파작업	토목 > 도로 및 포장공사 > 장약 및 발파작업	NARROWER_THAN	NARROWER_THAN	473d69ee-4433-487f-bc43-c35c1f2ea28f	발파굴착	UNDECIDED	YES		
6e9d5febb99ee3fcdb7b1228028658e9475a8344445ddf043ac3d080ee3f3870	91f6bf9c63f02e1c6aba13929e0a2726e4fb4ec26a935801ceb40d3bf182bc0e	b45486f292dde403a31c88157aa9a6b6888b5cd1eb5644d44dcab22dbbdc46b2	토목	교량공사	인발작업	인발작업	토목 > 교량공사 > 인발작업	POSSIBLE_RELATED	POSSIBLE_RELATED	06e686fc-0062-46af-b4f2-72027b7a4668	RockBolt축력및인발측정	HOLD	YES_HOLD_ONLY		
6f97dc5e9cadec215d16f88e3f7ebe0d88cfd465728c1b48cf61f5ce96d798f1	c10af25e7222a7cb959ee15e84216a84dab5764890a2586272633c6624e4d95f	472845d4fc3f329f9af4a3fd3c6136a2998126cc621e414a74dcd3496c2f3ed8	건축	건축 토공사	장약 및 발파작업	장약 및 발파작업	건축 > 건축 토공사 > 장약 및 발파작업	NARROWER_THAN	NARROWER_THAN	473d69ee-4433-487f-bc43-c35c1f2ea28f	발파굴착	UNDECIDED	YES		
70b7f79226e63be1464a0057233c3eaf934a7719d729921da2819a137425fea7	af98dff732585f6fceffc330a66dc42f4f3b49a1193848e5def1b6e653c1eae7	3c910f25b445bea6a92ceffeca88fb67009e4f969bf24270daecd9bfb850c5f8	산업설비	산업설비공사	용접작업	용접작업	산업설비 > 산업설비공사 > 용접작업	POSSIBLE_RELATED	POSSIBLE_RELATED	bf3841d0-71ea-4464-a7d9-d0dcdc3dfa33	궤도현장용접	HOLD	YES_HOLD_ONLY		
72d20385a7aea0100133ca77bb4b3a15ef50912544a63867ccdde3f441ec9999	054230c579275c8757ec01d947f76f26d285e6fdd5804150643e4bcf776f8ce1	3c910f25b445bea6a92ceffeca88fb67009e4f969bf24270daecd9bfb850c5f8	기타	기타	용접작업	용접작업	기타 > 기타 > 용접작업	POSSIBLE_RELATED	POSSIBLE_RELATED	bf3841d0-71ea-4464-a7d9-d0dcdc3dfa33	궤도현장용접	HOLD	YES_HOLD_ONLY		
72f6c249ce97c62a6e1bb62b6d93f279ed79b4a3c3ea680b95bbca4dd82fb170	3fb3b00d3bde2e3e9083f46c755f377d446405798421719baabdfa39bf09b539	3c910f25b445bea6a92ceffeca88fb67009e4f969bf24270daecd9bfb850c5f8	건축	가설공사	용접작업	용접작업	건축 > 가설공사 > 용접작업	POSSIBLE_RELATED	POSSIBLE_RELATED	bf3841d0-71ea-4464-a7d9-d0dcdc3dfa33	궤도현장용접	HOLD	YES_HOLD_ONLY		
7ad543d9e5021cffe87648bb3c7279e490f439cdeea8c3e619a3104bb4d426b2	4bcd12813a918603d8b38a34a89b9d68226deb2c86a82f9d286de0c8f394cb62	472845d4fc3f329f9af4a3fd3c6136a2998126cc621e414a74dcd3496c2f3ed8	토목	터널공사	장약 및 발파작업	장약 및 발파작업	토목 > 터널공사 > 장약 및 발파작업	NARROWER_THAN	NARROWER_THAN	473d69ee-4433-487f-bc43-c35c1f2ea28f	발파굴착	UNDECIDED	YES		
7dbff8d1c632e911b1feae0cbb4cc218a06d5c5e221fa7f2bc24e8c8ebd9a67d	af639997418873989ccc161215f2d99c4aff3b77538bc056a9581b7cdf1453df	b45486f292dde403a31c88157aa9a6b6888b5cd1eb5644d44dcab22dbbdc46b2	건축	건축 토공사	인발작업	인발작업	건축 > 건축 토공사 > 인발작업	POSSIBLE_RELATED	POSSIBLE_RELATED	06e686fc-0062-46af-b4f2-72027b7a4668	RockBolt축력및인발측정	HOLD	YES_HOLD_ONLY		
8345a1ff440e630fb7f73846501025ad742dbf877da148b1e97f3edacb58fca8	6ac3a80b516f9822413f5a16264745c3da6535e59a5d41e94d256e16db88db91	472845d4fc3f329f9af4a3fd3c6136a2998126cc621e414a74dcd3496c2f3ed8	산업설비	산업설비공사	장약 및 발파작업	장약 및 발파작업	산업설비 > 산업설비공사 > 장약 및 발파작업	NARROWER_THAN	NARROWER_THAN	473d69ee-4433-487f-bc43-c35c1f2ea28f	발파굴착	UNDECIDED	YES		
8a114d2d1daa9b331d055f2757075cc5f82c922d6aaadf7cee34c75ef6e55354	a24bc1a5be7dd9ef24584696ad3086702a705bfef93b41fb2440a1e48a2718e7	3c910f25b445bea6a92ceffeca88fb67009e4f969bf24270daecd9bfb850c5f8	기계설비	기계설비공사	용접작업	용접작업	기계설비 > 기계설비공사 > 용접작업	POSSIBLE_RELATED	POSSIBLE_RELATED	bf3841d0-71ea-4464-a7d9-d0dcdc3dfa33	궤도현장용접	HOLD	YES_HOLD_ONLY		
900ea11b6af7fc49a1d728fed27cd68bb3c61ce1d82fea046b8178c314030cc1	a31f569d510a2f20401b24b9d7cf50fc0a1e35701771fac04e211b875112ad66	3c910f25b445bea6a92ceffeca88fb67009e4f969bf24270daecd9bfb850c5f8	건축	해체 및 철거공사	용접작업	용접작업	건축 > 해체 및 철거공사 > 용접작업	POSSIBLE_RELATED	POSSIBLE_RELATED	bf3841d0-71ea-4464-a7d9-d0dcdc3dfa33	궤도현장용접	HOLD	YES_HOLD_ONLY		
9020889ec7e1a00fc6184b2ada68a3f2f60ee01759d9bd012d30653c251dc88b	75670533b6aa835e5a7b46eaf724b1151b6b1b0b8d30afe296748cc4d773613d	3c910f25b445bea6a92ceffeca88fb67009e4f969bf24270daecd9bfb850c5f8	토목	강구조물공사	용접작업	용접작업	토목 > 강구조물공사 > 용접작업	POSSIBLE_RELATED	POSSIBLE_RELATED	bf3841d0-71ea-4464-a7d9-d0dcdc3dfa33	궤도현장용접	HOLD	YES_HOLD_ONLY		
90e0592fced11316339dbe4cd96e02472686ae7561332721d90b7d13dc8107a3	133d647ba4199c08b7a4a0768fe4e04c6509efe924d2e94dde6b1edfc8679d7a	3c910f25b445bea6a92ceffeca88fb67009e4f969bf24270daecd9bfb850c5f8	토목	철도 및 궤도공사	용접작업	용접작업	토목 > 철도 및 궤도공사 > 용접작업	POSSIBLE_RELATED	POSSIBLE_RELATED	bf3841d0-71ea-4464-a7d9-d0dcdc3dfa33	궤도현장용접	HOLD	YES_HOLD_ONLY		
9139768d81cea589b2caeeb78d7070ce48bb62dfdab4df3d5a853b793cdce456	a61d4c8bd691e880b7a152cfba6dce019746923498a212995d85a56c636ee65a	3c910f25b445bea6a92ceffeca88fb67009e4f969bf24270daecd9bfb850c5f8	토목	토공사	용접작업	용접작업	토목 > 토공사 > 용접작업	POSSIBLE_RELATED	POSSIBLE_RELATED	bf3841d0-71ea-4464-a7d9-d0dcdc3dfa33	궤도현장용접	HOLD	YES_HOLD_ONLY		
9379793dd7cc263c5cf0eaf0ee0505b7f43d5fca891998696d4dfb5e33e68a03	8f32ab3b22f856834c24b9aba7fa43b2a0bfe1eccd19f163a49c64b2221957af	3c910f25b445bea6a92ceffeca88fb67009e4f969bf24270daecd9bfb850c5f8	건축	건축 토공사	용접작업	용접작업	건축 > 건축 토공사 > 용접작업	POSSIBLE_RELATED	POSSIBLE_RELATED	bf3841d0-71ea-4464-a7d9-d0dcdc3dfa33	궤도현장용접	HOLD	YES_HOLD_ONLY		
96120419dde7b52811d2ab305e52aff5d8dd86475516de06d0ec243ac39f2254	c284c58a7d300c449a422a04770801985ac5ac24d7b1886c3fa386eaa283c8a5	472845d4fc3f329f9af4a3fd3c6136a2998126cc621e414a74dcd3496c2f3ed8	토목	댐 및 제방공사	장약 및 발파작업	장약 및 발파작업	토목 > 댐 및 제방공사 > 장약 및 발파작업	NARROWER_THAN	NARROWER_THAN	473d69ee-4433-487f-bc43-c35c1f2ea28f	발파굴착	UNDECIDED	YES		
9f28ea126b97d60e334d477318cba0b11009ab3f50abb651e385b485e7c2b534	4b5b6ba51a4c0ddf7ff874adea47c79e83701cb18cea2230b525c9fd49d07f08	3c910f25b445bea6a92ceffeca88fb67009e4f969bf24270daecd9bfb850c5f8	건축	철근콘크리트공사	용접작업	용접작업	건축 > 철근콘크리트공사 > 용접작업	POSSIBLE_RELATED	POSSIBLE_RELATED	bf3841d0-71ea-4464-a7d9-d0dcdc3dfa33	궤도현장용접	HOLD	YES_HOLD_ONLY		
a366d95547d13e0452b7022c1f91c506d8baf16e99767c02473428f14479ba45	8cb46732f9d12d3325adcd257378ed80e3f03338b76809e67abc21a3ec4cf7e7	b45486f292dde403a31c88157aa9a6b6888b5cd1eb5644d44dcab22dbbdc46b2	토목	관공사	인발작업	인발작업	토목 > 관공사 > 인발작업	POSSIBLE_RELATED	POSSIBLE_RELATED	06e686fc-0062-46af-b4f2-72027b7a4668	RockBolt축력및인발측정	HOLD	YES_HOLD_ONLY		
a3a55a8f7032bebaea2ce5e63174d0221601dfbb621895093863a33cd6622a04	868e9c91190869c4400d5bf12af074dc0c40bc21270a595c4f92e5903f15ce6c	3c910f25b445bea6a92ceffeca88fb67009e4f969bf24270daecd9bfb850c5f8	건축	건축물 부대공사	용접작업	용접작업	건축 > 건축물 부대공사 > 용접작업	POSSIBLE_RELATED	POSSIBLE_RELATED	bf3841d0-71ea-4464-a7d9-d0dcdc3dfa33	궤도현장용접	HOLD	YES_HOLD_ONLY		
a616f3abda3007de0a932ff47d92dc7eead4c86432951b47a35946a5beb343f3	bb5f5324a72f603872dd26d7763d9ff63997fbd031ec992149bc08aa97055fef	3c910f25b445bea6a92ceffeca88fb67009e4f969bf24270daecd9bfb850c5f8	토목	철근콘크리트공사	용접작업	용접작업	토목 > 철근콘크리트공사 > 용접작업	POSSIBLE_RELATED	POSSIBLE_RELATED	bf3841d0-71ea-4464-a7d9-d0dcdc3dfa33	궤도현장용접	HOLD	YES_HOLD_ONLY		
adc601d206b8d29d10b93858f1364f48df6fe6b65b0a168ff68a086029251621	57457a331c94593c0ff4836fb335d1cc0ec9c608a858c69c8137b38b697f49a5	3c910f25b445bea6a92ceffeca88fb67009e4f969bf24270daecd9bfb850c5f8	토목	하천공사	용접작업	용접작업	토목 > 하천공사 > 용접작업	POSSIBLE_RELATED	POSSIBLE_RELATED	bf3841d0-71ea-4464-a7d9-d0dcdc3dfa33	궤도현장용접	HOLD	YES_HOLD_ONLY		
b6052a1a19016bfb08c82ef017b3777b76560c1f0a2c125ece09e694bb41e911	4d34982f3f41c9abbfa5c8c8afcb6f901c490f4cd360b58a4f7ca4412f5593b3	472845d4fc3f329f9af4a3fd3c6136a2998126cc621e414a74dcd3496c2f3ed8	건축	해체 및 철거공사	장약 및 발파작업	장약 및 발파작업	건축 > 해체 및 철거공사 > 장약 및 발파작업	NARROWER_THAN	NARROWER_THAN	473d69ee-4433-487f-bc43-c35c1f2ea28f	발파굴착	UNDECIDED	YES		
b6d0f9f88753342fe75d7230d35affed957af6d4bf605172f970be6e7cee273f	e66116b9961e325106cccc5e7499c2b09d9ed8084d7ccbf25e4fbb7fa9268de8	8f6ecd321691ca29c767d1260283d0df3a18f7467bf7342879ba1b42f6971f82	토목	철근콘크리트공사	양생작업	양생작업	토목 > 철근콘크리트공사 > 양생작업	POSSIBLE_RELATED	POSSIBLE_RELATED	3258e587-68ab-40c8-80df-dd4fa0db60b7	콘크리트양생	HOLD	YES_HOLD_ONLY		
bb7c0c36ce7e6792557f751e2c5d1d084c7a1bf7e00d87e5e6bee27d9383c3d2	9c3b76eb27e1290fa3602e6665166e2deb8a1f2b6d3acd58ca4eb1e1766829e4	3c910f25b445bea6a92ceffeca88fb67009e4f969bf24270daecd9bfb850c5f8	토목	관공사	용접작업	용접작업	토목 > 관공사 > 용접작업	POSSIBLE_RELATED	POSSIBLE_RELATED	bf3841d0-71ea-4464-a7d9-d0dcdc3dfa33	궤도현장용접	HOLD	YES_HOLD_ONLY		
c5fa8208e2b14274ca4d321109afea8e6ceda173c17cb3f0c8942e88ffbaf4bb	b5d0624486db8a0a715d43a9aecf5fe5a227e260de15b2af1c4670cb2975acdb	3c910f25b445bea6a92ceffeca88fb67009e4f969bf24270daecd9bfb850c5f8	토목	관공사 부대공사	용접작업	용접작업	토목 > 관공사 부대공사 > 용접작업	POSSIBLE_RELATED	POSSIBLE_RELATED	bf3841d0-71ea-4464-a7d9-d0dcdc3dfa33	궤도현장용접	HOLD	YES_HOLD_ONLY		
c845a074ed23b5822fc1507d841692c3fae21b079a1445e5e73442b2db81dd06	aaf3b02d93e32b6ebae14ce31cb98d5302aa62484b653e11add70b8a9ee91ea8	472845d4fc3f329f9af4a3fd3c6136a2998126cc621e414a74dcd3496c2f3ed8	토목	지반조사	장약 및 발파작업	장약 및 발파작업	토목 > 지반조사 > 장약 및 발파작업	NARROWER_THAN	NARROWER_THAN	473d69ee-4433-487f-bc43-c35c1f2ea28f	발파굴착	UNDECIDED	YES		
daba67f5ab480f81628e311af2cca68173f4822b69ae136460fc0953c9108160	2595c79851c0af268132385ded2b2de9eca13d57e6fd6c29c793f1358bd9aa00	3c910f25b445bea6a92ceffeca88fb67009e4f969bf24270daecd9bfb850c5f8	건축	수장공사	용접작업	용접작업	건축 > 수장공사 > 용접작업	POSSIBLE_RELATED	POSSIBLE_RELATED	bf3841d0-71ea-4464-a7d9-d0dcdc3dfa33	궤도현장용접	HOLD	YES_HOLD_ONLY		
dd9759cac1a81c40a55f00cb98d2ccab06d6c4983f8b607b2e68d7afb74d426d	c7a1dfc6450566681d08082a626ca7eb224c8400bd8b98135bbbc2b919ef5179	472845d4fc3f329f9af4a3fd3c6136a2998126cc621e414a74dcd3496c2f3ed8	토목	토공사	장약 및 발파작업	장약 및 발파작업	토목 > 토공사 > 장약 및 발파작업	NARROWER_THAN	NARROWER_THAN	473d69ee-4433-487f-bc43-c35c1f2ea28f	발파굴착	UNDECIDED	YES		
e29e4132212aaceb8ccaae37ad4e452b545997cdcd9ee0bbebb2f6e98a07888d	a01acb8abb5884545427c7e180ab733ce3365dd75567a98baddefc78e365c706	472845d4fc3f329f9af4a3fd3c6136a2998126cc621e414a74dcd3496c2f3ed8	건축	지반조사	장약 및 발파작업	장약 및 발파작업	건축 > 지반조사 > 장약 및 발파작업	NARROWER_THAN	NARROWER_THAN	473d69ee-4433-487f-bc43-c35c1f2ea28f	발파굴착	UNDECIDED	YES		
e4d191edde0c335089d573f0a61f242b538792db564e6ad5c1ade1993370d45a	1a66ec9ba27cfcba59d16a01941b8c3dbda353aceeb79f8b5c9e7911f7ccd998	8f6ecd321691ca29c767d1260283d0df3a18f7467bf7342879ba1b42f6971f82	토목	관공사	양생작업	양생작업	토목 > 관공사 > 양생작업	POSSIBLE_RELATED	POSSIBLE_RELATED	3258e587-68ab-40c8-80df-dd4fa0db60b7	콘크리트양생	HOLD	YES_HOLD_ONLY		
f0afa42f1f3d756d3ccc4c7198034a24d3bbb28d6ea6e4a26d296bbb5a3f9f1b	e998dc8fb45665e027938e2f90513489918d3e5ac2ebf7d4384661e30f13907e	3c910f25b445bea6a92ceffeca88fb67009e4f969bf24270daecd9bfb850c5f8	건축	지붕 및 홈통공사	용접작업	용접작업	건축 > 지붕 및 홈통공사 > 용접작업	POSSIBLE_RELATED	POSSIBLE_RELATED	bf3841d0-71ea-4464-a7d9-d0dcdc3dfa33	궤도현장용접	HOLD	YES_HOLD_ONLY		
f0f5df2e8d8c9dd2e141c3356356062291f054762e84265097d1f5f313c43f49	c1444e8613c36a523874a39635709a4120c93b03d18d65c7cf44a6b8977a0123	3c910f25b445bea6a92ceffeca88fb67009e4f969bf24270daecd9bfb850c5f8	산업설비	지반조사	용접작업	용접작업	산업설비 > 지반조사 > 용접작업	POSSIBLE_RELATED	POSSIBLE_RELATED	bf3841d0-71ea-4464-a7d9-d0dcdc3dfa33	궤도현장용접	HOLD	YES_HOLD_ONLY		
fac4a4f85e18efa4f6abdd813588a74fbbf25716ca8a3065039b9f0a698ed876	89db2f248965b088d346152c578dd684072314950ce6a5b3fe784f07447a86c8	3c910f25b445bea6a92ceffeca88fb67009e4f969bf24270daecd9bfb850c5f8	토목	말뚝공사	용접작업	용접작업	토목 > 말뚝공사 > 용접작업	POSSIBLE_RELATED	POSSIBLE_RELATED	bf3841d0-71ea-4464-a7d9-d0dcdc3dfa33	궤도현장용접	HOLD	YES_HOLD_ONLY		
fee66abb0bc11b387386b08870de98d27b27b91ddc046d3ad7a84b9f0ee52c1e	47b4c623034eb5bf5c4d95320a8f05e57941b9fca27b36ec3dc971bc20125f3d	b45486f292dde403a31c88157aa9a6b6888b5cd1eb5644d44dcab22dbbdc46b2	토목	토공사	인발작업	인발작업	토목 > 토공사 > 인발작업	POSSIBLE_RELATED	POSSIBLE_RELATED	06e686fc-0062-46af-b4f2-72027b7a4668	RockBolt축력및인발측정	HOLD	YES_HOLD_ONLY		
