case_no	review_concept_key	semantic_kind	source_keys	source_names	source_paths	blocker_type	review_scope	immediate_parent_keys	immediate_parent_names	excluded_parent_reason	source_root_keys	source_root_names	nearest_candidate_ancestor_count	nearest_candidate_ancestor_keys	nearest_candidate_ancestor_names	nearest_candidate_ancestor_distance	evidence_classification	parent_family_id	mechanical_parent_candidate	mechanical_parent_candidate_name	mechanical_rule_status	raw_label_variants	label_variant_analysis	evidence_refs	external_evidence_required	gpt_decision	gpt_parent_candidate	gpt_label_candidate	owner_approval_state
01	96df527ccb239d96a2f604ac5848d689d174bacf9f0b5716d1c76dad7cc4375a	TASK	3716	Riprap재료축조	댐공사 > 휠댐(제방) > Riprap재료축조	PARENT	ACTIVE_GPT_REVIEW	371	휠댐(제방)	REFERENCE_ONLY:ORIGINAL_REJECT	37	댐공사	1	da54d4926aa79473fa6f89610338b0297765d601166ceb67ac95ba973da49bf0	댐공사	2	SINGLE_NEAREST_CANDIDATE_ANCESTOR	F-371	da54d4926aa79473fa6f89610338b0297765d601166ceb67ac95ba973da49bf0	댐공사	SINGLE_ANCESTOR_DERIVED	EMPTY	EMPTY	REVIEW-011 member hierarchy | REVIEW-016 blocker queue	NO	PENDING	EMPTY	EMPTY	NOT_APPROVED
02	5bc3acd70ef94be1828618eb4eee664445fda4b87144a9b0b917ff2c6a19b740	PROCESS	86 | 8631 | 863	기타전기설비공사 | 기타전기설비공사 | 기타전기설비공사	기타전기설비공사 | 기타전기설비공사 > 기타전기설비공사 | 기타전기설비공사 > 기타전기설비공사 > 기타전기설비공사	PARENT	ACTIVE_GPT_REVIEW	86 | 863	기타전기설비공사 | 기타전기설비공사	EMPTY	86	기타전기설비공사	0	EMPTY	EMPTY	EMPTY	NO_CANDIDATE_ANCESTOR	F-86	EMPTY	EMPTY	GPT_REQUIRED	EMPTY	EMPTY	REVIEW-011 member hierarchy | REVIEW-016 blocker queue	NO	PENDING	EMPTY	EMPTY	NOT_APPROVED
03	5ec54c9e3d66b25af9d10f82992e53383ce691ada40eb88359f08b8700262026	TASK	3711	불투수성재료축조	댐공사 > 휠댐(제방) > 불투수성재료축조	PARENT	ACTIVE_GPT_REVIEW	371	휠댐(제방)	REFERENCE_ONLY:ORIGINAL_REJECT	37	댐공사	1	da54d4926aa79473fa6f89610338b0297765d601166ceb67ac95ba973da49bf0	댐공사	2	SINGLE_NEAREST_CANDIDATE_ANCESTOR	F-371	da54d4926aa79473fa6f89610338b0297765d601166ceb67ac95ba973da49bf0	댐공사	SINGLE_ANCESTOR_DERIVED	EMPTY	EMPTY	REVIEW-011 member hierarchy | REVIEW-016 blocker queue	NO	PENDING	EMPTY	EMPTY	NOT_APPROVED
04	85186bfd8bcaa78e820ac5ddedf2c656d531931ecafbec8900ef596cc28ae9ee	PROCESS	811 | 8111	배관․전로공사 | 배관및전로공사	전기 자동제어 계장 신호 통신공통공사 > 배관․전로공사 | 전기 자동제어 계장 신호 통신공통공사 > 배관․전로공사 > 배관및전로공사	LABEL_VARIANT	ACTIVE_GPT_REVIEW	81 | 811	전기 자동제어 계장 신호 통신공통공사 | 배관․전로공사	EMPTY	81 | 81	전기 자동제어 계장 신호 통신공통공사 | 전기 자동제어 계장 신호 통신공통공사	EMPTY	EMPTY	EMPTY	EMPTY	MULTI_RAW_VARIANTS	EMPTY	EMPTY	EMPTY	EMPTY	811=배관․전로공사 | 8111=배관및전로공사	normalized_token_sequence_A=배관|전로공사 | normalized_token_sequence_B=배관|전로공사 | punctuation_removed_equal=NO | connector_normalized_equal=YES | whitespace_removed_equal=NO | middle_dot_present_A=YES | 및_present_B=YES | meaning_bearing_word_difference=NO | hierarchy_relation=PARENT_CHILD | hierarchy_level_A=W_MID | hierarchy_level_B=W_LEAF | source_path_A=전기 자동제어 계장 신호 통신공통공사 > 배관․전로공사 | source_path_B=전기 자동제어 계장 신호 통신공통공사 > 배관․전로공사 > 배관및전로공사 | source_parent_label=배관․전로공사 | source_child_label=배관및전로공사 | sibling_naming_pattern=812=배선․가선공사; 813=전기․통신공사관련기타공통공사	REVIEW-010 members | REVIEW-011 labels | REVIEW-016 blocker queue	NO	PENDING	EMPTY	EMPTY	NOT_APPROVED
05	ba7464ebdf6a54c4e9f41527a34eb43bc81acd1179e83a68a1c0c6244ad03980	TASK	061	장비운반	공통장비 > 장비운반	PARENT	ACTIVE_GPT_REVIEW	06	공통장비	REFERENCE_ONLY:ORIGINAL_REJECT	06	공통장비	0	EMPTY	EMPTY	EMPTY	EXCLUDED_PARENT_AND_ROOT	F-06	EMPTY	EMPTY	GPT_REQUIRED	EMPTY	EMPTY	REVIEW-011 member hierarchy | REVIEW-016 blocker queue	NO	PENDING	EMPTY	EMPTY	NOT_APPROVED
06	b04a22eac59269ecbefbb8cb7b88dbc9bb80873d12c84cd2a917409e70d1dd4b	PROCESS	673	의료시험및시운전공사실가스공사 - - 대․중․소 분류대․중․소 분류	서비스설비공사 > 의료시험및시운전공사실가스공사 - - 대․중․소 분류대․중․소 분류	FROZEN_LABEL_HOLD	FROZEN_HOLD	67	서비스설비공사	EMPTY	67	서비스설비공사	1	4d9e8f9fa87bd378789d8cf760fcc530d324b31228a4807c8d19549ba282a0af	EMPTY	EMPTY	FROZEN_HOLD_LABEL_CONFIRMED	EMPTY	EMPTY	EMPTY	EMPTY	의료시험및시운전공사실가스공사 - - 대․중․소 분류대․중․소 분류	CARRY_FORWARD_REVIEW_015_HOLD_LABEL_CONFIRMED	REVIEW-015 remaining5 | REVIEW-016 blocker queue	NO	HOLD_LABEL_CONFIRMED	EMPTY	EMPTY	NOT_APPROVED
07	8d001bee4680940152af6429b4c5f3827cfce258485b1683294cbe4bb94cdf1d	PROCESS	8121 | 812	배선및가선공사 | 배선․가선공사	전기 자동제어 계장 신호 통신공통공사 > 배선․가선공사 > 배선및가선공사 | 전기 자동제어 계장 신호 통신공통공사 > 배선․가선공사	LABEL_VARIANT	ACTIVE_GPT_REVIEW	81 | 812	전기 자동제어 계장 신호 통신공통공사 | 배선․가선공사	EMPTY	81 | 81	전기 자동제어 계장 신호 통신공통공사 | 전기 자동제어 계장 신호 통신공통공사	EMPTY	EMPTY	EMPTY	EMPTY	MULTI_RAW_VARIANTS	EMPTY	EMPTY	EMPTY	EMPTY	812=배선․가선공사 | 8121=배선및가선공사	normalized_token_sequence_A=배선|가선공사 | normalized_token_sequence_B=배선|가선공사 | punctuation_removed_equal=NO | connector_normalized_equal=YES | whitespace_removed_equal=NO | middle_dot_present_A=YES | 및_present_B=YES | meaning_bearing_word_difference=NO | hierarchy_relation=PARENT_CHILD | hierarchy_level_A=W_MID | hierarchy_level_B=W_LEAF | source_path_A=전기 자동제어 계장 신호 통신공통공사 > 배선․가선공사 | source_path_B=전기 자동제어 계장 신호 통신공통공사 > 배선․가선공사 > 배선및가선공사 | source_parent_label=배선․가선공사 | source_child_label=배선및가선공사 | sibling_naming_pattern=811=배관․전로공사; 813=전기․통신공사관련기타공통공사	REVIEW-010 members | REVIEW-011 labels | REVIEW-016 blocker queue	NO	PENDING	EMPTY	EMPTY	NOT_APPROVED
08	c96ac36c304825c29ee231af7f514ce0ac096e0522815892526a63eb98631e39	PROCESS	0112	공사계획	공사일반사항및공사비 > 공사일반사항 > 공사계획	PARENT	ACTIVE_GPT_REVIEW	011	공사일반사항	REFERENCE_ONLY:ORIGINAL_REJECT	01	공사일반사항및공사비	0	EMPTY	EMPTY	EMPTY	EXCLUDED_PARENT_AND_ROOT	F-011	EMPTY	EMPTY	GPT_REQUIRED	EMPTY	EMPTY	REVIEW-011 member hierarchy | REVIEW-016 blocker queue	NO	PENDING	EMPTY	EMPTY	NOT_APPROVED
09	18df971e963e4445f7d9de6e11e0f689795b23e52411ebe3f4e06552ab12c251	TASK	0113	서류및샘플제출	공사일반사항및공사비 > 공사일반사항 > 서류및샘플제출	PARENT	ACTIVE_GPT_REVIEW	011	공사일반사항	REFERENCE_ONLY:ORIGINAL_REJECT	01	공사일반사항및공사비	0	EMPTY	EMPTY	EMPTY	EXCLUDED_PARENT_AND_ROOT	F-011	EMPTY	EMPTY	GPT_REQUIRED	EMPTY	EMPTY	REVIEW-011 member hierarchy | REVIEW-016 blocker queue	NO	PENDING	EMPTY	EMPTY	NOT_APPROVED
10	7a439acd29dd65f69446cf3e5799efa47c52dc521704096d4356e2e021028380	TASK	0114	검측 기성	공사일반사항및공사비 > 공사일반사항 > 검측 기성	PARENT	ACTIVE_GPT_REVIEW	011	공사일반사항	REFERENCE_ONLY:ORIGINAL_REJECT	01	공사일반사항및공사비	0	EMPTY	EMPTY	EMPTY	EXCLUDED_PARENT_AND_ROOT	F-011	EMPTY	EMPTY	GPT_REQUIRED	EMPTY	EMPTY	REVIEW-011 member hierarchy | REVIEW-016 blocker queue	NO	PENDING	EMPTY	EMPTY	NOT_APPROVED
11	2a16ffd74a0b9293c8cb8525c8541550a2648d39748806d09ded8308b50594c7	PROCESS	0115	품질관리	공사일반사항및공사비 > 공사일반사항 > 품질관리	PARENT	ACTIVE_GPT_REVIEW	011	공사일반사항	REFERENCE_ONLY:ORIGINAL_REJECT	01	공사일반사항및공사비	0	EMPTY	EMPTY	EMPTY	EXCLUDED_PARENT_AND_ROOT	F-011	EMPTY	EMPTY	GPT_REQUIRED	EMPTY	EMPTY	REVIEW-011 member hierarchy | REVIEW-016 blocker queue	NO	PENDING	EMPTY	EMPTY	NOT_APPROVED
12	1828313c4385bdc9e07ad785dfebebadb97bd1cfabeadeaca85452d84fdbbf0c	TASK	0116	공사회의	공사일반사항및공사비 > 공사일반사항 > 공사회의	PARENT	ACTIVE_GPT_REVIEW	011	공사일반사항	REFERENCE_ONLY:ORIGINAL_REJECT	01	공사일반사항및공사비	0	EMPTY	EMPTY	EMPTY	EXCLUDED_PARENT_AND_ROOT	F-011	EMPTY	EMPTY	GPT_REQUIRED	EMPTY	EMPTY	REVIEW-011 member hierarchy | REVIEW-016 blocker queue	NO	PENDING	EMPTY	EMPTY	NOT_APPROVED
13	086cb7669fde42d8cb3ead1004aab5073c384f43c946be95d4066abffb8e0ff9	PROCESS	0117	공사관리	공사일반사항및공사비 > 공사일반사항 > 공사관리	PARENT	ACTIVE_GPT_REVIEW	011	공사일반사항	REFERENCE_ONLY:ORIGINAL_REJECT	01	공사일반사항및공사비	0	EMPTY	EMPTY	EMPTY	EXCLUDED_PARENT_AND_ROOT	F-011	EMPTY	EMPTY	GPT_REQUIRED	EMPTY	EMPTY	REVIEW-011 member hierarchy | REVIEW-016 blocker queue	NO	PENDING	EMPTY	EMPTY	NOT_APPROVED
14	708f590c9f35d785d6315ee7e29238697d00dd707c7dcda6060e2e370223b385	TASK	0118	시운전	공사일반사항및공사비 > 공사일반사항 > 시운전	PARENT	ACTIVE_GPT_REVIEW	011	공사일반사항	REFERENCE_ONLY:ORIGINAL_REJECT	01	공사일반사항및공사비	0	EMPTY	EMPTY	EMPTY	EXCLUDED_PARENT_AND_ROOT	F-011	EMPTY	EMPTY	GPT_REQUIRED	EMPTY	EMPTY	REVIEW-011 member hierarchy | REVIEW-016 blocker queue	NO	PENDING	EMPTY	EMPTY	NOT_APPROVED
15	e53153c5f2d624a42c97eec1ac937ceb3194bc799905a8e083045a94cb260c15	PROCESS	0119	준공및하자보수	공사일반사항및공사비 > 공사일반사항 > 준공및하자보수	PARENT	ACTIVE_GPT_REVIEW	011	공사일반사항	REFERENCE_ONLY:ORIGINAL_REJECT	01	공사일반사항및공사비	0	EMPTY	EMPTY	EMPTY	EXCLUDED_PARENT_AND_ROOT	F-011	EMPTY	EMPTY	GPT_REQUIRED	EMPTY	EMPTY	REVIEW-011 member hierarchy | REVIEW-016 blocker queue	NO	PENDING	EMPTY	EMPTY	NOT_APPROVED
16	f0f16c06ab4cb90d25d4fe89308cc6c166adb5d47278506dbaf906f92a58573e	TASK	2512	골재채취 생산	철근콘크리트공사 > 콘크리트자재 > 골재채취 생산	PARENT	ACTIVE_GPT_REVIEW	251	콘크리트자재	REFERENCE_ONLY:ORIGINAL_REJECT	25	철근콘크리트공사	1	13f01c1ad0d027cd2397d07a0e9eafb5222e1bbae9c0855e76a6ca66d279e062	철근콘크리트공사	2	SINGLE_NEAREST_CANDIDATE_ANCESTOR	F-251	13f01c1ad0d027cd2397d07a0e9eafb5222e1bbae9c0855e76a6ca66d279e062	철근콘크리트공사	SINGLE_ANCESTOR_DERIVED	EMPTY	EMPTY	REVIEW-011 member hierarchy | REVIEW-016 blocker queue	NO	PENDING	EMPTY	EMPTY	NOT_APPROVED
17	512d3906fcf9a0079a12b908c439663d6703b7d06a660b8da1218d18275559b2	TASK	3157	여과설비설치	토목배관공사및배수공사 > 토목배관부속설비 > 여과설비설치	PARENT	ACTIVE_GPT_REVIEW	315	토목배관부속설비	REFERENCE_ONLY:ORIGINAL_REJECT	31	토목배관공사및배수공사	1	b15cd2beb1d4901b6d710f491abe2a583003fdfe5fe6d98842ce0257c9159552	토목배관공사및배수공사	2	SINGLE_NEAREST_CANDIDATE_ANCESTOR	F-315	b15cd2beb1d4901b6d710f491abe2a583003fdfe5fe6d98842ce0257c9159552	토목배관공사및배수공사	SINGLE_ANCESTOR_DERIVED	EMPTY	EMPTY	REVIEW-011 member hierarchy | REVIEW-016 blocker queue	NO	PENDING	EMPTY	EMPTY	NOT_APPROVED
18	ef467a3e5fbf9bfabb1bb2275399ad3d5ed56372428997b0f7d746266158e69b	TASK	3712	휠터재료축조	댐공사 > 휠댐(제방) > 휠터재료축조	PARENT	ACTIVE_GPT_REVIEW	371	휠댐(제방)	REFERENCE_ONLY:ORIGINAL_REJECT	37	댐공사	1	da54d4926aa79473fa6f89610338b0297765d601166ceb67ac95ba973da49bf0	댐공사	2	SINGLE_NEAREST_CANDIDATE_ANCESTOR	F-371	da54d4926aa79473fa6f89610338b0297765d601166ceb67ac95ba973da49bf0	댐공사	SINGLE_ANCESTOR_DERIVED	EMPTY	EMPTY	REVIEW-011 member hierarchy | REVIEW-016 blocker queue	NO	PENDING	EMPTY	EMPTY	NOT_APPROVED
19	e4bb13e2e59d60b4434332a68193eba5e027152d0c13595c4ca2514f748f50e5	TASK	3713	사력재료축조	댐공사 > 휠댐(제방) > 사력재료축조	PARENT	ACTIVE_GPT_REVIEW	371	휠댐(제방)	REFERENCE_ONLY:ORIGINAL_REJECT	37	댐공사	1	da54d4926aa79473fa6f89610338b0297765d601166ceb67ac95ba973da49bf0	댐공사	2	SINGLE_NEAREST_CANDIDATE_ANCESTOR	F-371	da54d4926aa79473fa6f89610338b0297765d601166ceb67ac95ba973da49bf0	댐공사	SINGLE_ANCESTOR_DERIVED	EMPTY	EMPTY	REVIEW-011 member hierarchy | REVIEW-016 blocker queue	NO	PENDING	EMPTY	EMPTY	NOT_APPROVED
20	a20f051dae1cbf038a0939447b9d4f7508662cd0fbfe028db1c9208aca35e4f7	TASK	3714	암석재료축조	댐공사 > 휠댐(제방) > 암석재료축조	PARENT	ACTIVE_GPT_REVIEW	371	휠댐(제방)	REFERENCE_ONLY:ORIGINAL_REJECT	37	댐공사	1	da54d4926aa79473fa6f89610338b0297765d601166ceb67ac95ba973da49bf0	댐공사	2	SINGLE_NEAREST_CANDIDATE_ANCESTOR	F-371	da54d4926aa79473fa6f89610338b0297765d601166ceb67ac95ba973da49bf0	댐공사	SINGLE_ANCESTOR_DERIVED	EMPTY	EMPTY	REVIEW-011 member hierarchy | REVIEW-016 blocker queue	NO	PENDING	EMPTY	EMPTY	NOT_APPROVED
21	fd98cd55706d3e5c006fe7f8b6e705649fdee425f66e36383a54d39a8fce5fcf	TASK	3715	랜덤재료축조	댐공사 > 휠댐(제방) > 랜덤재료축조	PARENT	ACTIVE_GPT_REVIEW	371	휠댐(제방)	REFERENCE_ONLY:ORIGINAL_REJECT	37	댐공사	1	da54d4926aa79473fa6f89610338b0297765d601166ceb67ac95ba973da49bf0	댐공사	2	SINGLE_NEAREST_CANDIDATE_ANCESTOR	F-371	da54d4926aa79473fa6f89610338b0297765d601166ceb67ac95ba973da49bf0	댐공사	SINGLE_ANCESTOR_DERIVED	EMPTY	EMPTY	REVIEW-011 member hierarchy | REVIEW-016 blocker queue	NO	PENDING	EMPTY	EMPTY	NOT_APPROVED
22	a630c5d19464d9db0acd3e5b3cab8465fe8990f4d36be03653fc000e17206066	TASK	3827	석축쌓기	옹벽공사 > 조적식옹벽 > 석축쌓기	PARENT	ACTIVE_GPT_REVIEW	382	조적식옹벽	REFERENCE_ONLY:ORIGINAL_REJECT	38	옹벽공사	1	bc68572923c8910b9b34b63d85b18ecc876df84b7e42beb1fe2750242dca64f0	옹벽공사	2	SINGLE_NEAREST_CANDIDATE_ANCESTOR	F-382	bc68572923c8910b9b34b63d85b18ecc876df84b7e42beb1fe2750242dca64f0	옹벽공사	SINGLE_ANCESTOR_DERIVED	EMPTY	EMPTY	REVIEW-011 member hierarchy | REVIEW-016 blocker queue	NO	PENDING	EMPTY	EMPTY	NOT_APPROVED
23	6aeb0c0085624f5039e903e5cbfb5b103d4201624bf3e1428eb003241778d893	TASK	4151	유리블록쌓기	조적공사 > 유리블록 > 유리블록쌓기	PARENT	ACTIVE_GPT_REVIEW	415	유리블록	REFERENCE_ONLY:ORIGINAL_REJECT	41	조적공사	1	33f1ddfc015d1a5a3173d5aa56062b9af98458c2e93edc02b239d897ef4ba8d7	조적공사	2	SINGLE_NEAREST_CANDIDATE_ANCESTOR	F-415	33f1ddfc015d1a5a3173d5aa56062b9af98458c2e93edc02b239d897ef4ba8d7	조적공사	SINGLE_ANCESTOR_DERIVED	EMPTY	EMPTY	REVIEW-011 member hierarchy | REVIEW-016 blocker queue	NO	PENDING	EMPTY	EMPTY	NOT_APPROVED
24	a27352b5d662e6d1048eeecae66e47f5a993d2674b6fb0789eec4c268f846268	TASK	4152	유리블록판넬설치	조적공사 > 유리블록 > 유리블록판넬설치	PARENT	ACTIVE_GPT_REVIEW	415	유리블록	REFERENCE_ONLY:ORIGINAL_REJECT	41	조적공사	1	33f1ddfc015d1a5a3173d5aa56062b9af98458c2e93edc02b239d897ef4ba8d7	조적공사	2	SINGLE_NEAREST_CANDIDATE_ANCESTOR	F-415	33f1ddfc015d1a5a3173d5aa56062b9af98458c2e93edc02b239d897ef4ba8d7	조적공사	SINGLE_ANCESTOR_DERIVED	EMPTY	EMPTY	REVIEW-011 member hierarchy | REVIEW-016 blocker queue	NO	PENDING	EMPTY	EMPTY	NOT_APPROVED
25	547f6c3944eefedd97dfa5c18e9128c819c354b470395ca0ff4d247283db372d	TASK	5131	회반죽미장	미장공사 > 플라스터 > 회반죽미장	PARENT	ACTIVE_GPT_REVIEW	513	플라스터	REFERENCE_ONLY:ORIGINAL_REJECT	51	미장공사	1	f8f8f8c0ded720ede952c131be6396329a82ad7f1995efa930cff437b5ed9ffa	미장공사	2	SINGLE_NEAREST_CANDIDATE_ANCESTOR	F-513	f8f8f8c0ded720ede952c131be6396329a82ad7f1995efa930cff437b5ed9ffa	미장공사	SINGLE_ANCESTOR_DERIVED	EMPTY	EMPTY	REVIEW-011 member hierarchy | REVIEW-016 blocker queue	NO	PENDING	EMPTY	EMPTY	NOT_APPROVED
26	f043ecd7b1058a7909717535be66af98f91a496c01eff626b3aa3bac07ff7e89	TASK	5132	회사미장	미장공사 > 플라스터 > 회사미장	PARENT	ACTIVE_GPT_REVIEW	513	플라스터	REFERENCE_ONLY:ORIGINAL_REJECT	51	미장공사	1	f8f8f8c0ded720ede952c131be6396329a82ad7f1995efa930cff437b5ed9ffa	미장공사	2	SINGLE_NEAREST_CANDIDATE_ANCESTOR	F-513	f8f8f8c0ded720ede952c131be6396329a82ad7f1995efa930cff437b5ed9ffa	미장공사	SINGLE_ANCESTOR_DERIVED	EMPTY	EMPTY	REVIEW-011 member hierarchy | REVIEW-016 blocker queue	NO	PENDING	EMPTY	EMPTY	NOT_APPROVED
