content_key	mismatch_population	changed_payload_field_count	projection_mismatch_count	projection_mismatch_columns	current_payload_sha256	planned_payload_sha256	planned_content_key_recompute	db_payload_recompute	task_source_key_match	repair_eligible	ineligibility_reason
111910e5fe562998a70764e07828cccdf3451898139c4ff6a1fd07c9dd63e2ce	P2	1	1	construction_control	49cb91e2b0386794d3f0ec8b2c198084e123c0ef0abdb2276409763912777148	d2ee27e336048b4881485edf8c640c6bbfb208198e349b138ac242359fdabe06	MATCH	MISMATCH	YES	YES	
112a9ba4ce211fca02db2b4b11e83d3191fd5718595a8e2e93caf59c05bbcb55	P2	1	1	work_mid	b67c5d1a5e8cdfb6c4a3f9e1a5880736c5cfd569c1479a7111610ca459681224	cd9300aa5ee8a2debd83296f0e26f113837f118aba119e1b6b64fec01c551120	MATCH	MISMATCH	YES	YES	
13da90e5be0563ebd4c2f65e516230dcf926539e26439da63c9cb67d2c68363e	P1	19	19	cause,construction_control,design_control,facility_big,facility_mid,facility_small,hazard_location_big,hazard_location_mid,hazard_location_mid_code,hazard_location_small,hazard_object_big,hazard_object_mid,human_damage,likelihood,property_damage,severity,task,work_big,work_mid	b5a3b1ac1c84458ae04cce302fbe0d4489e02724c04b17504d16d6ec9ed60c2b	4e3da1dc18651a07ad9bca75f8011b2daa03e5446cab271b3fccf6c9074e5ad5	MATCH	MISMATCH	YES	YES	
1d49fc17028c60287a6b2f89723730688a0d741a2c4cb2ecf9747479f499138a	P1	19	19	cause,construction_control,design_control,facility_big,facility_mid,facility_small,hazard_location_big,hazard_location_mid,hazard_location_mid_code,hazard_location_small,hazard_object_big,hazard_object_mid,human_damage,likelihood,property_damage,severity,task,work_big,work_mid	b5a3b1ac1c84458ae04cce302fbe0d4489e02724c04b17504d16d6ec9ed60c2b	1b1879f82daca8f8b83e5b5d2ae50230e80eb26cbe1656a0ebc702c7d6f7d89c	MATCH	MISMATCH	YES	YES	
2eb476cd01ce7a8a3b2a27642513f45dae48576f34ee839e26f2de8e72f645bd	P1	19	19	cause,construction_control,design_control,facility_big,facility_mid,facility_small,hazard_location_big,hazard_location_mid,hazard_location_mid_code,hazard_location_small,hazard_object_big,hazard_object_mid,human_damage,likelihood,property_damage,severity,task,work_big,work_mid	b5a3b1ac1c84458ae04cce302fbe0d4489e02724c04b17504d16d6ec9ed60c2b	d5b26c1685a104e37833e77ec3a73972a358048094eed5114671d7d66fc4f17d	MATCH	MISMATCH	YES	YES	
3fe9af53a27a7028f7de08bb25012472f182564e982955cd577c5109553acae3	P2	1	1	construction_control	77dfbc8910477219ab229ea6f8a35235b563578c84d0a1303cc2f6e52031893a	c79344a1a131a4ad8933162bcb31bbf7dc77435fc8c34e93ef53db21544023ea	MATCH	MISMATCH	YES	YES	
400ee476fb0def536f165c8cf0626c1ba737246f1eeddb11fec5c3ba55aec3f7	P2	1	1	construction_control	d5098e0aea67ccd24c426c31430d30366b18c5c77cc5eb1c9949fd2d6b34e68b	81be8d7794a64fff7be8220f62493322e2e0b9ef9681eaa0626cde18584c3c00	MATCH	MISMATCH	YES	YES	
4a48cec14fd590b29953dca0f2ede57af5e3dd9fbb6341b22e7a22606b1df53f	P2	4	4	cause,design_control,hazard_location_mid,hazard_object_mid	61652eed47b660c839aa3dc5f3a43893fc722e26ab3dc332998a8fb625c0e602	318287535cc1854d0f10677f41459638d15a9ba5796d2a531b13ed8b5efc0b88	MATCH	MISMATCH	YES	YES	
4c9c700284a033d9b3425537308155aa7125910d81ffa6ebf4201d6f2d549116	P2	1	2	design_control,hazard_object_mid	18f5f776397d3a2b426b5606da596c88b8c61c6258e8fbd92c2b4b95387fec5d	ae961987d3089f73e93c48361f2c3a85239c0c30822b2656c07d05a20ef5322d	MATCH	MISMATCH	YES	YES	
8d83168071addb24e97db1488afa362a0b03ced644e5730ba6418a9b383a5eaa	P2	3	3	cause,hazard_location_mid,hazard_object_mid	f688548055495baf4b6d4d131243b55da7d0d4481d2f791680a8f3b2fd691044	b3620610ba03e1a5ada8e4d74236a5ea9c274212eda8bdb64d4f728bd9dbb864	MATCH	MISMATCH	YES	YES	
8ea70d74f0425de0a7a3270ffc9d6dc891506845e603f7fbb48820ce94d8d08d	P2	1	1	design_control	f4299a015b1e1705237fbee7a1be1e618edc6ba21e1d32da679149c809b95421	f94e341385cad776bf07757d368cf1f81207fa4ed77b42a38fc4ed3d20702f8f	MATCH	MISMATCH	YES	YES	
8fc808a52109c2e92260e29fc576f3b2809986e0115792fdfc157a474f421fd9	P2	2	2	hazard_location_mid,hazard_object_mid	27a903264bedf1d9b0a6063ef79178b87ccb678130d7feef054985febe6269e3	9e8febe21a526d83d4b090f0ec37a6b0e35fa41a54fcca25ac7f68aa910d6d5a	MATCH	MISMATCH	YES	YES	
9dab7e97be3c13fc816681f5db02cd82cf26bc76099a2919cd56da43ab296593	P2	3	3	cause,hazard_location_mid,hazard_object_mid	59ff5c0fb430e05ff9dfbda9be76d159a1135b4a4df4809ccb0af66b5d75e230	c1a5d82d943a7a6d95df786aac1138e05f51718ed1aea13d554c54c851f2b456	MATCH	MISMATCH	YES	YES	
a15695eb996d3adba249f17bde1169c69141aff88c95cac5dc94124609d4542e	P2	2	2	facility_big,facility_mid	22e549f348ee78d27f2fa4b9d0dec6b8b6aff734a0a345a0aece917304d0fd33	4fd3305bbbc35ffcfcc8c1cb0b7d031fb3525f88aee621d5a94b60bd546299fd	MATCH	MISMATCH	YES	YES	
a9afec6e7db35dfce94da7f44dbc5ad25b393fcbab1a1fc962650c084da1baca	P1	19	19	cause,construction_control,design_control,facility_big,facility_mid,facility_small,hazard_location_big,hazard_location_mid,hazard_location_mid_code,hazard_location_small,hazard_object_big,hazard_object_mid,human_damage,likelihood,property_damage,severity,task,work_big,work_mid	b5a3b1ac1c84458ae04cce302fbe0d4489e02724c04b17504d16d6ec9ed60c2b	76ae0db92a753aa6c1d49b42d1cf1267dbec486457ed860272f7b16117abfcac	MATCH	MISMATCH	YES	YES	
b0a2698ffdaaed9ac04954038c81a57b0ce3f46464bce1517ee28393f4c447f8	P2	5	5	cause,construction_control,design_control,hazard_location_mid,hazard_object_mid	07744cbeb1e669fdcf339a392c507d69d886377f0f13a183625956978abc9773	11b4db16e9077d43bc140376e22bb6ad9a2a86ff18457df3102bc299e1676efa	MATCH	MISMATCH	YES	YES	
b36560a976eba6d6be663a5c34fe35dbf02742ab2edcddb87df107e68a31ae7e	P2	2	2	hazard_location_mid,hazard_object_mid	53a67eab50fb74dd752d91bcddffa033e7470f9cb851feb446272f72e041f8e6	10039a8acebf3c48d7f1b7caacde64713a25b95ca0115ba063f11993e47eb183	MATCH	MISMATCH	YES	YES	
b87810b6a4fa7a36bdd00240dcbde2f18725c9a59820f55734305158812861c8	P2	4	4	cause,design_control,hazard_location_mid,hazard_object_mid	46b0c5d849e63b3cfcb2695b01377061b8014a0eb5418ac56f17613e9e33c041	aaf1b8bc5f0d293c68103552aa930ac3439b1b6ad125f2818c7c7d90e9e7645b	MATCH	MISMATCH	YES	YES	
bdbb177af96ab997ee3d0f575a5b6deba20501560ed3a488378a2a5552e0777f	P2	2	2	hazard_location_mid,hazard_object_mid	a01789d41631d574212ca8adb450abd4bde695437ee781bf71051aff5f11a3d8	3f6c0b39fbedaaefcb63e157a6da7849ba5de2452e8d7ced72d1550397ff3e6b	MATCH	MISMATCH	YES	YES	
c93770996169f390b9e36c8efd8fbaa553c8578f09d5d7b6ed69584dcbbd684f	P2	1	1	design_control	fc47bc677cd0c6490955073c04e15f0f7d688a75bcee5623415a2070aee1321c	e3931f4e10eb983443b1a4643c6ffe964a1349cb4ced1b09bff31ad7ee7a972e	MATCH	MISMATCH	YES	YES	
cb993f01d24ce6efe9d9e9caeb3fdc719758cb3890cce7052608122935c975e6	P2	1	1	hazard_object_mid	c4291f1e8478708c8735a24bfd7a76b8cd0e894eebac50c5afddc3b84e5015d3	90657b741f978e1ffc09639b116f262c4cdf4b13e233cc07e9487802b0943cd0	MATCH	MISMATCH	YES	YES	
cc7e891433f68f28df8defdab7d348f249df0b7919ca69a39a29a2e9d27686f5	P2	1	1	design_control	c167c45af95e595f8f598a09c75eb0d755f1840a635d92e4add40a44aa817e2b	9f2c93cb990e7433d4843e2b7ef1e5602893278620bebb469ff15c6baeef1ce1	MATCH	MISMATCH	YES	YES	
cc96085dafc8a0dd46a40ebbf7c4a0d7ba741af75f6d78084e143634dc4fd995	P1	19	19	cause,construction_control,design_control,facility_big,facility_mid,facility_small,hazard_location_big,hazard_location_mid,hazard_location_mid_code,hazard_location_small,hazard_object_big,hazard_object_mid,human_damage,likelihood,property_damage,severity,task,work_big,work_mid	b5a3b1ac1c84458ae04cce302fbe0d4489e02724c04b17504d16d6ec9ed60c2b	31e5d02b5d3850635d0c601dd17aca48b4fdea0fb16cdbbdc829f91f2d3c6fdf	MATCH	MISMATCH	YES	YES	
ce337468ebeaea87946415a5bb97f4d647d70db7b26fe5ea10a72e29e3ca821c	P1	19	19	cause,construction_control,design_control,facility_big,facility_mid,facility_small,hazard_location_big,hazard_location_mid,hazard_location_mid_code,hazard_location_small,hazard_object_big,hazard_object_mid,human_damage,likelihood,property_damage,severity,task,work_big,work_mid	b5a3b1ac1c84458ae04cce302fbe0d4489e02724c04b17504d16d6ec9ed60c2b	954f6f836353141558d433e51d754e31669069131327c2141d0099d9e83cf3c1	MATCH	MISMATCH	YES	YES	
e0e743ff1568d3055872ad96a578b532b3f4a0e2e235363eecb964a8dccd0fd0	P1	19	19	cause,construction_control,design_control,facility_big,facility_mid,facility_small,hazard_location_big,hazard_location_mid,hazard_location_mid_code,hazard_location_small,hazard_object_big,hazard_object_mid,human_damage,likelihood,property_damage,severity,task,work_big,work_mid	b5a3b1ac1c84458ae04cce302fbe0d4489e02724c04b17504d16d6ec9ed60c2b	2a4e5274cdc0296b2be8ac243185bed85e521119f27025e8bb83955cc63a4b05	MATCH	MISMATCH	YES	YES	
e47923ec3287ab35e0a0fd9b150156da6f82405b736cefc6df15906d092375ec	P2	1	1	design_control	aaa015dc52f86bff9370214360c031e245b17be387675fbca638340519a68021	52447058c10799cda56bdf9cc3b1bb2a2328f7e4e40908b3b1c90738165f8289	MATCH	MISMATCH	YES	YES	
ecc8684a9cee672f33add415ec6a895caa13253c74652d410965ccca1b76f459	P1	19	19	cause,construction_control,design_control,facility_big,facility_mid,facility_small,hazard_location_big,hazard_location_mid,hazard_location_mid_code,hazard_location_small,hazard_object_big,hazard_object_mid,human_damage,likelihood,property_damage,severity,task,work_big,work_mid	b5a3b1ac1c84458ae04cce302fbe0d4489e02724c04b17504d16d6ec9ed60c2b	103d52611d562a4e2811cab47a1a4c0376267ce3061ac2ba3e3283dbf99f14db	MATCH	MISMATCH	YES	YES	
edea7d0900d8bf433dc9f7749ec403de786660aac934533cfcdb8cfee4f04e3f	P2	3	3	cause,hazard_location_mid,hazard_object_mid	606d56d11ef3cc4b2aafbd23f53abab5c246f440bc32bfa7b79e583fb2074fd0	906a0098df5ad4a57e9d633bc913fabb42b57963ca0032c65a1d7dc3d07ca628	MATCH	MISMATCH	YES	YES	
ee34454c3b564f81e1ec680e3e61903d97501b6d6928ddd511c5c7b930032bb5	P2	5	5	cause,construction_control,design_control,hazard_location_mid,hazard_object_mid	829c14d74294c6491bee888771ff06a4fe8a1e7efd83035ac61bcc695b3b934c	5f0e2188cb78b57149ef69ab5a5bc8af1036504b1e3c5b49e2ed469f19754092	MATCH	MISMATCH	YES	YES	
ff493cc6848fc140424e74539536159406176078fc268c6478595d02fc958604	P1	19	19	cause,construction_control,design_control,facility_big,facility_mid,facility_small,hazard_location_big,hazard_location_mid,hazard_location_mid_code,hazard_location_small,hazard_object_big,hazard_object_mid,human_damage,likelihood,property_damage,severity,task,work_big,work_mid	b5a3b1ac1c84458ae04cce302fbe0d4489e02724c04b17504d16d6ec9ed60c2b	87a2e9df4984857fc6f957ce18e121e4b5c087511b0dc5db417fee562dbd6d8a	MATCH	MISMATCH	YES	YES	
