source_key	seed_proposal_key	name	hierarchy_level	source_path	effective_semantic_kind	exclusion_lane	exclusion_basis	owner_approval_state
01	365f2d2491bee062fd5fe945d8c72e15b0fa189edc2975b3349c5120a4c597f9	공사일반사항및공사비	W_ROOT	공사일반사항및공사비	CLASSIFICATION	REFERENCE_ONLY	ORIGINAL_REJECT	NOT_APPROVED
011	a5e3f1e50bae0dc0e1cd29c2867e144008fb8b6834eaac72a92488d157ed2ad7	공사일반사항	W_MID	공사일반사항및공사비 > 공사일반사항	CLASSIFICATION	REFERENCE_ONLY	ORIGINAL_REJECT	NOT_APPROVED
0111	174c276ed31db80d4f28170b1e2013696e40def172315f9fd9670135c88d1bdc	공사개요	W_LEAF	공사일반사항및공사비 > 공사일반사항 > 공사개요	CLASSIFICATION	REFERENCE_ONLY	ORIGINAL_REJECT	NOT_APPROVED
015	48e315bc2c984bab456a7510e9e8f8eceef30cd2b82bddbb885355875edb214a	공사비	W_MID	공사일반사항및공사비 > 공사비	CLASSIFICATION	REFERENCE_ONLY	ORIGINAL_REJECT	NOT_APPROVED
0151	d830409679b1f0da0d1aacab97ad529038af6a163a9bb972777601e78947fd7c	직접공사비	W_LEAF	공사일반사항및공사비 > 공사비 > 직접공사비	CLASSIFICATION	REFERENCE_ONLY	ORIGINAL_REJECT	NOT_APPROVED
0152	1c5f282c7e89359015a87f8d5b875160ee20c042c9090ef81634746e63da22a9	공통공사비	W_LEAF	공사일반사항및공사비 > 공사비 > 공통공사비	CLASSIFICATION	REFERENCE_ONLY	ORIGINAL_REJECT	NOT_APPROVED
0153	240d54c6a7d0aa88f3942dd578b3a253d2a73b69e489b49d25447213e6b6e27a	간접인건비	W_LEAF	공사일반사항및공사비 > 공사비 > 간접인건비	CLASSIFICATION	REFERENCE_ONLY	ORIGINAL_REJECT	NOT_APPROVED
0154	c715959ca99a68ae560fff2e2535cbc850ff215ebd2862cab482cb1907bc2db4	경비	W_LEAF	공사일반사항및공사비 > 공사비 > 경비	CLASSIFICATION	REFERENCE_ONLY	ORIGINAL_REJECT	NOT_APPROVED
0155	5459ac9907be88969f0bbbd518e20f2351a6a20ec58ba43880bb559a46c65a70	일반관리비	W_LEAF	공사일반사항및공사비 > 공사비 > 일반관리비	CLASSIFICATION	REFERENCE_ONLY	ORIGINAL_REJECT	NOT_APPROVED
0156	505acf6ef125b9f80a5b9d75da43d66e15fa8cee050243c69309724ee4215cab	이윤	W_LEAF	공사일반사항및공사비 > 공사비 > 이윤	CLASSIFICATION	REFERENCE_ONLY	ORIGINAL_REJECT	NOT_APPROVED
0157	95cb4a6b35486a7ac03622b12ac39cc19c67fe53a57b8710a29a3ad8044c41cb	공사손해보험료	W_LEAF	공사일반사항및공사비 > 공사비 > 공사손해보험료	CLASSIFICATION	REFERENCE_ONLY	ORIGINAL_REJECT	NOT_APPROVED
0158	6050c5432c965cb4ad9feaa516df77abf6a6d0d5f28f212e4a75fa873a9355d4	부가가치세	W_LEAF	공사일반사항및공사비 > 공사비 > 부가가치세	CLASSIFICATION	REFERENCE_ONLY	ORIGINAL_REJECT	NOT_APPROVED
0159	563707d5297511b8e497f05510b56014794280eb65c4190a84ec3dcdf4f5c7f8	공사금액총계	W_LEAF	공사일반사항및공사비 > 공사비 > 공사금액총계	CLASSIFICATION	REFERENCE_ONLY	ORIGINAL_REJECT	NOT_APPROVED
02	732cfa4d6f20934e81e9510019b77e25fc7335b83723c682750ef7f11bbf64d7	가설건물 시설물(간접가설공사)	W_ROOT	가설건물 시설물(간접가설공사)	CLASSIFICATION	REFERENCE_ONLY	ORIGINAL_REJECT	NOT_APPROVED
021	56c9b1d2639a8d42a943515b10f2f0b623498a479dee255b9768e58949e8a2a5	가설부지	W_MID	가설건물 시설물(간접가설공사) > 가설부지	CLASSIFICATION	REFERENCE_ONLY	ORIGINAL_REJECT	NOT_APPROVED
0211	026fa6840667bb0e6b479362f324aabe5ac2c2737e5a28c6e4de0ecf44915e9c	발주자가설건물부지	W_LEAF	가설건물 시설물(간접가설공사) > 가설부지 > 발주자가설건물부지	CLASSIFICATION	REFERENCE_ONLY	ORIGINAL_REJECT	NOT_APPROVED
0212	6f25acd8597af9bd073c258655ab9d4e98c357847285326c39313e5ce06485fd	도급자가설건물부지	W_LEAF	가설건물 시설물(간접가설공사) > 가설부지 > 도급자가설건물부지	FACILITY_EQUIPMENT	REFERENCE_ONLY	ORIGINAL_REJECT	NOT_APPROVED
0213	527a25e1d84f293780e8abe49b94320ae2a6ae4a9357256f8793ef75868c04fb	가설공사용부지	W_LEAF	가설건물 시설물(간접가설공사) > 가설부지 > 가설공사용부지	FACILITY_EQUIPMENT	REFERENCE_ONLY	ORIGINAL_REJECT	NOT_APPROVED
0214	546ec432f0f4f846e4958f3c8cfacd1bd0a65e66a4f936d684e95f8ce71fb86b	토사 자재야적장	W_LEAF	가설건물 시설물(간접가설공사) > 가설부지 > 토사 자재야적장	FACILITY_EQUIPMENT	REFERENCE_ONLY	ORIGINAL_REJECT	NOT_APPROVED
0215	bc2eeea88c9b085ce99079b71cf6381a8f79befad79e3b36d764a7fcf156b1d6	토사 자재폐기장	W_LEAF	가설건물 시설물(간접가설공사) > 가설부지 > 토사 자재폐기장	FACILITY_EQUIPMENT	REFERENCE_ONLY	ORIGINAL_REJECT	NOT_APPROVED
0216	10caefc9fc4f06ca7b78f3d2da24ea65f4910cc108b85297372f1b6c6fbf4ac0	가설도로및주차장부지	W_LEAF	가설건물 시설물(간접가설공사) > 가설부지 > 가설도로및주차장부지	FACILITY_EQUIPMENT	REFERENCE_ONLY	ORIGINAL_REJECT	NOT_APPROVED
022	9665c36c4a72ef05ab8e8e0f0a76f3c7f6c7a785a663d508aefbc307b59a16a6	발주자용가설건물 시설	W_MID	가설건물 시설물(간접가설공사) > 발주자용가설건물 시설	FACILITY_EQUIPMENT	REFERENCE_ONLY	ORIGINAL_REJECT	NOT_APPROVED
0221	c616a6403c85eb8e02a71d90ab47cd11d3f306765be2d4200e6ac8c9926bda2a	발주자가설현장사무실	W_LEAF	가설건물 시설물(간접가설공사) > 발주자용가설건물 시설 > 발주자가설현장사무실	FACILITY_EQUIPMENT	REFERENCE_ONLY	ORIGINAL_REJECT	NOT_APPROVED
0222	05a49c7c8d7773d335911075582f49187791a758658d0268e593f24e1d7bac87	발주자가설창고	W_LEAF	가설건물 시설물(간접가설공사) > 발주자용가설건물 시설 > 발주자가설창고	FACILITY_EQUIPMENT	REFERENCE_ONLY	ORIGINAL_REJECT	NOT_APPROVED
0223	2e278970f327edf1be1371ba961264cebd526ad30e7d94486729cbc996740ac1	발주자가설작업실	W_LEAF	가설건물 시설물(간접가설공사) > 발주자용가설건물 시설 > 발주자가설작업실	FACILITY_EQUIPMENT	REFERENCE_ONLY	ORIGINAL_REJECT	NOT_APPROVED
0224	1aa514aa3edac579b3c84c994015126033ad9c0180a42d4c5f1fd8526f82fac7	발주자가설실험실	W_LEAF	가설건물 시설물(간접가설공사) > 발주자용가설건물 시설 > 발주자가설실험실	FACILITY_EQUIPMENT	REFERENCE_ONLY	ORIGINAL_REJECT	NOT_APPROVED
0225	83bdb23f2f80388d615405dac33ccdc990c9ffc287653eb57a13c73d9e56d91a	발주자가설화약고	W_LEAF	가설건물 시설물(간접가설공사) > 발주자용가설건물 시설 > 발주자가설화약고	FACILITY_EQUIPMENT	REFERENCE_ONLY	ORIGINAL_REJECT	NOT_APPROVED
0226	96510c4a4a37726463f7f6b1de94e6207c2d5b3f91d42cfd91784579c00eab39	발주자가설숙소	W_LEAF	가설건물 시설물(간접가설공사) > 발주자용가설건물 시설 > 발주자가설숙소	FACILITY_EQUIPMENT	REFERENCE_ONLY	ORIGINAL_REJECT	NOT_APPROVED
0227	f51bcf740992f79636487cede92677f29e92cc1ac3217e37a2f3fc040ca849f3	발주자가설화장실 샤워실	W_LEAF	가설건물 시설물(간접가설공사) > 발주자용가설건물 시설 > 발주자가설화장실 샤워실	FACILITY_EQUIPMENT	REFERENCE_ONLY	ORIGINAL_REJECT	NOT_APPROVED
0228	657a3afae4fa7306f03b71c519f9b0849c2c7cba76844d83d151d4da6be24a7d	발주자가설식당	W_LEAF	가설건물 시설물(간접가설공사) > 발주자용가설건물 시설 > 발주자가설식당	FACILITY_EQUIPMENT	REFERENCE_ONLY	ORIGINAL_REJECT	NOT_APPROVED
0229	c3fee4bc32240a3aa029929316ea3f20c759ab2a583488d2d903e393ccb416d2	기타발주자용가설건물 시설	W_LEAF	가설건물 시설물(간접가설공사) > 발주자용가설건물 시설 > 기타발주자용가설건물 시설	FACILITY_EQUIPMENT	REFERENCE_ONLY	ORIGINAL_REJECT	NOT_APPROVED
023	babfac9ce8f9462c59e0fbdca711525e5a5ce6779eab1511d2d80da2c12ae4b1	도급자용가설건물	W_MID	가설건물 시설물(간접가설공사) > 도급자용가설건물	FACILITY_EQUIPMENT	REFERENCE_ONLY	ORIGINAL_REJECT	NOT_APPROVED
0231	88012247a102ae3569951ef790aae77ce0361b9d36d5181177718a02d6846c81	도급자가설현장사무실	W_LEAF	가설건물 시설물(간접가설공사) > 도급자용가설건물 > 도급자가설현장사무실	FACILITY_EQUIPMENT	REFERENCE_ONLY	ORIGINAL_REJECT	NOT_APPROVED
0232	d76ed34e9f4cd354fb978c6635797f8360f849771e191ff66f590d5c67a7fd31	도급자가설창고	W_LEAF	가설건물 시설물(간접가설공사) > 도급자용가설건물 > 도급자가설창고	FACILITY_EQUIPMENT	REFERENCE_ONLY	ORIGINAL_REJECT	NOT_APPROVED
0233	554e91fff36bd6736acc8278114bfdea362b1eaeaceda4a9ff9740c59f8cfcd8	도급자가설작업실	W_LEAF	가설건물 시설물(간접가설공사) > 도급자용가설건물 > 도급자가설작업실	FACILITY_EQUIPMENT	REFERENCE_ONLY	ORIGINAL_REJECT	NOT_APPROVED
0234	031cede6caba1285177e6c00ff2c39da7bf3442426cacc8c4bf3dd31c39143e1	도급자가설실험실	W_LEAF	가설건물 시설물(간접가설공사) > 도급자용가설건물 > 도급자가설실험실	FACILITY_EQUIPMENT	REFERENCE_ONLY	ORIGINAL_REJECT	NOT_APPROVED
0235	cd3e77809d3bec6c85628b07929338508506853ea158ee27d5dc1be34ecc08a7	도급자가설화약고	W_LEAF	가설건물 시설물(간접가설공사) > 도급자용가설건물 > 도급자가설화약고	FACILITY_EQUIPMENT	REFERENCE_ONLY	ORIGINAL_REJECT	NOT_APPROVED
0236	ade35f684e6c90617b5e155cdc345377039e430794ff2a4750ad5b02125b43db	도급자가설숙소	W_LEAF	가설건물 시설물(간접가설공사) > 도급자용가설건물 > 도급자가설숙소	FACILITY_EQUIPMENT	REFERENCE_ONLY	ORIGINAL_REJECT	NOT_APPROVED
0237	87468cd88648c9bc0b9155f3e1e42db505ac0fbb91d00c45f6413cae547cd528	도급자가설화장실 샤워실	W_LEAF	가설건물 시설물(간접가설공사) > 도급자용가설건물 > 도급자가설화장실 샤워실	FACILITY_EQUIPMENT	REFERENCE_ONLY	ORIGINAL_REJECT	NOT_APPROVED
024	ff9824b6e41b26da11b586144b505613ffca8363bc0755d44a2968b9828f214d	가설편의시설및부대시설	W_MID	가설건물 시설물(간접가설공사) > 가설편의시설및부대시설	FACILITY_EQUIPMENT	REFERENCE_ONLY	ORIGINAL_REJECT	NOT_APPROVED
0241	204556767072f699aaf5f0b548f265d11a6ece7b01d910fe0ffde265243360f1	가설식당	W_LEAF	가설건물 시설물(간접가설공사) > 가설편의시설및부대시설 > 가설식당	FACILITY_EQUIPMENT	REFERENCE_ONLY	ORIGINAL_REJECT	NOT_APPROVED
0242	c40221d1864443e85c8ce3b273fc2a6c7a8c5bab614863c24d55be15cc7d4978	가설복지시설	W_LEAF	가설건물 시설물(간접가설공사) > 가설편의시설및부대시설 > 가설복지시설	FACILITY_EQUIPMENT	REFERENCE_ONLY	ORIGINAL_REJECT	NOT_APPROVED
0243	239206c90cc31450d3e6656da49b209c9f688810e7bcc50b943ac3e63bb53b40	가설주차장시설	W_LEAF	가설건물 시설물(간접가설공사) > 가설편의시설및부대시설 > 가설주차장시설	FACILITY_EQUIPMENT	REFERENCE_ONLY	ORIGINAL_REJECT	NOT_APPROVED
0244	6c99b0f9b0250e681fbd0f7228cbe2bbde4843d5e240523cf142e8bac1c892d7	가설경비실	W_LEAF	가설건물 시설물(간접가설공사) > 가설편의시설및부대시설 > 가설경비실	FACILITY_EQUIPMENT	REFERENCE_ONLY	ORIGINAL_REJECT	NOT_APPROVED
025	1c3bb307cae93cbf15913ad1de463ba738c3a0e626efcf33ac51738f79dba326	업무용운송시설	W_MID	가설건물 시설물(간접가설공사) > 업무용운송시설	FACILITY_EQUIPMENT	REFERENCE_ONLY	ORIGINAL_REJECT	NOT_APPROVED
0251	4091330f1f7a7e13cb4ebaf3dba6da454bafb4920479584fe5dffd434b7aefca	발주자업무용선박	W_LEAF	가설건물 시설물(간접가설공사) > 업무용운송시설 > 발주자업무용선박	FACILITY_EQUIPMENT	REFERENCE_ONLY	ORIGINAL_REJECT	NOT_APPROVED
0252	ea331a5464077ad2abfe50f30c0f48831f29ff57f4149e5a9d2ae3f3cf9294a9	발주자업무용차량	W_LEAF	가설건물 시설물(간접가설공사) > 업무용운송시설 > 발주자업무용차량	FACILITY_EQUIPMENT	REFERENCE_ONLY	ORIGINAL_REJECT	NOT_APPROVED
0253	215bf630840a8d9dffa02b9be3752e8c5bc6bb9b494e00da1d12b2bf051b1904	도급자업무용선박	W_LEAF	가설건물 시설물(간접가설공사) > 업무용운송시설 > 도급자업무용선박	FACILITY_EQUIPMENT	REFERENCE_ONLY	ORIGINAL_REJECT	NOT_APPROVED
0254	85731f2223b7b472795b20805976bd817f0eb5ffd755183f338a342eca101637	도급자업무용차량	W_LEAF	가설건물 시설물(간접가설공사) > 업무용운송시설 > 도급자업무용차량	FACILITY_EQUIPMENT	REFERENCE_ONLY	ORIGINAL_REJECT	NOT_APPROVED
026	f3c15349fcae137915dd0a4ef583c8820c07c05a831b78176030fbd6f05c0561	가설울타리및현장출입문	W_MID	가설건물 시설물(간접가설공사) > 가설울타리및현장출입문	FACILITY_EQUIPMENT	REFERENCE_ONLY	ORIGINAL_REJECT	NOT_APPROVED
0261	01777091bc5346a91ccd9793bc570aa965c17411325b9c44b7b400887a444492	목재울타리	W_LEAF	가설건물 시설물(간접가설공사) > 가설울타리및현장출입문 > 목재울타리	FACILITY_EQUIPMENT	REFERENCE_ONLY	ORIGINAL_REJECT	NOT_APPROVED
0262	2b85b65448626324a62989d679891ae29cede1ca6a38583eb4dcf710ecd81f74	철재울타리	W_LEAF	가설건물 시설물(간접가설공사) > 가설울타리및현장출입문 > 철재울타리	FACILITY_EQUIPMENT	REFERENCE_ONLY	ORIGINAL_REJECT	NOT_APPROVED
0263	111da1268b1c4ceb8b3973b15f219b3fe13b9cb008d99a89083517e1255de9e6	철망울타리	W_LEAF	가설건물 시설물(간접가설공사) > 가설울타리및현장출입문 > 철망울타리	FACILITY_EQUIPMENT	REFERENCE_ONLY	ORIGINAL_REJECT	NOT_APPROVED
0264	363a03589a39cff8d53eec2bf46ab2d4d368f8fd3299a6018e2ceaee021467e7	조립식울타리	W_LEAF	가설건물 시설물(간접가설공사) > 가설울타리및현장출입문 > 조립식울타리	FACILITY_EQUIPMENT	REFERENCE_ONLY	ORIGINAL_REJECT	NOT_APPROVED
0265	ed8e2f56ba6db73d22ee10d8277b7191bc5030fda766a5b115d1759043f20393	현장출입문	W_LEAF	가설건물 시설물(간접가설공사) > 가설울타리및현장출입문 > 현장출입문	FACILITY_EQUIPMENT	REFERENCE_ONLY	ORIGINAL_REJECT	NOT_APPROVED
027	a815bdf41ff28fe4298cc171cad5854027bebd49424dd8696ce9c26a973664b0	가설안내시설및표지판	W_MID	가설건물 시설물(간접가설공사) > 가설안내시설및표지판	FACILITY_EQUIPMENT	REFERENCE_ONLY	ORIGINAL_REJECT	NOT_APPROVED
0271	efb5b3c0a057bc60d92e7ba6ccf2c0681b3dc0dbe1dbfdbd4e1f503a03482249	가설안내판 현황판	W_LEAF	가설건물 시설물(간접가설공사) > 가설안내시설및표지판 > 가설안내판 현황판	FACILITY_EQUIPMENT	REFERENCE_ONLY	ORIGINAL_REJECT	NOT_APPROVED
0272	10aae86fff2c3032d6a2ab191bcda8c34735a73178731f19fbd07b0cc266fe5a	프로젝트조감도 모형	W_LEAF	가설건물 시설물(간접가설공사) > 가설안내시설및표지판 > 프로젝트조감도 모형	FACILITY_EQUIPMENT	REFERENCE_ONLY	ORIGINAL_REJECT	NOT_APPROVED
028	0055415d603e0778429b0b22a25f399ce12ddd8833c8dea4eaab6c5435c49af6	가설설비	W_MID	가설건물 시설물(간접가설공사) > 가설설비	FACILITY_EQUIPMENT	REFERENCE_ONLY	ORIGINAL_REJECT	NOT_APPROVED
0281	5410232c133d8124aece671eeba0398ec4acfd575091ec341275d62ae198ad88	가설전기 조명설비	W_LEAF	가설건물 시설물(간접가설공사) > 가설설비 > 가설전기 조명설비	FACILITY_EQUIPMENT	REFERENCE_ONLY	ORIGINAL_REJECT	NOT_APPROVED
0282	711b6d331bcb2d9830a2fcc41997c4228e1efb57533965b0567be803df673634	가설냉 난방설비	W_LEAF	가설건물 시설물(간접가설공사) > 가설설비 > 가설냉 난방설비	FACILITY_EQUIPMENT	REFERENCE_ONLY	ORIGINAL_REJECT	NOT_APPROVED
0283	54fbeb1ce186c079f16cee0f7ea4ec027a29144bf06391058e55f85f685328db	가설소방설비	W_LEAF	가설건물 시설물(간접가설공사) > 가설설비 > 가설소방설비	FACILITY_EQUIPMENT	REFERENCE_ONLY	ORIGINAL_REJECT	NOT_APPROVED
0284	35ea3d9cf3f1f77299e3b31984c0130574174f16f501d50f1303c4b9c7b8cc97	가설통신설비	W_LEAF	가설건물 시설물(간접가설공사) > 가설설비 > 가설통신설비	FACILITY_EQUIPMENT	REFERENCE_ONLY	ORIGINAL_REJECT	NOT_APPROVED
0285	d11f59773fc2c26a901e0658f06d2fccb6c79c96c7576e20fb4aa0c2adf6bf86	가설급수설비	W_LEAF	가설건물 시설물(간접가설공사) > 가설설비 > 가설급수설비	FACILITY_EQUIPMENT	REFERENCE_ONLY	ORIGINAL_REJECT	NOT_APPROVED
0286	0af3626a5f28d3d8801af3b1279663e47f03c597b4bdec893f2159279ee025d9	가설배수설비	W_LEAF	가설건물 시설물(간접가설공사) > 가설설비 > 가설배수설비	FACILITY_EQUIPMENT	REFERENCE_ONLY	ORIGINAL_REJECT	NOT_APPROVED
0287	378635566d60218105c9b3a5bb8253baed90c31c9564c958f6128aeacdfc7a3b	가설환기설비	W_LEAF	가설건물 시설물(간접가설공사) > 가설설비 > 가설환기설비	FACILITY_EQUIPMENT	REFERENCE_ONLY	ORIGINAL_REJECT	NOT_APPROVED
0288	8d240092d0c6880b202190bf9961c644e3727200728f2a7b5c1d40d02eb555a4	가설구급설비	W_LEAF	가설건물 시설물(간접가설공사) > 가설설비 > 가설구급설비	FACILITY_EQUIPMENT	REFERENCE_ONLY	ORIGINAL_REJECT	NOT_APPROVED
031	2e0082852a2db8ea53408291290ddf422f15c6c34de356aa84e71a469fdad94e	공사용가설도로	W_MID	본공사성가설공사 > 공사용가설도로	FACILITY_EQUIPMENT	REFERENCE_ONLY	ORIGINAL_REJECT	NOT_APPROVED
0311	a2c33427ad8a4f0e9c52fdbce0e583777b3ca9903fa497d4e523340235caebed	공사용가설도로	W_LEAF	본공사성가설공사 > 공사용가설도로 > 공사용가설도로	FACILITY_EQUIPMENT	REFERENCE_ONLY	ORIGINAL_REJECT	NOT_APPROVED
0312	e69ff31cbbde7fe147385d0d8c53d768c9434db62ae65aeeb2a93ec06e111a74	가설주차장	W_LEAF	본공사성가설공사 > 공사용가설도로 > 가설주차장	FACILITY_EQUIPMENT	REFERENCE_ONLY	ORIGINAL_REJECT	NOT_APPROVED
032	ee76e4a5630da67880b1627a5560ceec76156d6c14926c8f9aa2b6055eeae525	가설작업보조시설	W_MID	본공사성가설공사 > 가설작업보조시설	FACILITY_EQUIPMENT	REFERENCE_ONLY	ORIGINAL_REJECT	NOT_APPROVED
0321	64b26b4e0469c9ca7b92f8a6a2e1416bb3c033fb16f1310b0363350e5c0aa110	가설비계	W_LEAF	본공사성가설공사 > 가설작업보조시설 > 가설비계	FACILITY_EQUIPMENT	REFERENCE_ONLY	ORIGINAL_REJECT	NOT_APPROVED
0322	3d92f46a884195e0a9b53fde98ec1555ee092af26661f65234388cf96aa985b7	동바리	W_LEAF	본공사성가설공사 > 가설작업보조시설 > 동바리	FACILITY_EQUIPMENT	REFERENCE_ONLY	ORIGINAL_REJECT	NOT_APPROVED
0323	f1599521b748893550249a1ec78bda72322081f5f48aa9d2030b0604b87c4a55	작업안전및가설방호시설	W_LEAF	본공사성가설공사 > 가설작업보조시설 > 작업안전및가설방호시설	FACILITY_EQUIPMENT	REFERENCE_ONLY	ORIGINAL_REJECT	NOT_APPROVED
0324	7d91078d7a8734815b6c2b0c223bd5c168e6c58cd216b92b25b027b96f34d01e	공사중공공이용시설	W_LEAF	본공사성가설공사 > 가설작업보조시설 > 공사중공공이용시설	FACILITY_EQUIPMENT	REFERENCE_ONLY	ORIGINAL_REJECT	NOT_APPROVED
0325	7954786fee05a0020a1b9e8c4739c4e1553dd45fb4cf586b2dc23f375154890e	공사용가설설비	W_LEAF	본공사성가설공사 > 가설작업보조시설 > 공사용가설설비	FACILITY_EQUIPMENT	REFERENCE_ONLY	ORIGINAL_REJECT	NOT_APPROVED
0326	6fea2e81b61dced1dac8296859e2cb231b195cf2e141df7b83a98bffd8e46233	가설보호막	W_LEAF	본공사성가설공사 > 가설작업보조시설 > 가설보호막	FACILITY_EQUIPMENT	REFERENCE_ONLY	ORIGINAL_REJECT	NOT_APPROVED
0341	f475fabb958c475378e56e1aa80233cfdccdcbb6eba200eda235a7194f150f37	작업대차및비계	W_LEAF	본공사성가설공사 > 터널가설 > 작업대차및비계	FACILITY_EQUIPMENT	REFERENCE_ONLY	ORIGINAL_REJECT	NOT_APPROVED
0342	4ec6a9bf3acb11294918bd83f3275789cbbd43864a79a4860abd29dc19a38d2f	작업레일	W_LEAF	본공사성가설공사 > 터널가설 > 작업레일	FACILITY_EQUIPMENT	REFERENCE_ONLY	ORIGINAL_REJECT	NOT_APPROVED
0587	18184b759a171d0066238e9366aac343d9fa1f4d74c4b58590d60cd50d490266	준공관련시설물	W_LEAF	현장유지관리 > 준공및현장정리 > 준공관련시설물	FACILITY_EQUIPMENT	REFERENCE_ONLY	ORIGINAL_REJECT	NOT_APPROVED
06	e8a9bd2b553cfbd43996e2bb74b28e0618924c6a1bfe3364c35bad5f5c706530	공통장비	W_ROOT	공통장비	FACILITY_EQUIPMENT	REFERENCE_ONLY	ORIGINAL_REJECT	NOT_APPROVED
0611	102ea41c705bdf22ae91e6fd40c4d87a37388435fa1e7138a94e9636f5c0eba4	수송비	W_LEAF	공통장비 > 장비운반 > 수송비	CLASSIFICATION	REFERENCE_ONLY	ORIGINAL_REJECT	NOT_APPROVED
0612	441979902b2202720ad7a0ea87f9f5eda005bc049f51379efbf26939ba8099e8	회항비	W_LEAF	공통장비 > 장비운반 > 회항비	CLASSIFICATION	REFERENCE_ONLY	ORIGINAL_REJECT	NOT_APPROVED
0613	aa66500831fc6b4a8a836983bf39edb7af44b7958f3e5220c809d812eb7bc8ed	대피비	W_LEAF	공통장비 > 장비운반 > 대피비	CLASSIFICATION	REFERENCE_ONLY	ORIGINAL_REJECT	NOT_APPROVED
062	7963b7563731a32fb8bab2a82865269d01f8570d70605bc43a54ed1d8d139cc4	인양장비	W_MID	공통장비 > 인양장비	FACILITY_EQUIPMENT	REFERENCE_ONLY	ORIGINAL_REJECT	NOT_APPROVED
0621	a1e37d5f8284de1008d1d319ce923ec28f2663b174cc45fc79a2881218615b81	타워크레인	W_LEAF	공통장비 > 인양장비 > 타워크레인	FACILITY_EQUIPMENT	REFERENCE_ONLY	ORIGINAL_REJECT	NOT_APPROVED
0622	17cb50f5a89c5008a6460c28ab52bc25f00cabfb68e385568b19ec85b0518173	크레인	W_LEAF	공통장비 > 인양장비 > 크레인	FACILITY_EQUIPMENT	REFERENCE_ONLY	ORIGINAL_REJECT	NOT_APPROVED
0623	a556cb730bbf7f17ea0756044b1fcc424e5a5d97a1467aabb05adf1776e9546e	리프트	W_LEAF	공통장비 > 인양장비 > 리프트	FACILITY_EQUIPMENT	REFERENCE_ONLY	ORIGINAL_REJECT	NOT_APPROVED
0624	682f6620e926491ab9cd5d739b63a9baea6ef0ce5882a8f75a0b1e825373ab40	윈치	W_LEAF	공통장비 > 인양장비 > 윈치	FACILITY_EQUIPMENT	REFERENCE_ONLY	ORIGINAL_REJECT	NOT_APPROVED
063	dd2d2630af20a9752b6dea540f275cf0669f16129c1a4ce37f34273b65c5d42e	운반장비	W_MID	공통장비 > 운반장비	FACILITY_EQUIPMENT	REFERENCE_ONLY	ORIGINAL_REJECT	NOT_APPROVED
0631	895eeb81212549c6dc8a4390314547fad775ea57b32d38face26b74183830c01	콘크리트운반장비	W_LEAF	공통장비 > 운반장비 > 콘크리트운반장비	FACILITY_EQUIPMENT	REFERENCE_ONLY	ORIGINAL_REJECT	NOT_APPROVED
0632	d0c69ffb8690c7e38a2242a857eb6944223fca2af0a1cffda9ce0d2b85c2faf8	콘크리트믹서트럭	W_LEAF	공통장비 > 운반장비 > 콘크리트믹서트럭	FACILITY_EQUIPMENT	REFERENCE_ONLY	ORIGINAL_REJECT	NOT_APPROVED
0633	da564d63315c2bf0b0cd852cf3496eb53ccff8897f55d84bc9423a74b1586271	덤프트럭	W_LEAF	공통장비 > 운반장비 > 덤프트럭	FACILITY_EQUIPMENT	REFERENCE_ONLY	ORIGINAL_REJECT	NOT_APPROVED
0634	91a305afe75944682e576e3b2c389ebb1689e52b9e9738427c243078b0761cb1	콘크리트타워	W_LEAF	공통장비 > 운반장비 > 콘크리트타워	FACILITY_EQUIPMENT	REFERENCE_ONLY	ORIGINAL_REJECT	NOT_APPROVED
0635	15e9f9088b22a7590988ec33f1ef01ad96ca3dd36e842f2ebd509d79e442433f	벨트컨베이어	W_LEAF	공통장비 > 운반장비 > 벨트컨베이어	FACILITY_EQUIPMENT	REFERENCE_ONLY	ORIGINAL_REJECT	NOT_APPROVED
064	6ce4694eec354ac6b29fea9739ac7e4e6974fc89616a2782a6cdb224e48ec1f0	토공장비	W_MID	공통장비 > 토공장비	FACILITY_EQUIPMENT	REFERENCE_ONLY	ORIGINAL_REJECT	NOT_APPROVED
065	1cd690bfb8905d0e78ba92df29d163d7829be32a0b51c81c9829e1d81f85badb	다짐장비	W_MID	공통장비 > 다짐장비	FACILITY_EQUIPMENT	REFERENCE_ONLY	ORIGINAL_REJECT	NOT_APPROVED
066	10c3bbe0e3db5bdb6a185ea757c245c61be2cbd749355bc6a4a5c906eb7393c1	가설플랜트	W_MID	공통장비 > 가설플랜트	FACILITY_EQUIPMENT	REFERENCE_ONLY	ORIGINAL_REJECT	NOT_APPROVED
0711	58a62e550227664802cb2c833d4d675fed3768f2a3b34d929c070a154184d439	토공사및지반개량	W_LEAF	품질시험 > 공통품질시험 > 토공사및지반개량	CLASSIFICATION	REFERENCE_ONLY	ORIGINAL_REJECT	NOT_APPROVED
0712	7c578b32bf104a5808e691677e6f8acf66913308c047d4616a63bcf844c96993	기초공사	W_LEAF	품질시험 > 공통품질시험 > 기초공사	CLASSIFICATION	REFERENCE_ONLY	ORIGINAL_REJECT	NOT_APPROVED
0713	137134e5cc054298d3ca056c353a5cd60ce45f895f8c63e86870e453cc7ea7d0	콘크리트공사	W_LEAF	품질시험 > 공통품질시험 > 콘크리트공사	CLASSIFICATION	REFERENCE_ONLY	ORIGINAL_REJECT	NOT_APPROVED
0714	37a04b721c7f363fecb1d97db60f7424f6d5654d6d8285af090a90eb0c438cbb	철강구조물공사	W_LEAF	품질시험 > 공통품질시험 > 철강구조물공사	CLASSIFICATION	REFERENCE_ONLY	ORIGINAL_REJECT	NOT_APPROVED
0721	868eb492f652bad56dd2783098cd261eb47e310111a01b4d486acb860ce274e6	도로	W_LEAF	품질시험 > 토목품질시험 > 도로	CLASSIFICATION	REFERENCE_ONLY	ORIGINAL_REJECT	NOT_APPROVED
0722	9c996229eb2cbd5fe3ef8581e160db45cbb843a0872d9a6ff30922513a3efbbd	철도	W_LEAF	품질시험 > 토목품질시험 > 철도	CLASSIFICATION	REFERENCE_ONLY	ORIGINAL_REJECT	NOT_APPROVED
0723	aa515a7df17f23a84eac346215c5e4e0373efebc143d66ccf43d6e0ba7e00ceb	교량	W_LEAF	품질시험 > 토목품질시험 > 교량	CLASSIFICATION	REFERENCE_ONLY	ORIGINAL_REJECT	NOT_APPROVED
0724	1d8a0dd35ed41f27789717fa2d2e090798040c6af9a0b55c4f8ed409e7b28738	터널	W_LEAF	품질시험 > 토목품질시험 > 터널	CLASSIFICATION	REFERENCE_ONLY	ORIGINAL_REJECT	NOT_APPROVED
0725	e544fbf56fc5cb78067142727c5d8c160c06b049d8c285c7807dcc3c4e4927b1	수공구조물공사	W_LEAF	품질시험 > 토목품질시험 > 수공구조물공사	CLASSIFICATION	REFERENCE_ONLY	ORIGINAL_REJECT	NOT_APPROVED
0726	dfc7f505fe4447aec4c4fc57694f409019409446217c37c83747e5892feb0467	배관및배수	W_LEAF	품질시험 > 토목품질시험 > 배관및배수	CLASSIFICATION	REFERENCE_ONLY	ORIGINAL_REJECT	NOT_APPROVED
0731	fd0eb7c13728615a9ea812b87c7d95d98c5d63a3122b5aa7abf45d0991c0f583	조적및목구조공사	W_LEAF	품질시험 > 건축품질시험 > 조적및목구조공사	CLASSIFICATION	REFERENCE_ONLY	ORIGINAL_REJECT	NOT_APPROVED
0732	acd2dd88d3a7f79d4f9b9a27263c081536c90cb1bd55ae04d124d71257a18416	방수 단열 지붕공사	W_LEAF	품질시험 > 건축품질시험 > 방수 단열 지붕공사	CLASSIFICATION	REFERENCE_ONLY	ORIGINAL_REJECT	NOT_APPROVED
0733	99db583324eee570c28ea6cbd93bd6edf4dc3039cd5366c8e99cd2e67b507a49	마감공사	W_LEAF	품질시험 > 건축품질시험 > 마감공사	CLASSIFICATION	REFERENCE_ONLY	ORIGINAL_REJECT	NOT_APPROVED
0851	8a4d575f9459bd01a20dfd7fb7016d5c249a2136a404993325d4b94e36e7fa64	토공	W_LEAF	건축품질시험 > 건축관리시험(토공 기초 구조체) > 토공	CLASSIFICATION	REFERENCE_ONLY	ORIGINAL_REJECT	NOT_APPROVED
0852	3769048f47b3f0c13e0e0928ba93e2aba1ed6286f095f12d0d129d5683cad0de	말뚝기초	W_LEAF	건축품질시험 > 건축관리시험(토공 기초 구조체) > 말뚝기초	CLASSIFICATION	REFERENCE_ONLY	ORIGINAL_REJECT	NOT_APPROVED
0853	d065a47a3908d0eebd6d7ceb321d3074fdcfee6e6710f6a90d90218877502b07	시멘트및혼화제	W_LEAF	건축품질시험 > 건축관리시험(토공 기초 구조체) > 시멘트및혼화제	MATERIAL_COMPONENT	REFERENCE_ONLY	ORIGINAL_REJECT	NOT_APPROVED
0854	278c05df2ac0decdf6f009682cf907f60f26a38f00023eccd80d191b271009b5	콘크리트및골재	W_LEAF	건축품질시험 > 건축관리시험(토공 기초 구조체) > 콘크리트및골재	MATERIAL_COMPONENT	REFERENCE_ONLY	ORIGINAL_REJECT	NOT_APPROVED
0855	fcb3383f6074215c8d17cc9e4a52d63f3ee1bf464cce685d8f35bcef1e458165	콘크리트보강재	W_LEAF	건축품질시험 > 건축관리시험(토공 기초 구조체) > 콘크리트보강재	MATERIAL_COMPONENT	REFERENCE_ONLY	ORIGINAL_REJECT	NOT_APPROVED
0856	5e967a9bb771a0e440b88ff43dac5fc0bf21040c8359151dd7c9458c6f04e239	철골구조	W_LEAF	건축품질시험 > 건축관리시험(토공 기초 구조체) > 철골구조	CLASSIFICATION	REFERENCE_ONLY	ORIGINAL_REJECT	NOT_APPROVED
0857	5742ad6cb205bb69c89ff703ba005c5429164d9413f21a42054bea9f11143cff	조적구조	W_LEAF	건축품질시험 > 건축관리시험(토공 기초 구조체) > 조적구조	CLASSIFICATION	REFERENCE_ONLY	ORIGINAL_REJECT	NOT_APPROVED
0858	d091f6295ec2475cc94993bee05c6f0f721b9074b53b22cc03370f934bb1d5cb	목구조	W_LEAF	건축품질시험 > 건축관리시험(토공 기초 구조체) > 목구조	CLASSIFICATION	REFERENCE_ONLY	ORIGINAL_REJECT	NOT_APPROVED
0861	2ae8e864320d75d56d64f6c86d2a1d9de38415bb1b672c7d6bc4aa26b5b33aaf	방수및방습	W_LEAF	건축품질시험 > 건축관리시험(단열 방수 지붕) > 방수및방습	CLASSIFICATION	REFERENCE_ONLY	ORIGINAL_REJECT	NOT_APPROVED
0863	33fe1a5500ee99da4168f0913b81db47fb3884bac8268a867547259286b97434	단열및방화	W_LEAF	건축품질시험 > 건축관리시험(단열 방수 지붕) > 단열및방화	CLASSIFICATION	REFERENCE_ONLY	ORIGINAL_REJECT	NOT_APPROVED
0865	d56c254319d6892082e2382707fb1b87877be14aca1eeb6593bf5752fa513d90	진동및방음	W_LEAF	건축품질시험 > 건축관리시험(단열 방수 지붕) > 진동및방음	CLASSIFICATION	REFERENCE_ONLY	ORIGINAL_REJECT	NOT_APPROVED
0867	ad18c73748366b357ead99233c6b9b4a20a708450d1be9dcf91920195b34531e	지붕및기와	W_LEAF	건축품질시험 > 건축관리시험(단열 방수 지붕) > 지붕및기와	CLASSIFICATION	REFERENCE_ONLY	ORIGINAL_REJECT	NOT_APPROVED
0871	51651ac306c3e8f4250a4859298036d4bccc4246fb36a38e70be7c06a13ec3e3	미장	W_LEAF	건축품질시험 > 건축관리시험(마감) > 미장	CLASSIFICATION	REFERENCE_ONLY	ORIGINAL_REJECT	NOT_APPROVED
0872	9f6eb45c3b5c59ebe78cb84649b56db72c4f8ca1a1c67de63b64911aa2d81e27	타일	W_LEAF	건축품질시험 > 건축관리시험(마감) > 타일	CLASSIFICATION	REFERENCE_ONLY	ORIGINAL_REJECT	NOT_APPROVED
0873	85d950e4cacf7399169cf312cdc3f065801a10f4fc1c5eb9ade836597787803a	수장	W_LEAF	건축품질시험 > 건축관리시험(마감) > 수장	CLASSIFICATION	REFERENCE_ONLY	ORIGINAL_REJECT	NOT_APPROVED
0875	89c29afc29daae71f92a907a9ecfe43c085cf3f6c4751d639ea234f93ba14df6	도장	W_LEAF	건축품질시험 > 건축관리시험(마감) > 도장	CLASSIFICATION	REFERENCE_ONLY	ORIGINAL_REJECT	NOT_APPROVED
0876	d8ee30afb93bcdd50ea11972ddca50b0076e63ad9c729226d98b23d2c08e6450	창호	W_LEAF	건축품질시험 > 건축관리시험(마감) > 창호	CLASSIFICATION	REFERENCE_ONLY	ORIGINAL_REJECT	NOT_APPROVED
0877	d720d731457ccc41b0a90bb636009192aa013084e640f3cdff19012c74940f57	금속재	W_LEAF	건축품질시험 > 건축관리시험(마감) > 금속재	MATERIAL_COMPONENT	REFERENCE_ONLY	ORIGINAL_REJECT	NOT_APPROVED
1121	5990c9fd74f3f766c27be9d344989eaa7d705929723d0e261b275c7188cabfc7	등고선	W_LEAF	측량 > 지형측량 > 등고선	CLASSIFICATION	REFERENCE_ONLY	ORIGINAL_REJECT	NOT_APPROVED
1122	ea6e64ec2fa399aa163ce98eac6fa1f735644e3dea108c5cd2a93601cd0ea998	지성선	W_LEAF	측량 > 지형측량 > 지성선	CLASSIFICATION	REFERENCE_ONLY	ORIGINAL_REJECT	NOT_APPROVED
1131	074aac1140c29860501e6354515e0506624b9fb05b3c6bc4d105c1b2b7b72c6b	하천	W_LEAF	측량 > 하해측량 > 하천	CLASSIFICATION	REFERENCE_ONLY	ORIGINAL_REJECT	NOT_APPROVED
1132	c2854d05005a75df5c99b93c3d89e5881162cbc45dd550503dbd5cc930f769b3	운하	W_LEAF	측량 > 하해측량 > 운하	CLASSIFICATION	REFERENCE_ONLY	ORIGINAL_REJECT	NOT_APPROVED
1133	7c105303e04f296145faf9f41176c9540b2bf6315289db320000592138fbb27c	항만	W_LEAF	측량 > 하해측량 > 항만	CLASSIFICATION	REFERENCE_ONLY	ORIGINAL_REJECT	NOT_APPROVED
1134	0ce2406906faf7a17a3ec8c9469f519d0062a9c6f17f4efd1ff8f9297eea8629	해양	W_LEAF	측량 > 하해측량 > 해양	CLASSIFICATION	REFERENCE_ONLY	ORIGINAL_REJECT	NOT_APPROVED
1141	ad800edcc9229da36ae043e074f3cd3552a283682f114fed33586502d2903c60	도로	W_LEAF	측량 > 노선측량 > 도로	CLASSIFICATION	REFERENCE_ONLY	ORIGINAL_REJECT	NOT_APPROVED
1142	b05533f42f063fe77b2a994cb83eb2a077bdc1dd6aad0a5d3d414a5fbc92d854	철도및지하철	W_LEAF	측량 > 노선측량 > 철도및지하철	CLASSIFICATION	REFERENCE_ONLY	ORIGINAL_REJECT	NOT_APPROVED
1143	7fd6b99cffec0d78750b1a2cbf92a691dc015087a703044e142037d7f8970d65	시가지도로	W_LEAF	측량 > 노선측량 > 시가지도로	CLASSIFICATION	REFERENCE_ONLY	ORIGINAL_REJECT	NOT_APPROVED
1144	0dfa1badad7678a95a86121396fa31617b6d68f1e1148dfb777d0f31be181475	수로	W_LEAF	측량 > 노선측량 > 수로	CLASSIFICATION	REFERENCE_ONLY	ORIGINAL_REJECT	NOT_APPROVED
1145	cbefccf2bc24c75934300f9d249d63e48b1dd921fbecf64044a94ce84bdcd36f	전기	W_LEAF	측량 > 노선측량 > 전기	CLASSIFICATION	REFERENCE_ONLY	ORIGINAL_REJECT	NOT_APPROVED
1146	3c17f2a1cf54edb7ceddf31899f5cf2f71a78953fadfb7dcad2ec59fcb1e110c	상수도	W_LEAF	측량 > 노선측량 > 상수도	CLASSIFICATION	REFERENCE_ONLY	ORIGINAL_REJECT	NOT_APPROVED
1147	e173694552c6d5ba47ce682ee3c2ec8c54493942d70f1209976812ce8c9f4b97	하수도	W_LEAF	측량 > 노선측량 > 하수도	CLASSIFICATION	REFERENCE_ONLY	ORIGINAL_REJECT	NOT_APPROVED
1148	01bc206eaab3fdc8148c4352d8c2365729b6af29fea47a3c5f25cef1bc0571c9	통신	W_LEAF	측량 > 노선측량 > 통신	CLASSIFICATION	REFERENCE_ONLY	ORIGINAL_REJECT	NOT_APPROVED
1149	a7478945a3c2a54c997fdda1d2c03661cede250def51bf2e2aee37fa8e896b6a	가스및송유관	W_LEAF	측량 > 노선측량 > 가스및송유관	CLASSIFICATION	REFERENCE_ONLY	ORIGINAL_REJECT	NOT_APPROVED
1167	4c5f039a18e64b1e07c729bda0f3ba5f651607d82655f257e799c3e70c80c1d9	표줄	W_LEAF	측량 > 시공측량 > 표줄	FACILITY_EQUIPMENT	REFERENCE_ONLY	ORIGINAL_REJECT	NOT_APPROVED
1168	9d258dec8c7d8087ca2bbcdba420d04f341e746128467f046190d6487769c28d	규준틀	W_LEAF	측량 > 시공측량 > 규준틀	FACILITY_EQUIPMENT	REFERENCE_ONLY	ORIGINAL_REJECT	NOT_APPROVED
1212	19435a958f56e3f10ea8696e85ecb4d2218c80038b5a584840298cbd120196a6	지중수직변위계	W_LEAF	계측 > 토공사계측 > 지중수직변위계	FACILITY_EQUIPMENT	REFERENCE_ONLY	ORIGINAL_REJECT	NOT_APPROVED
1251	e2f9c0a47a188bd3e9afbc01403ccfee9ae802692ae1edb3c860e9b09b4d2144	댐체변위측정계	W_LEAF	계측 > 댐 제방계측 > 댐체변위측정계	FACILITY_EQUIPMENT	REFERENCE_ONLY	ORIGINAL_REJECT	NOT_APPROVED
1252	ad3f09ec3b064a37331a7ea6862fe0c76b36bbcb941d3de033eb617f595c03bf	콘크리트및이음변형측정계	W_LEAF	계측 > 댐 제방계측 > 콘크리트및이음변형측정계	FACILITY_EQUIPMENT	REFERENCE_ONLY	ORIGINAL_REJECT	NOT_APPROVED
1253	2c58a3839430ba89e9cdb5a019c74b188361d8c19e210965a831e3f59bbca50b	침하측정점	W_LEAF	계측 > 댐 제방계측 > 침하측정점	FACILITY_EQUIPMENT	REFERENCE_ONLY	ORIGINAL_REJECT	NOT_APPROVED
1254	2fbc9dd370b7cb71c0e468e4293b7b9e2f073b6bde7bd3b24c5755dcd5d8da19	지진계	W_LEAF	계측 > 댐 제방계측 > 지진계	FACILITY_EQUIPMENT	REFERENCE_ONLY	ORIGINAL_REJECT	NOT_APPROVED
1255	1c72ebef5c2d65388c3ddb014069cc986daf2ec44f20904c5f3a9183c8921caf	누수량측정장치	W_LEAF	계측 > 댐 제방계측 > 누수량측정장치	FACILITY_EQUIPMENT	REFERENCE_ONLY	ORIGINAL_REJECT	NOT_APPROVED
1256	03ed798a7ca7bcf1f6ead3c3e07935eceac9b8c240dc61b8cb5c38abca290cb4	수위측정기	W_LEAF	계측 > 댐 제방계측 > 수위측정기	FACILITY_EQUIPMENT	REFERENCE_ONLY	ORIGINAL_REJECT	NOT_APPROVED
1258	75349ef18df91e43f4573dc76107168b4c0279fbdee573aba1e7872edd6ae5dc	댐계측관련설비	W_LEAF	계측 > 댐 제방계측 > 댐계측관련설비	FACILITY_EQUIPMENT	REFERENCE_ONLY	ORIGINAL_REJECT	NOT_APPROVED
1321	520952ce4790bd31f9a140cf97f83798652a78ac8ccbfa7922d1b477c79ea67a	충격식(Percussion)시추	W_LEAF	지반조사 > 시추(보링) > 충격식(Percussion)시추	METHOD	REFERENCE_ONLY	ORIGINAL_REJECT	NOT_APPROVED
1322	026f14acf6f05aeb4b0b2457ac0b26874163d4183ab1b42445c4c311b68e0415	회전식(Rotary)시추	W_LEAF	지반조사 > 시추(보링) > 회전식(Rotary)시추	METHOD	REFERENCE_ONLY	ORIGINAL_REJECT	NOT_APPROVED
1331	94a3d696ab8557aa3c9ae822d0aa2f3fcf4158f89f088fd7ad70599a62e97add	지표면 시험굴착시료	W_LEAF	지반조사 > 샘플링 > 지표면 시험굴착시료	MATERIAL_COMPONENT	REFERENCE_ONLY	ORIGINAL_REJECT	NOT_APPROVED
2171	a1870d5204a8e5f8213a16a66f8898bc98e7942aa19f6fe03edcac605b817070	토사생산 처리장	W_LEAF	토공사 > 토사처리및운반 > 토사생산 처리장	FACILITY_EQUIPMENT	REFERENCE_ONLY	ORIGINAL_REJECT	NOT_APPROVED
2221	ed303ea80bfc6adeed93b59e880983057fda12c56072b641c2eef3c9410f568b	재하공법	W_LEAF	지반개량및지반보강공사 > 표층처리 > 재하공법	METHOD	REFERENCE_ONLY	ORIGINAL_REJECT	NOT_APPROVED
2222	00413a1b0edb4385f109e4530c83f29b7cb6dce5ebf610a3934c8c42543c007a	압성토공법	W_LEAF	지반개량및지반보강공사 > 표층처리 > 압성토공법	METHOD	REFERENCE_ONLY	ORIGINAL_REJECT	NOT_APPROVED
2223	510b8551fcb95077d1332e57204d7d31615066bc4e49ee95183bc2aff968f01f	표층배수공법	W_LEAF	지반개량및지반보강공사 > 표층처리 > 표층배수공법	METHOD	REFERENCE_ONLY	ORIGINAL_REJECT	NOT_APPROVED
2224	795c08a6158f9458e1f5c8e1a9e1e18aee0f375c9d5fdc390b50601687d6e067	샌드매트공법	W_LEAF	지반개량및지반보강공사 > 표층처리 > 샌드매트공법	METHOD	REFERENCE_ONLY	ORIGINAL_REJECT	NOT_APPROVED
2225	fafc71db2ba8272a901ab2bc58f1ec665ba9804455066c5d03e108e92705b25b	부설재공법(PP PE매트)	W_LEAF	지반개량및지반보강공사 > 표층처리 > 부설재공법(PP PE매트)	METHOD	REFERENCE_ONLY	ORIGINAL_REJECT	NOT_APPROVED
2226	545ea39064e06f0f5c652863d29a0023fcbfdf60c91530d48a6a142a5c6d3783	화학처리공법	W_LEAF	지반개량및지반보강공사 > 표층처리 > 화학처리공법	METHOD	REFERENCE_ONLY	ORIGINAL_REJECT	NOT_APPROVED
2231	7a08e0fa71641c3081bcbbbec9d74a1d3d674b63ffaf05c07506287ba2546f4b	샌드드레인	W_LEAF	지반개량및지반보강공사 > 지반배수 > 샌드드레인	METHOD	REFERENCE_ONLY	ORIGINAL_REJECT	NOT_APPROVED
2232	8ad7651765936f00400eaa97fd8cc56711bcb19c6fb48eea17b04bd5d04de30b	페이퍼드레인	W_LEAF	지반개량및지반보강공사 > 지반배수 > 페이퍼드레인	METHOD	REFERENCE_ONLY	ORIGINAL_REJECT	NOT_APPROVED
2233	29bf69da095900042e696c297d1517f52b00fa1d2681e74dcf0cb99bb9185fd7	팩드레인	W_LEAF	지반개량및지반보강공사 > 지반배수 > 팩드레인	METHOD	REFERENCE_ONLY	ORIGINAL_REJECT	NOT_APPROVED
2234	dcdc87fbfdd04e61fcd1a9b575481bbf52001a052599186ce2ca3155503b6278	웰포인트	W_LEAF	지반개량및지반보강공사 > 지반배수 > 웰포인트	METHOD	REFERENCE_ONLY	ORIGINAL_REJECT	NOT_APPROVED
2235	651d26f5fd96ec88b64cd831fce6f9e2dc67cbd0e206362f8de3f06ea5c7232b	프렌치드레인	W_LEAF	지반개량및지반보강공사 > 지반배수 > 프렌치드레인	METHOD	REFERENCE_ONLY	ORIGINAL_REJECT	NOT_APPROVED
2236	475cdf24852a149e4328c4d610a9918954f0f313b743d65cf2a7166b45831e1f	대기압공법	W_LEAF	지반개량및지반보강공사 > 지반배수 > 대기압공법	METHOD	REFERENCE_ONLY	ORIGINAL_REJECT	NOT_APPROVED
224	762f6dec5101d05267921403ca4c5e22f7758b93eecbdc5d628d89d40cc66519	고결공법	W_MID	지반개량및지반보강공사 > 고결공법	METHOD	REFERENCE_ONLY	ORIGINAL_REJECT	NOT_APPROVED
2241	763451e01712cef1200fcb4df095444e8a8e01233c0f2939fa52b1725a1bc0ad	혼합공법	W_LEAF	지반개량및지반보강공사 > 고결공법 > 혼합공법	METHOD	REFERENCE_ONLY	ORIGINAL_REJECT	NOT_APPROVED
2242	3e8b86c09d734222af3783809b022d7127eeb072b7a7ff030038c3ba3ea18d78	석회파일공법(SCW)	W_LEAF	지반개량및지반보강공사 > 고결공법 > 석회파일공법(SCW)	METHOD	REFERENCE_ONLY	ORIGINAL_REJECT	NOT_APPROVED
2243	5d3d4ac1200842a48ae6ae2fb60ec3f88d5295d4f29a782df81560ef22b1030b	전기침투공법	W_LEAF	지반개량및지반보강공사 > 고결공법 > 전기침투공법	METHOD	REFERENCE_ONLY	ORIGINAL_REJECT	NOT_APPROVED
2244	2760295a3494d834d6b598592d24de5039b5594b0537433f4a838d007fb4342b	약액주입공법	W_LEAF	지반개량및지반보강공사 > 고결공법 > 약액주입공법	METHOD	REFERENCE_ONLY	ORIGINAL_REJECT	NOT_APPROVED
2245	dc5c550947cb26c76c85d3c29617c814b5faa53e0b574af8b1ebfbd95eb46b93	동결공법	W_LEAF	지반개량및지반보강공사 > 고결공법 > 동결공법	METHOD	REFERENCE_ONLY	ORIGINAL_REJECT	NOT_APPROVED
2246	c0c0b989c18296cd610b69ad8af49ff55b8d99be38ae4f9d58d1b2fa40101133	소결공법	W_LEAF	지반개량및지반보강공사 > 고결공법 > 소결공법	METHOD	REFERENCE_ONLY	ORIGINAL_REJECT	NOT_APPROVED
225	d32db45f90e0d2a3c8e5b9da8508f1d5aceb6921cefa9c5ac4faf56cf3683d69	다짐공법	W_MID	지반개량및지반보강공사 > 다짐공법	METHOD	REFERENCE_ONLY	ORIGINAL_REJECT	NOT_APPROVED
2251	7744a94f10f1df1b6c423e3174f88138b32cdbfb1e0601009641e493ffc3bf7d	바이브로플로우테이션	W_LEAF	지반개량및지반보강공사 > 다짐공법 > 바이브로플로우테이션	METHOD	REFERENCE_ONLY	ORIGINAL_REJECT	NOT_APPROVED
2252	5e7a8ca996ccdd3642cab8a1e7e1528493bc8f22b869b51805f9100ba6bdbf63	바이브로콤포우저	W_LEAF	지반개량및지반보강공사 > 다짐공법 > 바이브로콤포우저	METHOD	REFERENCE_ONLY	ORIGINAL_REJECT	NOT_APPROVED
2253	58e6fe5ce176ee0a89b30cc9baefbac637fb4c56ee10b381cd8e7a455984da1e	진동다짐	W_LEAF	지반개량및지반보강공사 > 다짐공법 > 진동다짐	METHOD	REFERENCE_ONLY	ORIGINAL_REJECT	NOT_APPROVED
2254	9107977bc60fd07c0dbdd1277f63459f200666dab0f44d7dfa35df4ee9794fdc	폭파다짐	W_LEAF	지반개량및지반보강공사 > 다짐공법 > 폭파다짐	METHOD	REFERENCE_ONLY	ORIGINAL_REJECT	NOT_APPROVED
2255	b71d60da07ee37da0d6b953c5ce1ed656e9d1a6e352cd2f8bdfb967f5e241881	SCP(SandCompactionPile)	W_LEAF	지반개량및지반보강공사 > 다짐공법 > SCP(SandCompactionPile)	METHOD	REFERENCE_ONLY	HOLD_RESOLVED_METHOD	NOT_APPROVED
2256	93d31167a68d963ed8c9385ef8f2131ce36a8e4dd84ffeff6b03c00c889dbe93	GCP(GravelCompactionPile)	W_LEAF	지반개량및지반보강공사 > 다짐공법 > GCP(GravelCompactionPile)	METHOD	REFERENCE_ONLY	HOLD_RESOLVED_METHOD	NOT_APPROVED
227	c6ceb9d8a36505d7415bff356e51efe7d3f979c55c7f18a0f0683d7a60b97310	지반앵커(GroundAnchor)	W_MID	지반개량및지반보강공사 > 지반앵커(GroundAnchor)	METHOD	REFERENCE_ONLY	ORIGINAL_REJECT	NOT_APPROVED
2312	8d080fff9cfd7bf616213961d0f4c5cf8297334b8941c15c3b852be05f21964d	관입공법	W_LEAF	말뚝공사 > 현장타설말뚝 > 관입공법	METHOD	REFERENCE_ONLY	ORIGINAL_REJECT	NOT_APPROVED
2313	8a19b14bc2b6a107145ace77cc49dcf04679cad9d6b3ed58fed8b1c2543fed85	심초말뚝	W_LEAF	말뚝공사 > 현장타설말뚝 > 심초말뚝	MATERIAL_COMPONENT	REFERENCE_ONLY	ORIGINAL_REJECT	NOT_APPROVED
232	7fede6271a29cfb07c57510ce245ff1a3c44813b32efccdea5c33ac385dabf09	기성말뚝	W_MID	말뚝공사 > 기성말뚝	CLASSIFICATION	REFERENCE_ONLY	ORIGINAL_REJECT	NOT_APPROVED
2321	d5fc015658e667258e4472af3ef66f9a83016d3ddbf3cd4e89658d96a3ba95f9	기성PC말뚝	W_LEAF	말뚝공사 > 기성말뚝 > 기성PC말뚝	MATERIAL_COMPONENT	REFERENCE_ONLY	ORIGINAL_REJECT	NOT_APPROVED
2322	5e99aba4ad19ba938590957f75bf73690faabd1f4029ed203deb13c8dec40581	독립강관말뚝	W_LEAF	말뚝공사 > 기성말뚝 > 독립강관말뚝	MATERIAL_COMPONENT	REFERENCE_ONLY	ORIGINAL_REJECT	NOT_APPROVED
2323	69c6f9f03221e4c9849837ee7cfa4929e3c4d079fd2406cc93512386c26b985c	독립H말뚝	W_LEAF	말뚝공사 > 기성말뚝 > 독립H말뚝	MATERIAL_COMPONENT	REFERENCE_ONLY	ORIGINAL_REJECT	NOT_APPROVED
2324	6d70e7206cfa3b61b1dbcedfb234ec878a0141b119cc65f39f2bf12510c6318b	RC말뚝	W_LEAF	말뚝공사 > 기성말뚝 > RC말뚝	MATERIAL_COMPONENT	REFERENCE_ONLY	ORIGINAL_REJECT	NOT_APPROVED
2325	67acb0d781a9dcc316c0aecc9ad687745c654b42fabf86cbf81e03f883806f71	목재말뚝	W_LEAF	말뚝공사 > 기성말뚝 > 목재말뚝	MATERIAL_COMPONENT	REFERENCE_ONLY	ORIGINAL_REJECT	NOT_APPROVED
233	3b867ca52b24777fa3d254eb5b6e08a2671aabd5293900d404c2a9513c80053d	케이슨기초	W_MID	말뚝공사 > 케이슨기초	CLASSIFICATION	REFERENCE_ONLY	ORIGINAL_REJECT	NOT_APPROVED
2331	a0d531a8ef3ac1352fdea0af08acb219e1c9cad145eeb4b2b9232a6d90d77442	오픈케이슨(OpenCaission)	W_LEAF	말뚝공사 > 케이슨기초 > 오픈케이슨(OpenCaission)	CLASSIFICATION	REFERENCE_ONLY	ORIGINAL_REJECT	NOT_APPROVED
2332	a784d4c68b46ec629d1481981adaf839b000f50f877c1ae14531c845e2ba4c0a	뉴메틱케이슨(PneumaticCaission)	W_LEAF	말뚝공사 > 케이슨기초 > 뉴메틱케이슨(PneumaticCaission)	CLASSIFICATION	REFERENCE_ONLY	ORIGINAL_REJECT	NOT_APPROVED
2333	1fc48bc4a40a6681a03f67044aeb15a15cca4b4f9ddfc27d3b325b4855485b54	박스케이슨(BoxCaission)	W_LEAF	말뚝공사 > 케이슨기초 > 박스케이슨(BoxCaission)	CLASSIFICATION	REFERENCE_ONLY	ORIGINAL_REJECT	NOT_APPROVED
234	02572840b246de7674e7d8c16aac12c883a94775adacc07cc0f96e091720303b	연결말뚝(널말뚝)	W_MID	말뚝공사 > 연결말뚝(널말뚝)	CLASSIFICATION	REFERENCE_ONLY	ORIGINAL_REJECT	NOT_APPROVED
2341	c808115d5a4eef56d40555ec18079c8b7fd69534bc2f23fc5b09871cdb61642a	현장타설연결말뚝	W_LEAF	말뚝공사 > 연결말뚝(널말뚝) > 현장타설연결말뚝	MATERIAL_COMPONENT	REFERENCE_ONLY	ORIGINAL_REJECT	NOT_APPROVED
2342	323610d0a3e121eeb7360ad06f02e3e477468900eb26b36eab7a890831f6906a	강재연결말뚝	W_LEAF	말뚝공사 > 연결말뚝(널말뚝) > 강재연결말뚝	MATERIAL_COMPONENT	REFERENCE_ONLY	ORIGINAL_REJECT	NOT_APPROVED
2343	28466051e732e712e0d61cdc5aab529e58003ebaf6c64c4fa6a965cf56afbf9a	기성PC연결말뚝	W_LEAF	말뚝공사 > 연결말뚝(널말뚝) > 기성PC연결말뚝	MATERIAL_COMPONENT	REFERENCE_ONLY	ORIGINAL_REJECT	NOT_APPROVED
235	bc28afa7dd3e377f47f7ad842de2fb8ff866250540fb32349d60006a9a3c4d5b	지하연속벽(SlurryWall)	W_MID	말뚝공사 > 지하연속벽(SlurryWall)	METHOD	REFERENCE_ONLY	ORIGINAL_REJECT	NOT_APPROVED
2351	a3308e0be07658699bd3962a041e8c24ce6171a6879ec2a7a1ae29551110eb6e	벤토나이트슬러리월	W_LEAF	말뚝공사 > 지하연속벽(SlurryWall) > 벤토나이트슬러리월	METHOD	REFERENCE_ONLY	ORIGINAL_REJECT	NOT_APPROVED
2352	7185d093d571ac18405e863997673d3b0a14c1688b7c31035e5eb4bc1632bc7b	Attiplugite슬러리월	W_LEAF	말뚝공사 > 지하연속벽(SlurryWall) > Attiplugite슬러리월	AMBIGUOUS	HOLD_RETAIN	HOLD_RETAIN	NOT_APPROVED
2353	7730dfbaa546426ba6bf9398950496994cf247238b2c79553a155e7195c1eb5e	슬러리-토양막합성슬러리월	W_LEAF	말뚝공사 > 지하연속벽(SlurryWall) > 슬러리-토양막합성슬러리월	METHOD	REFERENCE_ONLY	ORIGINAL_REJECT	NOT_APPROVED
2354	e28a0a3cfcaf0a49901dbfd3743e81af32bfc4ac70e1c42044f07c7b835d3964	린콘크리트슬러리월	W_LEAF	말뚝공사 > 지하연속벽(SlurryWall) > 린콘크리트슬러리월	METHOD	REFERENCE_ONLY	ORIGINAL_REJECT	NOT_APPROVED
236	bc78ddeef127e2bb6ac87dc38bace10eea045b0e1e00cecb092b5f8866efd3d9	시트파일(SheetPile)	W_MID	말뚝공사 > 시트파일(SheetPile)	MATERIAL_COMPONENT	REFERENCE_ONLY	ORIGINAL_REJECT	NOT_APPROVED
243	860dfae19c69a0d246af300631e11161005a379bd1af6612875c86762f4cbcff	SheetPile	W_MID	흙막이및지보공사 > SheetPile	MATERIAL_COMPONENT	REFERENCE_ONLY	ORIGINAL_REJECT	NOT_APPROVED
251	43e141ba4572ad96c3c100acdf7301721eb7305e1ec5b9e61bf59527c313313d	콘크리트자재	W_MID	철근콘크리트공사 > 콘크리트자재	CLASSIFICATION	REFERENCE_ONLY	ORIGINAL_REJECT	NOT_APPROVED
2511	63fbbf733988f87c365ae87e8b6a72f12f89ed657173124c6a13240694fa9e54	시멘트및혼화제	W_LEAF	철근콘크리트공사 > 콘크리트자재 > 시멘트및혼화제	MATERIAL_COMPONENT	REFERENCE_ONLY	ORIGINAL_REJECT	NOT_APPROVED
2523	039e313081a2a58a9dc7c9d0e2949187d3dfe268820e0ebf5dde730db7614b89	콘크리트구입	W_LEAF	철근콘크리트공사 > 콘크리트생산및구입 > 콘크리트구입	CLASSIFICATION	REFERENCE_ONLY	ORIGINAL_REJECT	NOT_APPROVED
2541	3b82595c88e155452e9a6986e8525a4d090a71f24e7e2b9d552b3f568a67e363	거친마감거푸집	W_LEAF	철근콘크리트공사 > 거푸집공사 > 거친마감거푸집	CLASSIFICATION	REFERENCE_ONLY	ORIGINAL_REJECT	NOT_APPROVED
2542	cb13568b0ece6ac637656da454861557046dc97449ed7c8387cae74edd934112	보통마감거푸집	W_LEAF	철근콘크리트공사 > 거푸집공사 > 보통마감거푸집	CLASSIFICATION	REFERENCE_ONLY	ORIGINAL_REJECT	NOT_APPROVED
2543	28cca224526ed5d1dd594db9b5dceff9acd9377e66fc014e193cfc6089a0c5ad	매끈한마감거푸집	W_LEAF	철근콘크리트공사 > 거푸집공사 > 매끈한마감거푸집	CLASSIFICATION	REFERENCE_ONLY	ORIGINAL_REJECT	NOT_APPROVED
2544	9ff6476c0d14de7656eabbe54d038ef7fbcb2e9c4f86d265a606edd8a9bc1ed9	특정마감거푸집	W_LEAF	철근콘크리트공사 > 거푸집공사 > 특정마감거푸집	CLASSIFICATION	REFERENCE_ONLY	ORIGINAL_REJECT	NOT_APPROVED
2546	262f6f398f380a3f4344fd13487e9378f6cffdade980ce992d294015e641e608	시스템거푸집	W_LEAF	철근콘크리트공사 > 거푸집공사 > 시스템거푸집	FACILITY_EQUIPMENT	REFERENCE_ONLY	ORIGINAL_REJECT	NOT_APPROVED
2557	39d2de5bfeeba588bd735f9aa39160ba202d5b87028d235765dd17792c530f9a	특수콘크리트보강재	W_LEAF	철근콘크리트공사 > 콘크리트보강공사 > 특수콘크리트보강재	MATERIAL_COMPONENT	REFERENCE_ONLY	ORIGINAL_REJECT	NOT_APPROVED
2581	51c639313e1d3a445eb0a4790a2a3694d0c52fb5f61853a15275d50f6bc5f656	콘크리트조인트	W_LEAF	철근콘크리트공사 > 콘크리트부속공사 > 콘크리트조인트	MATERIAL_COMPONENT	REFERENCE_ONLY	ORIGINAL_REJECT	NOT_APPROVED
2582	4cdc09ac076618f894923f761892e5074177bf09c411725aa950fc0657d53791	지수판	W_LEAF	철근콘크리트공사 > 콘크리트부속공사 > 지수판	MATERIAL_COMPONENT	REFERENCE_ONLY	ORIGINAL_REJECT	NOT_APPROVED
261	fd9efc2bb3c82fcd8ca399ec862e83eba291fb48f5c646ffef4e73b9e6957576	PC형틀및생산시설	W_MID	프리케스트콘크리트공사 > PC형틀및생산시설	FACILITY_EQUIPMENT	REFERENCE_ONLY	ORIGINAL_REJECT	NOT_APPROVED
2661	81d15e079cde5a0d846524eb47afc524fe5808fa565f5ec17ca001989cc547a2	저층(	W_LEAF	프리케스트콘크리트공사 > 건축PC구조부재조립 > 저층(	AMBIGUOUS	HOLD_RETAIN	HOLD_RETAIN	NOT_APPROVED
2662	a5a24e7fea02ec1bb601bcb46557f6ce1c4c310c4eb29038ea090d559e111ae4	중층(	W_LEAF	프리케스트콘크리트공사 > 건축PC구조부재조립 > 중층(	AMBIGUOUS	HOLD_RETAIN	HOLD_RETAIN	NOT_APPROVED
2663	39984ec658118e69b1cd187ccc6b360cb19034955695b57049bd6e1aa925f5b4	고층(	W_LEAF	프리케스트콘크리트공사 > 건축PC구조부재조립 > 고층(	AMBIGUOUS	HOLD_RETAIN	HOLD_RETAIN	NOT_APPROVED
271	6f0a20fbd7d6be83a079154d6f79857b3f06d9fc05fd40290f7fe81a41a034d5	강구조물자재	W_MID	강구조물공사 > 강구조물자재	MATERIAL_COMPONENT	REFERENCE_ONLY	ORIGINAL_REJECT	NOT_APPROVED
2711	fe997f17239aab58df456b3ba687f2dc282422757e2ebbdb1a8132c13b80d0f7	철강재	W_LEAF	강구조물공사 > 강구조물자재 > 철강재	MATERIAL_COMPONENT	REFERENCE_ONLY	ORIGINAL_REJECT	NOT_APPROVED
2712	5cfa31376735fbd7fbcfaa91293ddbce577d5c80a8c8d4a9b9d984086be8a41b	데크	W_LEAF	강구조물공사 > 강구조물자재 > 데크	MATERIAL_COMPONENT	REFERENCE_ONLY	ORIGINAL_REJECT	NOT_APPROVED
2713	31709f7cf91da4ced8d0ee749949576ae60de7f32e5d3455ac843cbd45b025f6	경량철재	W_LEAF	강구조물공사 > 강구조물자재 > 경량철재	MATERIAL_COMPONENT	REFERENCE_ONLY	ORIGINAL_REJECT	NOT_APPROVED
2714	9912d98121d23d30b0fa9ae8430e7d0a4479221378b08f6c093d982046891879	주물재	W_LEAF	강구조물공사 > 강구조물자재 > 주물재	MATERIAL_COMPONENT	REFERENCE_ONLY	ORIGINAL_REJECT	NOT_APPROVED
2715	2c890927ae82091f3f7cba4f67cadd8af15f2bddd667ff0d0aeaf76d9ad03094	가공재	W_LEAF	강구조물공사 > 강구조물자재 > 가공재	MATERIAL_COMPONENT	REFERENCE_ONLY	ORIGINAL_REJECT	NOT_APPROVED
2716	49cb542ca35c407cfd608c67c303e286b610cdecde22ee7526a12261d564f021	스테인레스스틸재	W_LEAF	강구조물공사 > 강구조물자재 > 스테인레스스틸재	MATERIAL_COMPONENT	REFERENCE_ONLY	ORIGINAL_REJECT	NOT_APPROVED
2717	b2698f5bb01e5be4fae241be53ae9324ea98d6a35afa53b39bdae8066c1cd1bc	알루미늄재	W_LEAF	강구조물공사 > 강구조물자재 > 알루미늄재	MATERIAL_COMPONENT	REFERENCE_ONLY	ORIGINAL_REJECT	NOT_APPROVED
2718	f526145d3fa70763fc286b5fb905af93faa245aed279c4758e6ce2b06613706d	접합및고정재	W_LEAF	강구조물공사 > 강구조물자재 > 접합및고정재	MATERIAL_COMPONENT	REFERENCE_ONLY	ORIGINAL_REJECT	NOT_APPROVED
2719	b24b9a236689aedc62bc03d73324637cd5438f8cf6e34fbc2d93bc58c9fca2b3	기타금속재	W_LEAF	강구조물공사 > 강구조물자재 > 기타금속재	MATERIAL_COMPONENT	REFERENCE_ONLY	ORIGINAL_REJECT	NOT_APPROVED
275	951f8df773bd340a3c3aeac0c5cd905b7a0921de13fdafc8313eb57ba2cf6e2e	현수 사장구조	W_MID	강구조물공사 > 현수 사장구조	CLASSIFICATION	REFERENCE_ONLY	ORIGINAL_REJECT	NOT_APPROVED
276	0591d6a2a565c440661766e9914db75bdd9ce3794206f9879bbc7788787a5d9f	프레임구조시스템	W_MID	강구조물공사 > 프레임구조시스템	CLASSIFICATION	REFERENCE_ONLY	ORIGINAL_REJECT	NOT_APPROVED
2761	5c4ddecb526399e2b851ae7a60a78c199ddc41de74d5fb4aac678df856fa621b	스페이스프레임	W_LEAF	강구조물공사 > 프레임구조시스템 > 스페이스프레임	CLASSIFICATION	REFERENCE_ONLY	ORIGINAL_REJECT	NOT_APPROVED
2762	240e1d26bd05fb156de89c49b73df5fe6f19c70bd46b921732f3d0935c5fba77	기하학구조프레임	W_LEAF	강구조물공사 > 프레임구조시스템 > 기하학구조프레임	CLASSIFICATION	REFERENCE_ONLY	ORIGINAL_REJECT	NOT_APPROVED
277	5d36c9d3ee2029ea61ce1ac3ae998fdece9a9e2aad2025b17b5efe40300a2f99	탱크	W_MID	강구조물공사 > 탱크	FACILITY_EQUIPMENT	REFERENCE_ONLY	ORIGINAL_REJECT	NOT_APPROVED
2771	275354747de763985591aea1b7cc03694f36aea6211a6236d5400a6ba97f20cb	무개탱크	W_LEAF	강구조물공사 > 탱크 > 무개탱크	FACILITY_EQUIPMENT	REFERENCE_ONLY	ORIGINAL_REJECT	NOT_APPROVED
2772	9b463f841beefd89f791b171ec6252df2844967b1910e766613352c93977b093	유개․밀폐탱크	W_LEAF	강구조물공사 > 탱크 > 유개․밀폐탱크	FACILITY_EQUIPMENT	REFERENCE_ONLY	ORIGINAL_REJECT	NOT_APPROVED
3114	b6876c294044e367821276a4f075e9129bae43b77434bbfeb90cac77bba4e9f4	신축관	W_LEAF	토목배관공사및배수공사 > 토목배관부설 > 신축관	MATERIAL_COMPONENT	REFERENCE_ONLY	ORIGINAL_REJECT	NOT_APPROVED
3117	a2896e23ad11ac17845eec55a3318cb0c579bdf2764a8d7122d2b981f4b2f1b4	토목배관이음쇠	W_LEAF	토목배관공사및배수공사 > 토목배관부설 > 토목배관이음쇠	MATERIAL_COMPONENT	REFERENCE_ONLY	ORIGINAL_REJECT	NOT_APPROVED
3118	2ac4c3474a107c85d572a9be061812613e05422759388af81fc1f30e3eaec466	토목배관벨브	W_LEAF	토목배관공사및배수공사 > 토목배관부설 > 토목배관벨브	FACILITY_EQUIPMENT	REFERENCE_ONLY	ORIGINAL_REJECT	NOT_APPROVED
3145	725790d67a0a2a62a23b2692554facf9035200d5a039742a0b3cfd996f8ca01a	스핀들	W_LEAF	토목배관공사및배수공사 > 토목배관부대공사 > 스핀들	MATERIAL_COMPONENT	REFERENCE_ONLY	ORIGINAL_REJECT	NOT_APPROVED
315	654668f26bdc889efbd6753a2769c0432a2ab5af27930a4af55287c6f661e122	토목배관부속설비	W_MID	토목배관공사및배수공사 > 토목배관부속설비	FACILITY_EQUIPMENT	REFERENCE_ONLY	ORIGINAL_REJECT	NOT_APPROVED
3151	a1460a115560ca2c358a64ac2368c3de3b4101a46b97b8ad741fe9373f1f49e1	맨홀	W_LEAF	토목배관공사및배수공사 > 토목배관부속설비 > 맨홀	FACILITY_EQUIPMENT	REFERENCE_ONLY	ORIGINAL_REJECT	NOT_APPROVED
3152	45b37c04fd2ca1c63266cb142421d79a4586ce357146f0745d4dbda9c03ab1df	변실	W_LEAF	토목배관공사및배수공사 > 토목배관부속설비 > 변실	FACILITY_EQUIPMENT	REFERENCE_ONLY	ORIGINAL_REJECT	NOT_APPROVED
3153	e65475e1d179c2ef9841eb7a048bce91439a8a4056c98e5a224c11fe2b5ae149	측구	W_LEAF	토목배관공사및배수공사 > 토목배관부속설비 > 측구	FACILITY_EQUIPMENT	REFERENCE_ONLY	ORIGINAL_REJECT	NOT_APPROVED
3154	402debf8627e0cb5427da320e50205757640ec25ae1462f516d05ad1f50f6b5d	맹암거	W_LEAF	토목배관공사및배수공사 > 토목배관부속설비 > 맹암거	FACILITY_EQUIPMENT	REFERENCE_ONLY	ORIGINAL_REJECT	NOT_APPROVED
3155	dc7bd90d99efbc59cbb863199acde90729a141177f85639977e8ef6315211cac	표면배수시설	W_LEAF	토목배관공사및배수공사 > 토목배관부속설비 > 표면배수시설	FACILITY_EQUIPMENT	REFERENCE_ONLY	ORIGINAL_REJECT	NOT_APPROVED
3156	38756b54e66139a8a51536edd04b37dc292601480cd6f47f26c9b69c8f6138ec	수격방지시설	W_LEAF	토목배관공사및배수공사 > 토목배관부속설비 > 수격방지시설	FACILITY_EQUIPMENT	REFERENCE_ONLY	ORIGINAL_REJECT	NOT_APPROVED
3158	e0ec89bd18b9f69d18881e0a2da89831a1159842f28aa255b2162921ec0c2a39	토목배관표식	W_LEAF	토목배관공사및배수공사 > 토목배관부속설비 > 토목배관표식	FACILITY_EQUIPMENT	REFERENCE_ONLY	ORIGINAL_REJECT	NOT_APPROVED
3211	5931806ea98c1e01b4153d2aa41498041dae4735dddfa4fb0063bd7a44470ce2	차단층	W_LEAF	포장및도로공사 > 아스콘포장 > 차단층	MATERIAL_COMPONENT	REFERENCE_ONLY	ORIGINAL_REJECT	NOT_APPROVED
3212	c29139a4a886a1cf9fb67b5fb2d84686c089458dc422313a4c0854eb6b14bdb2	보조기층	W_LEAF	포장및도로공사 > 아스콘포장 > 보조기층	MATERIAL_COMPONENT	REFERENCE_ONLY	ORIGINAL_REJECT	NOT_APPROVED
3213	1885352b0ce9a75e0a7f0237e86a3b8faea95709de01642a3eb5449d6e117252	기층아스콘	W_LEAF	포장및도로공사 > 아스콘포장 > 기층아스콘	MATERIAL_COMPONENT	REFERENCE_ONLY	ORIGINAL_REJECT	NOT_APPROVED
3214	90ffef381d44d4139bab63c4c10d326d22b9e9fe5cdf8de5e2c479028acc890f	중간층	W_LEAF	포장및도로공사 > 아스콘포장 > 중간층	MATERIAL_COMPONENT	REFERENCE_ONLY	ORIGINAL_REJECT	NOT_APPROVED
3215	a252b950445b99985e23dc304d7a552f5759de1bb6eecf27a5b94643e28f67b6	표층아스콘	W_LEAF	포장및도로공사 > 아스콘포장 > 표층아스콘	MATERIAL_COMPONENT	REFERENCE_ONLY	ORIGINAL_REJECT	NOT_APPROVED
3223	90b77c65d0065024558b62ab9ec19d83240b56e89fc1a853b3bbb17d5cc6384b	포장거푸집	W_LEAF	포장및도로공사 > 콘크리트포장 > 포장거푸집	FACILITY_EQUIPMENT	REFERENCE_ONLY	ORIGINAL_REJECT	NOT_APPROVED
3228	ff8e52e5640550c524555dac817eb1cd0fed5682e3641adb43946153ffd5a444	콘크리트포장줄눈	W_LEAF	포장및도로공사 > 콘크리트포장 > 콘크리트포장줄눈	MATERIAL_COMPONENT	REFERENCE_ONLY	ORIGINAL_REJECT	NOT_APPROVED
3241	a3b77e28b64767a0c107a8bfa6f0c48decc9deeda4034d4e074657a3657829b5	도로배수관로	W_LEAF	포장및도로공사 > 도로배수시설공사 > 도로배수관로	FACILITY_EQUIPMENT	REFERENCE_ONLY	ORIGINAL_REJECT	NOT_APPROVED
3242	4f174193200fe14c08bab744cd78fa99b194951f4829f753ee19900d6e3789a9	도로배수구조물 - - 대․중․소 분류대․중․소 분류	W_LEAF	포장및도로공사 > 도로배수시설공사 > 도로배수구조물 - - 대․중․소 분류대․중․소 분류	FACILITY_EQUIPMENT	REFERENCE_ONLY	ORIGINAL_REJECT	NOT_APPROVED
325	f015625106b3499b039531501af642a57e625b87026a45f9cf3ce6432da83906	암거구조물	W_MID	포장및도로공사 > 암거구조물	FACILITY_EQUIPMENT	REFERENCE_ONLY	ORIGINAL_REJECT	NOT_APPROVED
3258	8503207cfae127de3e3dc166dbc3ca023e76ecbab6b359c80267cfc90c033ed1	암거날개벽	W_LEAF	포장및도로공사 > 암거구조물 > 암거날개벽	FACILITY_EQUIPMENT	REFERENCE_ONLY	ORIGINAL_REJECT	NOT_APPROVED
3261	89b13df6e4d24e6120e9b3688c6dfdf425bf8dc413561a1450a48b77e2b08867	도로경계석	W_LEAF	포장및도로공사 > 도로안전시설공사 > 도로경계석	FACILITY_EQUIPMENT	REFERENCE_ONLY	ORIGINAL_REJECT	NOT_APPROVED
3262	c52ca9060d9f0fac7a0b8f5b29f5e4b1c7041f0e1001154564f5a7eefceb2bc9	도로방호구조물	W_LEAF	포장및도로공사 > 도로안전시설공사 > 도로방호구조물	FACILITY_EQUIPMENT	REFERENCE_ONLY	ORIGINAL_REJECT	NOT_APPROVED
3263	6b07b2c6c30bd63c562747fa75b6abb25f3615e8fd132a06d0ecb40038dcebe9	교통안전설비	W_LEAF	포장및도로공사 > 도로안전시설공사 > 교통안전설비	FACILITY_EQUIPMENT	REFERENCE_ONLY	ORIGINAL_REJECT	NOT_APPROVED
3271	eaa8d41d33c75bbe8d492713d174813bae2a84dd270801849d13bd2893807a3a	교통표지판	W_LEAF	포장및도로공사 > 도로표식시설공사 > 교통표지판	FACILITY_EQUIPMENT	REFERENCE_ONLY	ORIGINAL_REJECT	NOT_APPROVED
3272	bb3eab798e3b087ccfecad31f99917bab9763b36e8c1d49922a5e2b136742372	노면표식	W_LEAF	포장및도로공사 > 도로표식시설공사 > 노면표식	FACILITY_EQUIPMENT	REFERENCE_ONLY	ORIGINAL_REJECT	NOT_APPROVED
3273	d6e5070d98026017303b27140bfa87792ce7676aca8292f392eb3ada4f5b04cd	교통유도표식	W_LEAF	포장및도로공사 > 도로표식시설공사 > 교통유도표식	FACILITY_EQUIPMENT	REFERENCE_ONLY	ORIGINAL_REJECT	NOT_APPROVED
3279	18278b41d4d70ed426d1501d9a4e958b44d02f26448d2edc72e1e0b410d6302c	기타도로표식시설	W_LEAF	포장및도로공사 > 도로표식시설공사 > 기타도로표식시설	FACILITY_EQUIPMENT	REFERENCE_ONLY	ORIGINAL_REJECT	NOT_APPROVED
3353	548311d20cf72bea2f47206960cee9f7c823525ec91766c241db1e51c5a5e72c	건널목설비	W_LEAF	궤도및철로공사 > 건널목공사 > 건널목설비	FACILITY_EQUIPMENT	REFERENCE_ONLY	ORIGINAL_REJECT	NOT_APPROVED
3371	29b905389c4d4b68c0ef4ff4cbce68421a841e0b36db18d5bae73f5f166589ab	열차안전설비	W_LEAF	궤도및철로공사 > 철도부속설비 > 열차안전설비	FACILITY_EQUIPMENT	REFERENCE_ONLY	ORIGINAL_REJECT	NOT_APPROVED
3372	dd08c52c03a223b82642778dea468b8fa2d9152c501590efac5b25dc78946cf3	철도표식시설	W_LEAF	궤도및철로공사 > 철도부속설비 > 철도표식시설	FACILITY_EQUIPMENT	REFERENCE_ONLY	ORIGINAL_REJECT	NOT_APPROVED
3411	9b9e63b59e70420fbc4aaaad17fd2dcff623853aa7499cac923b30f025548327	ILM공법	W_LEAF	교량공사 > 교량가설공사 > ILM공법	METHOD	REFERENCE_ONLY	HOLD_RESOLVED_METHOD	NOT_APPROVED
3412	f94eee52d48ef45f0a44677664858272c19dbcb89e581c7d852fee4913bb28aa	FCM공법	W_LEAF	교량공사 > 교량가설공사 > FCM공법	METHOD	REFERENCE_ONLY	HOLD_RESOLVED_METHOD	NOT_APPROVED
3413	9fc549e2cbadc980c350dff5f7e86ab9012456189125abf9c01961e6625332c3	FSM공법	W_LEAF	교량공사 > 교량가설공사 > FSM공법	METHOD	REFERENCE_ONLY	HOLD_RESOLVED_METHOD	NOT_APPROVED
3414	64c198e2f4f6f807628e1008efb84d0d9099439f0dd82503c261294ec5f039ab	MSS공법	W_LEAF	교량공사 > 교량가설공사 > MSS공법	METHOD	REFERENCE_ONLY	HOLD_RESOLVED_METHOD	NOT_APPROVED
3415	b0f74699d74c07ae6fa100aeede354bd4d6b20e188ec5c237f0048e3ac4dd011	PSM공법	W_LEAF	교량공사 > 교량가설공사 > PSM공법	METHOD	REFERENCE_ONLY	HOLD_RESOLVED_METHOD	NOT_APPROVED
342	c3c268a97825887a469b91004cfd787d31bbe4cbd321506f10381cda36d06508	교량받침	W_MID	교량공사 > 교량받침	FACILITY_EQUIPMENT	REFERENCE_ONLY	ORIGINAL_REJECT	NOT_APPROVED
3421	e80a93abcae06f4152031f26950d92f51a84149f974fc7b6b2cc41e8b1010467	고정형교량받침	W_LEAF	교량공사 > 교량받침 > 고정형교량받침	FACILITY_EQUIPMENT	REFERENCE_ONLY	ORIGINAL_REJECT	NOT_APPROVED
3422	0afda13975e6705f76242a30e4ca26eaf8a37d2a4c97ce784ef4362e447cab68	일방향가동형교량받침	W_LEAF	교량공사 > 교량받침 > 일방향가동형교량받침	FACILITY_EQUIPMENT	REFERENCE_ONLY	ORIGINAL_REJECT	NOT_APPROVED
3423	91c9636e014d645b5a8d47d902eb4ee11f497573e06ce6488d98d38f7682cfcb	양방향가동형교량받침	W_LEAF	교량공사 > 교량받침 > 양방향가동형교량받침	FACILITY_EQUIPMENT	REFERENCE_ONLY	ORIGINAL_REJECT	NOT_APPROVED
343	f059462dcc720a67e46877a6471a6a184a2a285b3629ecdabe202e3f0366732b	신축이음장치	W_MID	교량공사 > 신축이음장치	FACILITY_EQUIPMENT	REFERENCE_ONLY	ORIGINAL_REJECT	NOT_APPROVED
3431	29f82fece6d2aedbda20035cf8fed9d614acbd3cedc7e3a92e24a59ee64a6b35	맞댐식신축이음장치	W_LEAF	교량공사 > 신축이음장치 > 맞댐식신축이음장치	FACILITY_EQUIPMENT	REFERENCE_ONLY	ORIGINAL_REJECT	NOT_APPROVED
3432	7416799897d29fa653d06bb96036347350ca538a24e88d6bd58285653263bcf8	지지식신축이음장치	W_LEAF	교량공사 > 신축이음장치 > 지지식신축이음장치	FACILITY_EQUIPMENT	REFERENCE_ONLY	ORIGINAL_REJECT	NOT_APPROVED
344	f2fdf515006ce92b89216d6b826aef8ae9740403f72dacbe3faea2d31f3d97bc	교량방호시설	W_MID	교량공사 > 교량방호시설	FACILITY_EQUIPMENT	REFERENCE_ONLY	ORIGINAL_REJECT	NOT_APPROVED
3441	ba6fc773f14fadc2f6e36e22327e90b32f92d0a499d2a53c7379317d0d49017e	교량난간	W_LEAF	교량공사 > 교량방호시설 > 교량난간	FACILITY_EQUIPMENT	REFERENCE_ONLY	ORIGINAL_REJECT	NOT_APPROVED
3442	401a324fec153b2abe0a9f73b5ecf3bdeb0efcdd0d7675f9e5be4fcb13dfece5	교량용차량방호책	W_LEAF	교량공사 > 교량방호시설 > 교량용차량방호책	FACILITY_EQUIPMENT	REFERENCE_ONLY	ORIGINAL_REJECT	NOT_APPROVED
3443	a3da29beda8903da47612d7a258e5b1f03fe9b73504429648a66cbfc1ce73375	중앙분리대	W_LEAF	교량공사 > 교량방호시설 > 중앙분리대	FACILITY_EQUIPMENT	REFERENCE_ONLY	ORIGINAL_REJECT	NOT_APPROVED
3444	fadabaff6bf355da0849a609304fddd0ea6087e680cc65d4a999d3eb92b8e23f	교량방호벽	W_LEAF	교량공사 > 교량방호시설 > 교량방호벽	FACILITY_EQUIPMENT	REFERENCE_ONLY	ORIGINAL_REJECT	NOT_APPROVED
3445	74de1c67445702bec72fe019b628b0a7f9d959ecccec43bcf01a4df9bab02265	교량방음벽	W_LEAF	교량공사 > 교량방호시설 > 교량방음벽	FACILITY_EQUIPMENT	REFERENCE_ONLY	ORIGINAL_REJECT	NOT_APPROVED
3451	a810567f2f195d582436ad800d76b34b0e45848c348156428d973f65995c9b89	배수배관	W_LEAF	교량공사 > 교량배수설비공사 > 배수배관	MATERIAL_COMPONENT	REFERENCE_ONLY	ORIGINAL_REJECT	NOT_APPROVED
3452	04cd3dc3ed8353c925b0205a061eeab4119d5c9bf9c98dd619b24bd3a7bd9b2c	집수구	W_LEAF	교량공사 > 교량배수설비공사 > 집수구	FACILITY_EQUIPMENT	REFERENCE_ONLY	ORIGINAL_REJECT	NOT_APPROVED
3453	3489860e5a36e802537983751af2a3ce4d25bf048e871e1f87092e15cf810dc8	배수구	W_LEAF	교량공사 > 교량배수설비공사 > 배수구	FACILITY_EQUIPMENT	REFERENCE_ONLY	ORIGINAL_REJECT	NOT_APPROVED
347	12ca69bd08703ecfae5c0b579b79dc7e49ed7704b8b13c39b3d201ded13c82fc	교량부속설비	W_MID	교량공사 > 교량부속설비	FACILITY_EQUIPMENT	REFERENCE_ONLY	ORIGINAL_REJECT	NOT_APPROVED
3471	2c3eeb99af4b3404c009f220ce57daabd5861646d696fe3edcc07c8f7de2311c	교량점검및유지관리시설	W_LEAF	교량공사 > 교량부속설비 > 교량점검및유지관리시설	FACILITY_EQUIPMENT	REFERENCE_ONLY	ORIGINAL_REJECT	NOT_APPROVED
3472	1a6f260f2cca25941f8d8d590ae3afb262198f4c04ed5a9b74152db446f4d106	교량표식시설	W_LEAF	교량공사 > 교량부속설비 > 교량표식시설	FACILITY_EQUIPMENT	REFERENCE_ONLY	ORIGINAL_REJECT	NOT_APPROVED
3531	fbacf86398b727aa66b03ef84785adf05e22a3b2d5d668d9377f3650883fb6c5	터널락볼트	W_LEAF	터널공사 > 터널보강및안정 > 터널락볼트	MATERIAL_COMPONENT	REFERENCE_ONLY	ORIGINAL_REJECT	NOT_APPROVED
3542	a326c8df78a377473d0a095d1b248534b62eb78a25df7551df07f08472fb83a1	터널배수시설	W_LEAF	터널공사 > 터널방수및배수 > 터널배수시설	FACILITY_EQUIPMENT	REFERENCE_ONLY	ORIGINAL_REJECT	NOT_APPROVED
3551	6902deb8bb7b91b96c721fd38a647d6a0d6fad17e587d349add5e28493be1b43	터널거푸집	W_LEAF	터널공사 > 터널지보및거푸집 > 터널거푸집	FACILITY_EQUIPMENT	REFERENCE_ONLY	ORIGINAL_REJECT	NOT_APPROVED
3566	1ac79f77a6b830120e8f3cd290e23b6663ee686ed497630941eddcd20df63c68	내부통로난간	W_LEAF	터널공사 > 터널내부마감공사 > 내부통로난간	FACILITY_EQUIPMENT	REFERENCE_ONLY	ORIGINAL_REJECT	NOT_APPROVED
3611	d57ce35223451452edbf6269a44b856a5e8d6ee2cc63e10e2fe07c0b21d9bf24	연질토사(N=	W_LEAF	하천및항만공사 > 준설 > 연질토사(N=	AMBIGUOUS	HOLD_RETAIN	HOLD_RETAIN	NOT_APPROVED
3612	99b9161d5b49b1c81ebd525bc7bd3bbf47260cbbc12f0a1c46b0f55f22bf826e	중질토사(N=	W_LEAF	하천및항만공사 > 준설 > 중질토사(N=	AMBIGUOUS	HOLD_RETAIN	HOLD_RETAIN	NOT_APPROVED
3613	c5f3fa842907c6d1134bf288eeec4b28d02829f55005c0389e97789df0dcb620	경질토사(N=	W_LEAF	하천및항만공사 > 준설 > 경질토사(N=	AMBIGUOUS	HOLD_RETAIN	HOLD_RETAIN	NOT_APPROVED
3614	239dafdebbc9cd4043da1e332a49696941c6e2d434a3e588555c100c8b442655	최경질토사(N=	W_LEAF	하천및항만공사 > 준설 > 최경질토사(N=	AMBIGUOUS	HOLD_RETAIN	HOLD_RETAIN	NOT_APPROVED
3615	357045e5dbdab33934142c2da5caed89348ae0a152b730bdc8f826155db92888	자갈석인연질토사(N=	W_LEAF	하천및항만공사 > 준설 > 자갈석인연질토사(N=	AMBIGUOUS	HOLD_RETAIN	HOLD_RETAIN	NOT_APPROVED
3616	f2c37f3e456ae9bf1838dd7b6b2ceaa9980e5002f5b66bd180fccbc9b8a23a6c	자갈석인경질토(N=	W_LEAF	하천및항만공사 > 준설 > 자갈석인경질토(N=	AMBIGUOUS	HOLD_RETAIN	HOLD_RETAIN	NOT_APPROVED
3621	e3ab3f338d7472b5d3f09c533673258672c2cd65bbc4fa47edba0641fa867bf7	기초사석	W_LEAF	하천및항만공사 > 사석공사 > 기초사석	MATERIAL_COMPONENT	REFERENCE_ONLY	ORIGINAL_REJECT	NOT_APPROVED
3622	5899fd3e799f866e501809e60b44e83464517d4e41e3a317fe7b73be41779c37	근고석	W_LEAF	하천및항만공사 > 사석공사 > 근고석	MATERIAL_COMPONENT	REFERENCE_ONLY	ORIGINAL_REJECT	NOT_APPROVED
3623	1440f1d379b627f8c5eb74b4810d6ad4e2888792c19101d8d1549d7084e79744	속채움사석	W_LEAF	하천및항만공사 > 사석공사 > 속채움사석	MATERIAL_COMPONENT	REFERENCE_ONLY	ORIGINAL_REJECT	NOT_APPROVED
3624	63aa412cc6af43bd6d36b152e69fa7a5688954b09a48d97a58b05407e4991ce7	필터사석	W_LEAF	하천및항만공사 > 사석공사 > 필터사석	MATERIAL_COMPONENT	REFERENCE_ONLY	ORIGINAL_REJECT	NOT_APPROVED
3625	d8d4b35967d74ad524841e18a668c2308876207daffea71e89d7d1ae49c2d192	피복석	W_LEAF	하천및항만공사 > 사석공사 > 피복석	MATERIAL_COMPONENT	REFERENCE_ONLY	ORIGINAL_REJECT	NOT_APPROVED
3626	dbcc3d50c7b31be3e41f37fdf8a8cafc1f23afe2f66e92f54dabe2ae9108642d	뒷채움사석	W_LEAF	하천및항만공사 > 사석공사 > 뒷채움사석	MATERIAL_COMPONENT	REFERENCE_ONLY	ORIGINAL_REJECT	NOT_APPROVED
3627	50be0bd681495ada5f2e905d848807ab6b2f961b3acbaab5cc95721dd075019d	슬래그	W_LEAF	하천및항만공사 > 사석공사 > 슬래그	MATERIAL_COMPONENT	REFERENCE_ONLY	ORIGINAL_REJECT	NOT_APPROVED
3643	b69479bab8150507480b81519d214c41e625e14eb47b0f71234e68da35a93f63	비탈기초	W_LEAF	하천및항만공사 > 호안공사 > 비탈기초	FACILITY_EQUIPMENT	REFERENCE_ONLY	ORIGINAL_REJECT	NOT_APPROVED
3645	60b0494ecc362cf781450e2eea363d96c9c210cc075d8a15c9c0c8d4aa1a7c8f	호안정지석	W_LEAF	하천및항만공사 > 호안공사 > 호안정지석	MATERIAL_COMPONENT	REFERENCE_ONLY	ORIGINAL_REJECT	NOT_APPROVED
3648	24661728920634d5a3ca0bbc9c106b4ace06531d5a3e79df0d508b3c8d7b264a	시버스	W_LEAF	하천및항만공사 > 호안공사 > 시버스	FACILITY_EQUIPMENT	REFERENCE_ONLY	ORIGINAL_REJECT	NOT_APPROVED
3671	1654e0ad593b841c1bd390fe7e6357033eaa2c0a85d2147bf619a3d9799e5336	계선부속설비	W_LEAF	하천및항만공사 > 항만부속설비공사 > 계선부속설비	FACILITY_EQUIPMENT	REFERENCE_ONLY	ORIGINAL_REJECT	NOT_APPROVED
3672	c2054275d447dfaad2f7132d07106c561cc553d9df99a528f65bf318907b1c59	화물상 하선설비	W_LEAF	하천및항만공사 > 항만부속설비공사 > 화물상 하선설비	FACILITY_EQUIPMENT	REFERENCE_ONLY	ORIGINAL_REJECT	NOT_APPROVED
371	93d18db94231cee317fd601cee60906f23dc1ab2d4c5fbbc8d3ec7be9da212d9	휠댐(제방)	W_MID	댐공사 > 휠댐(제방)	CLASSIFICATION	REFERENCE_ONLY	ORIGINAL_REJECT	NOT_APPROVED
372	95554bb867b125afc9cf46e9979e196b44e91dd16c59099d8379aee7cfcebc49	표면차수벽형댐	W_MID	댐공사 > 표면차수벽형댐	CLASSIFICATION	REFERENCE_ONLY	ORIGINAL_REJECT	NOT_APPROVED
3721	fae1a47067eba05f77f5b29541dff343b99b1105caa31b61f7572f93825c4ef4	상류블랑켓	W_LEAF	댐공사 > 표면차수벽형댐 > 상류블랑켓	MATERIAL_COMPONENT	REFERENCE_ONLY	ORIGINAL_REJECT	NOT_APPROVED
3722	c42614c2937349248253e18a0dc120e60dd2fb87b3ef2614351457f68851399c	표면슬라브지지층	W_LEAF	댐공사 > 표면차수벽형댐 > 표면슬라브지지층	MATERIAL_COMPONENT	REFERENCE_ONLY	ORIGINAL_REJECT	NOT_APPROVED
3723	a60f09b190db0de12d06d63aefe53ec683bef9044d555e60dbc55ba8bd1ab54c	표면차수슬라브콘크리트	W_LEAF	댐공사 > 표면차수벽형댐 > 표면차수슬라브콘크리트	MATERIAL_COMPONENT	REFERENCE_ONLY	ORIGINAL_REJECT	NOT_APPROVED
381	168c14e1189fb7ecd7d095c6b97fdba79f54213cc7ace95f682cad9279356fe9	현장타설옹벽	W_MID	옹벽공사 > 현장타설옹벽	FACILITY_EQUIPMENT	REFERENCE_ONLY	ORIGINAL_REJECT	NOT_APPROVED
382	5a90b14a6dd0fbb0f2f9436710e4ee2ee216f5ece295d98681bed05bfb876843	조적식옹벽	W_MID	옹벽공사 > 조적식옹벽	FACILITY_EQUIPMENT	REFERENCE_ONLY	ORIGINAL_REJECT	NOT_APPROVED
3821	fa508c7d5e0e61527e6d0c034cb5ee99a206230111ad1271cd3f6382856ee7c9	PC옹벽	W_LEAF	옹벽공사 > 조적식옹벽 > PC옹벽	FACILITY_EQUIPMENT	REFERENCE_ONLY	ORIGINAL_REJECT	NOT_APPROVED
3822	2dea9eeeac6f069be94b968c3df2f40801fb36c5886d3a3e5e187cbf74e425f7	블록조적옹벽	W_LEAF	옹벽공사 > 조적식옹벽 > 블록조적옹벽	FACILITY_EQUIPMENT	REFERENCE_ONLY	ORIGINAL_REJECT	NOT_APPROVED
3823	ba5760aa9678fbbdddd824bf1815fc3aab9f758a8d4b1b7ecd348ce017a32641	세그먼트옹벽	W_LEAF	옹벽공사 > 조적식옹벽 > 세그먼트옹벽	FACILITY_EQUIPMENT	REFERENCE_ONLY	ORIGINAL_REJECT	NOT_APPROVED
383	69fdaaa1641fecd05399bfaa533d10124dfdef1888a99b804ddbbe46427a71bc	보강토옹벽	W_MID	옹벽공사 > 보강토옹벽	FACILITY_EQUIPMENT	REFERENCE_ONLY	ORIGINAL_REJECT	NOT_APPROVED
384	b54236cfc595a6ec0d1c23d3f3a7d87ceebd9976863fa04f65a14a3b6f90c0f2	강재보강옹벽	W_MID	옹벽공사 > 강재보강옹벽	FACILITY_EQUIPMENT	REFERENCE_ONLY	ORIGINAL_REJECT	NOT_APPROVED
385	75b1e86423865309b1ec2b191c662e19ec5b3e34fe24b10b507d5ac91c3a49ba	솔저빔옹벽	W_MID	옹벽공사 > 솔저빔옹벽	FACILITY_EQUIPMENT	REFERENCE_ONLY	ORIGINAL_REJECT	NOT_APPROVED
386	c3fd8a1b2272f1c24fd64787ba22abb7e058b3d1fd78ec09698a7fa7bb9c3af8	목재옹벽	W_MID	옹벽공사 > 목재옹벽	FACILITY_EQUIPMENT	REFERENCE_ONLY	ORIGINAL_REJECT	NOT_APPROVED
3891	468457497b76f3f7017b5b3953c28e03bd1264295c83058362bf39b73927c2fd	가비온옹벽	W_LEAF	옹벽공사 > 기타옹벽공사 > 가비온옹벽	FACILITY_EQUIPMENT	REFERENCE_ONLY	ORIGINAL_REJECT	NOT_APPROVED
3892	e127860026c9ee7aeda2ab8841081187587aecb1f3e9054c8cb08c6282752763	모래마대옹벽	W_LEAF	옹벽공사 > 기타옹벽공사 > 모래마대옹벽	FACILITY_EQUIPMENT	REFERENCE_ONLY	ORIGINAL_REJECT	NOT_APPROVED
4111	90b0432f34f4f1cf8c000876f4d8a528bc880fc4ba6b2bd2096e5bcf9d141512	시멘트벽돌	W_LEAF	조적공사 > 벽돌조적공사 > 시멘트벽돌	MATERIAL_COMPONENT	REFERENCE_ONLY	ORIGINAL_REJECT	NOT_APPROVED
4112	ccd2a38868bf65bde57899ed6770e53b4dbeb6816fdcde04768f10c0743f9809	점토질벽돌	W_LEAF	조적공사 > 벽돌조적공사 > 점토질벽돌	MATERIAL_COMPONENT	REFERENCE_ONLY	ORIGINAL_REJECT	NOT_APPROVED
4113	066d76195befa007ca6ba7effc14beceef46f3a4bdb756c35860a15c47f5cfa5	경량벽돌	W_LEAF	조적공사 > 벽돌조적공사 > 경량벽돌	MATERIAL_COMPONENT	REFERENCE_ONLY	ORIGINAL_REJECT	NOT_APPROVED
4114	bbe171b138098872d58ec43c9010b2bfcce9bc22ccf3e98f93ae0d3bcddef813	고압벽돌	W_LEAF	조적공사 > 벽돌조적공사 > 고압벽돌	MATERIAL_COMPONENT	REFERENCE_ONLY	ORIGINAL_REJECT	NOT_APPROVED
4116	15e7754023107ba48a3a9f639eab2ec8b52b6b72ad7f92775889a7855e9daccf	내화벽돌	W_LEAF	조적공사 > 벽돌조적공사 > 내화벽돌	MATERIAL_COMPONENT	REFERENCE_ONLY	ORIGINAL_REJECT	NOT_APPROVED
4117	f11b8bdf116ac27d6431670af9a097dbe55e217b2459b7275a97dbbd5c6e66b6	내부식성벽돌	W_LEAF	조적공사 > 벽돌조적공사 > 내부식성벽돌	MATERIAL_COMPONENT	REFERENCE_ONLY	ORIGINAL_REJECT	NOT_APPROVED
4118	1f3322a00bf24eb9afa1dd39b9d295ddc59526b01e96a699c02f904736975246	특수벽돌	W_LEAF	조적공사 > 벽돌조적공사 > 특수벽돌	MATERIAL_COMPONENT	REFERENCE_ONLY	ORIGINAL_REJECT	NOT_APPROVED
4131	100b59e3fd2edfacb9c0f0c4e40fd2f71ed6fb7c969ae5cf8937bb6f2bcabdf2	콘크리트블록	W_LEAF	조적공사 > 블록조적공사 > 콘크리트블록	MATERIAL_COMPONENT	REFERENCE_ONLY	ORIGINAL_REJECT	NOT_APPROVED
4132	7c8bcd716b7efb70ccb0f43982a9245cfba7e1ab5e9018049976b7eb2d1b2e4d	점토질블록(테라코타)	W_LEAF	조적공사 > 블록조적공사 > 점토질블록(테라코타)	MATERIAL_COMPONENT	REFERENCE_ONLY	ORIGINAL_REJECT	NOT_APPROVED
4136	dfd8677e550abbe663b3f6fa8667845ddd7b5ce3d3324a6a1cd35fbd31905599	내화블록	W_LEAF	조적공사 > 블록조적공사 > 내화블록	MATERIAL_COMPONENT	REFERENCE_ONLY	ORIGINAL_REJECT	NOT_APPROVED
4137	a43fa18300c302ad9b19577fb6240f985fec68520b4c29a2768b196bca90ac3b	내부식성블록	W_LEAF	조적공사 > 블록조적공사 > 내부식성블록	MATERIAL_COMPONENT	REFERENCE_ONLY	ORIGINAL_REJECT	NOT_APPROVED
4138	a59cc0cd73edd1302670b8e9fe73c3cee8704dd5a9cfa88c12c387f58376e912	특수블록	W_LEAF	조적공사 > 블록조적공사 > 특수블록	MATERIAL_COMPONENT	REFERENCE_ONLY	ORIGINAL_REJECT	NOT_APPROVED
4141	d5b4ccc848e754883c35a9d1b44a42723798268b34e023493962a2dda144b8d4	ALC블록	W_LEAF	조적공사 > ALC공사 > ALC블록	MATERIAL_COMPONENT	REFERENCE_ONLY	ORIGINAL_REJECT	NOT_APPROVED
4142	a7728f32de3fc0ae65a88ebd8435231dd128939b2542ae89f6a65fe1882fe2f3	ALC판넬	W_LEAF	조적공사 > ALC공사 > ALC판넬	MATERIAL_COMPONENT	REFERENCE_ONLY	ORIGINAL_REJECT	NOT_APPROVED
415	488626f2d507676233ff202a0d23972d490a28a803ad926f8fe7f9d333c8ce8b	유리블록	W_MID	조적공사 > 유리블록	MATERIAL_COMPONENT	REFERENCE_ONLY	ORIGINAL_REJECT	NOT_APPROVED
417	2d9e0a9cc53818044f55aa8ce5bd2ce78046e0b9d43cfabd6db0ed1e3e76d56b	조적용조립판넬	W_MID	조적공사 > 조적용조립판넬	MATERIAL_COMPONENT	REFERENCE_ONLY	ORIGINAL_REJECT	NOT_APPROVED
4171	ddeb2e2829fb13948a1c37d77e564f236112884394cfd51875f0da355189f8cf	와이어판넬	W_LEAF	조적공사 > 조적용조립판넬 > 와이어판넬	MATERIAL_COMPONENT	REFERENCE_ONLY	ORIGINAL_REJECT	NOT_APPROVED
4172	3d5f11a10a96b6974dc8d28193f7689e8e696049cda8b7128a629668238b4a43	세라믹판넬	W_LEAF	조적공사 > 조적용조립판넬 > 세라믹판넬	MATERIAL_COMPONENT	REFERENCE_ONLY	ORIGINAL_REJECT	NOT_APPROVED
4173	f6d1609107169282751418db3b64aadf7aa7163fa73bde02e81e08d65a7d7993	테라코타판넬 - - 대․중․소 분류대․중․소 분류	W_LEAF	조적공사 > 조적용조립판넬 > 테라코타판넬 - - 대․중․소 분류대․중․소 분류	MATERIAL_COMPONENT	REFERENCE_ONLY	ORIGINAL_REJECT	NOT_APPROVED
4211	2ad6a2af5ac1f215fa00dbe3250cffa1021f4d6c379555e386747bcc7ec8f328	토대	W_LEAF	목공사 > 가구식구조목공사 > 토대	MATERIAL_COMPONENT	REFERENCE_ONLY	ORIGINAL_REJECT	NOT_APPROVED
4212	e07ddfd629d2db7ef6fa04beb20150f6d3b56dc602c16525e660e0e3d747d880	기둥	W_LEAF	목공사 > 가구식구조목공사 > 기둥	MATERIAL_COMPONENT	REFERENCE_ONLY	ORIGINAL_REJECT	NOT_APPROVED
4213	9064002589a1718d4671ead524f4fb12f6fffdd3c3cbf0b4786139fa2f8723e1	보(도리)	W_LEAF	목공사 > 가구식구조목공사 > 보(도리)	MATERIAL_COMPONENT	REFERENCE_ONLY	ORIGINAL_REJECT	NOT_APPROVED
4214	256151962d7f146a0a63ef44e73ac1bc07335aaf107c04cd26523e6fd47865a5	벽체	W_LEAF	목공사 > 가구식구조목공사 > 벽체	MATERIAL_COMPONENT	REFERENCE_ONLY	ORIGINAL_REJECT	NOT_APPROVED
4215	995067692622c06c6414db649e281418b28aa631b7ae142221d59f1d2dec4d8e	목조마루틀	W_LEAF	목공사 > 가구식구조목공사 > 목조마루틀	MATERIAL_COMPONENT	REFERENCE_ONLY	ORIGINAL_REJECT	NOT_APPROVED
4216	4113b045159c62180ea6e71f45a5de3bff4d27fe736594f198b86a0cf095418a	목조계단	W_LEAF	목공사 > 가구식구조목공사 > 목조계단	MATERIAL_COMPONENT	REFERENCE_ONLY	ORIGINAL_REJECT	NOT_APPROVED
4217	08584d9cead16b444b3bada0110fd037d71884eb8de3ce8a37352284e3be80d4	목조지붕틀	W_LEAF	목공사 > 가구식구조목공사 > 목조지붕틀	MATERIAL_COMPONENT	REFERENCE_ONLY	ORIGINAL_REJECT	NOT_APPROVED
4252	66e4c76072b7daf9ccefeb6025ed03c69aecdc6bcddaeb3f7e11718002335fb4	목조칸막이틀	W_LEAF	목공사 > 마감목공사 > 목조칸막이틀	MATERIAL_COMPONENT	REFERENCE_ONLY	ORIGINAL_REJECT	NOT_APPROVED
4255	a9029be10c27e3bb93d940559d81bc8a1d5e84d5ab6b46c11c4865f4a75c3189	목조반자틀	W_LEAF	목공사 > 마감목공사 > 목조반자틀	MATERIAL_COMPONENT	REFERENCE_ONLY	ORIGINAL_REJECT	NOT_APPROVED
4281	e8249c58ee71ea73b0efd5b8c5411893c49132bcd71d64aceb91a645a9c47232	프레스	W_LEAF	목공사 > 목재처리 > 프레스	FACILITY_EQUIPMENT	REFERENCE_ONLY	ORIGINAL_REJECT	NOT_APPROVED
4313	3433d91ca328c259854c716a20309a1f75e12c6f428b2d41ad47b0e53a46423f	잔디지붕	W_LEAF	지붕및홈통공사 > 자연형지붕잇기 > 잔디지붕	FACILITY_EQUIPMENT	REFERENCE_ONLY	ORIGINAL_REJECT	NOT_APPROVED
4314	005630482e19f7a9be2601010e96dc23f38142f7c5979c8d1cd061bc9fd402fb	수목지붕	W_LEAF	지붕및홈통공사 > 자연형지붕잇기 > 수목지붕	FACILITY_EQUIPMENT	REFERENCE_ONLY	ORIGINAL_REJECT	NOT_APPROVED
4329	968e8996e1e2a8960bc2888afe49098382a3dc9b476fdeae38c49819ee05c376	부속기와	W_LEAF	지붕및홈통공사 > 기와잇기 > 부속기와	MATERIAL_COMPONENT	REFERENCE_ONLY	ORIGINAL_REJECT	NOT_APPROVED
4331	13d79cc19232695a098a90a67c9f73ed0a46c5ce0eff6bf061ba818d4247f1dd	판슬레이트	W_LEAF	지붕및홈통공사 > 슬레이트잇기 > 판슬레이트	MATERIAL_COMPONENT	REFERENCE_ONLY	ORIGINAL_REJECT	NOT_APPROVED
4332	a21eb5b05b3ac5f97b8e6fc73e3931a00fbb3e34307e5be465e408bc7403ff85	골슬레이트	W_LEAF	지붕및홈통공사 > 슬레이트잇기 > 골슬레이트	MATERIAL_COMPONENT	REFERENCE_ONLY	ORIGINAL_REJECT	NOT_APPROVED
435	c96e5e837e8c53712e7efa698aabb11db1bb0b14b36a97fb594b1801bb9c198d	시트지붕	W_MID	지붕및홈통공사 > 시트지붕	CLASSIFICATION	REFERENCE_ONLY	ORIGINAL_REJECT	NOT_APPROVED
4351	0bb075e67458e51b022ae6b385e9f96333d7e4732f7560c3ea3c8d85761b3967	변형아스팔트루핑	W_LEAF	지붕및홈통공사 > 시트지붕 > 변형아스팔트루핑	MATERIAL_COMPONENT	REFERENCE_ONLY	ORIGINAL_REJECT	NOT_APPROVED
4352	19623afa9b97576e9d45e832871d674bf7f27b8b342799453797aea62ce5ed9d	혼성중합체플라스틱시트지붕	W_LEAF	지붕및홈통공사 > 시트지붕 > 혼성중합체플라스틱시트지붕	MATERIAL_COMPONENT	REFERENCE_ONLY	ORIGINAL_REJECT	NOT_APPROVED
4353	ad9cde13f3d7b65b9c8645f3e9e937ee741d551fbb54351bfca9ccb3c449c7b5	에틸렌중합체시트지붕	W_LEAF	지붕및홈통공사 > 시트지붕 > 에틸렌중합체시트지붕	MATERIAL_COMPONENT	REFERENCE_ONLY	ORIGINAL_REJECT	NOT_APPROVED
4354	071bcd830f490cf1e30c20defa28281bf4927fc35410b9140afa963bc2204b60	염화폴리비닐시트지붕	W_LEAF	지붕및홈통공사 > 시트지붕 > 염화폴리비닐시트지붕	MATERIAL_COMPONENT	REFERENCE_ONLY	ORIGINAL_REJECT	NOT_APPROVED
4355	ff8d46eec773bdd14d6068b8b3cc0610e30e62324c40051dd301d256f58a9943	열가소성올레핀시트지붕	W_LEAF	지붕및홈통공사 > 시트지붕 > 열가소성올레핀시트지붕	MATERIAL_COMPONENT	REFERENCE_ONLY	ORIGINAL_REJECT	NOT_APPROVED
4356	19d0544777c5586d6ef1db49cee7ae4567e6020806e3d4927b9582378a86c1c1	니트릴부타디엔폴리머시트지붕	W_LEAF	지붕및홈통공사 > 시트지붕 > 니트릴부타디엔폴리머시트지붕	MATERIAL_COMPONENT	REFERENCE_ONLY	ORIGINAL_REJECT	NOT_APPROVED
436	0ab41593e887c05095b0a265e1c18113a7e0cc56b3f16e028e52b208e2d5304e	지붕판넬	W_MID	지붕및홈통공사 > 지붕판넬	MATERIAL_COMPONENT	REFERENCE_ONLY	ORIGINAL_REJECT	NOT_APPROVED
4361	d1f4aded0aa4bbbe3853c03c6544ff6eef6d67183fa7cd43ee4d791ee38709a2	메탈지붕판넬	W_LEAF	지붕및홈통공사 > 지붕판넬 > 메탈지붕판넬	MATERIAL_COMPONENT	REFERENCE_ONLY	ORIGINAL_REJECT	NOT_APPROVED
4362	730e0e352cef5eca5e64a7f12786d0a4f925392a3ed069e58e338d7632f253e2	목재지붕판넬	W_LEAF	지붕및홈통공사 > 지붕판넬 > 목재지붕판넬	MATERIAL_COMPONENT	REFERENCE_ONLY	ORIGINAL_REJECT	NOT_APPROVED
4363	11a70ab8d95edee95b4c869496454b25739fc395d9a0198282c5c4e0b7641dc3	프라스틱지붕판넬	W_LEAF	지붕및홈통공사 > 지붕판넬 > 프라스틱지붕판넬	MATERIAL_COMPONENT	REFERENCE_ONLY	ORIGINAL_REJECT	NOT_APPROVED
4364	22f059587c0742dff7b85f418d873f70812cbdd215f2fe19d7ee67fe94ad5815	복합지붕판넬	W_LEAF	지붕및홈통공사 > 지붕판넬 > 복합지붕판넬	MATERIAL_COMPONENT	REFERENCE_ONLY	ORIGINAL_REJECT	NOT_APPROVED
4365	c01b7e6104343e1378ea0e731bfefc4adcf85ad6eb9d4af149e083f99bf8e6ce	조립식지붕판넬	W_LEAF	지붕및홈통공사 > 지붕판넬 > 조립식지붕판넬	MATERIAL_COMPONENT	REFERENCE_ONLY	ORIGINAL_REJECT	NOT_APPROVED
4371	a573b13875782b2ceb48388650ae01d7d8acd70a06b5a3b236040620cd1eda1c	처마홈통(Flashing)	W_LEAF	지붕및홈통공사 > 홈통공사및지붕부속공사 > 처마홈통(Flashing)	MATERIAL_COMPONENT	REFERENCE_ONLY	ORIGINAL_REJECT	NOT_APPROVED
4372	ed1c8d5c7dbbd99fe4a4e63405b30fb870ef7223d71f5ddc5c3cc474892bfcf5	지붕거터(Gutter)	W_LEAF	지붕및홈통공사 > 홈통공사및지붕부속공사 > 지붕거터(Gutter)	FACILITY_EQUIPMENT	REFERENCE_ONLY	ORIGINAL_REJECT	NOT_APPROVED
4373	3275456df877d4fc5070115753a33edc5f993dad0820e5f87d5eb0ac8c00fdba	선홈통	W_LEAF	지붕및홈통공사 > 홈통공사및지붕부속공사 > 선홈통	FACILITY_EQUIPMENT	REFERENCE_ONLY	ORIGINAL_REJECT	NOT_APPROVED
4374	689a80519913a4785b1d56eccd021b28466a458efc142b70e0726bcf633eb9ff	선홈통물받이	W_LEAF	지붕및홈통공사 > 홈통공사및지붕부속공사 > 선홈통물받이	FACILITY_EQUIPMENT	REFERENCE_ONLY	ORIGINAL_REJECT	NOT_APPROVED
4375	bbfd2632a33b1a3c894bddbd237d8c0d3ab8a509e1de2e2a0568849cebefc035	지붕트림	W_LEAF	지붕및홈통공사 > 홈통공사및지붕부속공사 > 지붕트림	MATERIAL_COMPONENT	REFERENCE_ONLY	ORIGINAL_REJECT	NOT_APPROVED
4376	461e2d921f5d488751a435993e88158e87af00cf23ec95fd0c0a8f0841869937	루프드레인	W_LEAF	지붕및홈통공사 > 홈통공사및지붕부속공사 > 루프드레인	FACILITY_EQUIPMENT	REFERENCE_ONLY	ORIGINAL_REJECT	NOT_APPROVED
4471	242e3401b358d00901e31bc24de095ab7dc07fe1fce518fc56355ebffda25b72	아크릴계발수제	W_LEAF	방수공사 > 발수제바르기 > 아크릴계발수제	MATERIAL_COMPONENT	REFERENCE_ONLY	ORIGINAL_REJECT	NOT_APPROVED
4472	3f24a66252f5e49ab2b6caafc672715a52ee2b613133a1136343b0cafd862e80	실콘계발수제 - - 대․중․소 분류대․중․소 분류	W_LEAF	방수공사 > 발수제바르기 > 실콘계발수제 - - 대․중․소 분류대․중․소 분류	MATERIAL_COMPONENT	REFERENCE_ONLY	ORIGINAL_REJECT	NOT_APPROVED
4473	1a9f9c7eeb8ca44472079ca790df402c80de19bf795d79520a260f761a60df96	스테아르산염발수제	W_LEAF	방수공사 > 발수제바르기 > 스테아르산염발수제	MATERIAL_COMPONENT	REFERENCE_ONLY	ORIGINAL_REJECT	NOT_APPROVED
4474	2803a348c40b4fa6e9f6363d491609a791840e59ff1b4641c90ae09c6da8d078	규산염발수제	W_LEAF	방수공사 > 발수제바르기 > 규산염발수제	MATERIAL_COMPONENT	REFERENCE_ONLY	ORIGINAL_REJECT	NOT_APPROVED
448	b15ebf88e5937445d8e2cfec0101f4af6264a04593e56d39149d6582808b7988	방수보호재	W_MID	방수공사 > 방수보호재	MATERIAL_COMPONENT	REFERENCE_ONLY	ORIGINAL_REJECT	NOT_APPROVED
4481	866892608efc5339b1fc3207320bec35689489a71fadef2367ff33e2ee6ea7e5	시멘트보호층	W_LEAF	방수공사 > 방수보호재 > 시멘트보호층	MATERIAL_COMPONENT	REFERENCE_ONLY	ORIGINAL_REJECT	NOT_APPROVED
4482	6ebbc40bdd6b8a20dad7280355fcd61c2a0f0924f7c2faec97936aef75dc085e	섬유보호층	W_LEAF	방수공사 > 방수보호재 > 섬유보호층	MATERIAL_COMPONENT	REFERENCE_ONLY	ORIGINAL_REJECT	NOT_APPROVED
4483	821f56670a7f1743781edd3af83081c973bef0faef44b16bcecf6333337b0980	판형보호층	W_LEAF	방수공사 > 방수보호재 > 판형보호층	MATERIAL_COMPONENT	REFERENCE_ONLY	ORIGINAL_REJECT	NOT_APPROVED
4484	3beeb393d7ef86552e75ae9e0fc03bf20f5fb76a149ea9d45ab16d4213116cb4	골재보호층	W_LEAF	방수공사 > 방수보호재 > 골재보호층	MATERIAL_COMPONENT	REFERENCE_ONLY	ORIGINAL_REJECT	NOT_APPROVED
4611	3fa23330404851de1a7f6ff4d5dc3f79fdbdd54271e412007a5debf979565e0e	콘크리트프레임	W_LEAF	외부판재공사 > 커튼월프레임및앵커설치 > 콘크리트프레임	MATERIAL_COMPONENT	REFERENCE_ONLY	ORIGINAL_REJECT	NOT_APPROVED
4612	7ca904a033c0df00da493c114038d537f77b7e0df137d4efa26ecdd384044f76	철재프레임	W_LEAF	외부판재공사 > 커튼월프레임및앵커설치 > 철재프레임	MATERIAL_COMPONENT	REFERENCE_ONLY	ORIGINAL_REJECT	NOT_APPROVED
4613	82bc2db9036a33e9ebe7e000d6ee7f466ce1bd7bbb108834a3e8b761388cdb1c	알루미늄프레임	W_LEAF	외부판재공사 > 커튼월프레임및앵커설치 > 알루미늄프레임	MATERIAL_COMPONENT	REFERENCE_ONLY	ORIGINAL_REJECT	NOT_APPROVED
4614	d934ce13446cfb4e731c2cb1c20b6564c94080d7fff6b97747a81b79138ff35a	스테인레스스틸프레임	W_LEAF	외부판재공사 > 커튼월프레임및앵커설치 > 스테인레스스틸프레임	MATERIAL_COMPONENT	REFERENCE_ONLY	ORIGINAL_REJECT	NOT_APPROVED
4615	88d28c3f93f3dda1048e08426e24f73d36edced2630942769c43f33077a6c451	청동프레임	W_LEAF	외부판재공사 > 커튼월프레임및앵커설치 > 청동프레임	MATERIAL_COMPONENT	REFERENCE_ONLY	ORIGINAL_REJECT	NOT_APPROVED
462	eba6e95794649f6c23e3fb5f853acff38e91ba6afbfc17ce1fb18af722957f76	콘크리트계판넬	W_MID	외부판재공사 > 콘크리트계판넬	MATERIAL_COMPONENT	REFERENCE_ONLY	ORIGINAL_REJECT	NOT_APPROVED
4621	bedea52ff7c8c3f2d2ca93e6e844c6455c5bf4a0b5e1a5ec94d098341b08dc69	콘크리트PC판넬	W_LEAF	외부판재공사 > 콘크리트계판넬 > 콘크리트PC판넬	MATERIAL_COMPONENT	REFERENCE_ONLY	ORIGINAL_REJECT	NOT_APPROVED
4622	1f12abc11a12d2de09ac2fe3e8d51873f028117c532ce2a0a6e3b5101639c058	아스베스토스판넬	W_LEAF	외부판재공사 > 콘크리트계판넬 > 아스베스토스판넬	MATERIAL_COMPONENT	REFERENCE_ONLY	ORIGINAL_REJECT	NOT_APPROVED
4623	58beb1d90833818c97875cc4bb6d2c102db32a1465380a4d81a5e4271939c56c	섬유보강콘크리트판넬	W_LEAF	외부판재공사 > 콘크리트계판넬 > 섬유보강콘크리트판넬	MATERIAL_COMPONENT	REFERENCE_ONLY	ORIGINAL_REJECT	NOT_APPROVED
4624	9142821810cdb7c56940aac75338d285fa1bf19a88ed5fa180373b7c79c0c2cd	골재마감콘크리트판넬	W_LEAF	외부판재공사 > 콘크리트계판넬 > 골재마감콘크리트판넬	MATERIAL_COMPONENT	REFERENCE_ONLY	ORIGINAL_REJECT	NOT_APPROVED
463	9aad0c98843c7ef259e6adf25a18386c9a1abf3e122ee91549a383e93a4e1485	철재판넬	W_MID	외부판재공사 > 철재판넬	MATERIAL_COMPONENT	REFERENCE_ONLY	ORIGINAL_REJECT	NOT_APPROVED
4631	f3722f8174bd05b0ea2954f5b6737e2b1b0be684f833d954459c7dde9677702f	에폭시코팅철재판넬	W_LEAF	외부판재공사 > 철재판넬 > 에폭시코팅철재판넬	MATERIAL_COMPONENT	REFERENCE_ONLY	ORIGINAL_REJECT	NOT_APPROVED
4632	dcf2307c8af783fecec2b7210e1fe173baab3b0d6cbb8cbdf03bca3b312eff12	법랑코팅철재판넬	W_LEAF	외부판재공사 > 철재판넬 > 법랑코팅철재판넬	MATERIAL_COMPONENT	REFERENCE_ONLY	ORIGINAL_REJECT	NOT_APPROVED
464	ca591209da9669f13b591a2c70d64a257b5f7c65b11dc2541e21d656ecf16056	금속판넬	W_MID	외부판재공사 > 금속판넬	MATERIAL_COMPONENT	REFERENCE_ONLY	ORIGINAL_REJECT	NOT_APPROVED
4641	f731c906b1f3431178f06144a2a55b43c5df201729e9cae5967cf047b506e7ec	알루미늄판넬	W_LEAF	외부판재공사 > 금속판넬 > 알루미늄판넬	MATERIAL_COMPONENT	REFERENCE_ONLY	ORIGINAL_REJECT	NOT_APPROVED
4642	45631fff24fa6c01b432694b769171fbcb0df32e4305897a27325a23e1eaa677	스테인레스스틸판넬	W_LEAF	외부판재공사 > 금속판넬 > 스테인레스스틸판넬	MATERIAL_COMPONENT	REFERENCE_ONLY	ORIGINAL_REJECT	NOT_APPROVED
4643	99124c341a7251a9bd80959e71f6d07fcb013f0cc08d3385d5efa642dfdab270	동판넬	W_LEAF	외부판재공사 > 금속판넬 > 동판넬	MATERIAL_COMPONENT	REFERENCE_ONLY	ORIGINAL_REJECT	NOT_APPROVED
465	01be3cc07e9e3e1139a6be00b0a2194b07b46e04c6c99d79888273aba425595e	석재판넬	W_MID	외부판재공사 > 석재판넬	MATERIAL_COMPONENT	REFERENCE_ONLY	ORIGINAL_REJECT	NOT_APPROVED
4651	8533057a1eb388a692b141c2b565ecc01dc65b4a7057f55ca205244f98228c8d	화강석판넬	W_LEAF	외부판재공사 > 석재판넬 > 화강석판넬	MATERIAL_COMPONENT	REFERENCE_ONLY	ORIGINAL_REJECT	NOT_APPROVED
4652	8d86e2010e38d2c10dce79672951d5608ac6d085cb7b2671a18276595e223a8c	대리석판넬	W_LEAF	외부판재공사 > 석재판넬 > 대리석판넬	MATERIAL_COMPONENT	REFERENCE_ONLY	ORIGINAL_REJECT	NOT_APPROVED
4653	e14a359c3b27bb23133339b3c97a7b3f688c3cb2fa5a40c6cd96f1cbf007a64a	사암판넬	W_LEAF	외부판재공사 > 석재판넬 > 사암판넬	MATERIAL_COMPONENT	REFERENCE_ONLY	ORIGINAL_REJECT	NOT_APPROVED
466	d97ce9ecd20ddfc80eb274a437d174e268b556a88b303bec50c01a925ab35300	유리판넬	W_MID	외부판재공사 > 유리판넬	MATERIAL_COMPONENT	REFERENCE_ONLY	ORIGINAL_REJECT	NOT_APPROVED
4661	cbf9d7a5c5075dabd862c2b4772c1657b849324a7c66985dc48781d73beea713	구조유리커튼월	W_LEAF	외부판재공사 > 유리판넬 > 구조유리커튼월	MATERIAL_COMPONENT	REFERENCE_ONLY	ORIGINAL_REJECT	NOT_APPROVED
4662	852a3b9bbefc73ab2eb4815e8ef5571628735f9ddf34b76322c82e1a0e1139e3	강화유리판넬	W_LEAF	외부판재공사 > 유리판넬 > 강화유리판넬	MATERIAL_COMPONENT	REFERENCE_ONLY	ORIGINAL_REJECT	NOT_APPROVED
467	8c9ece4531b9c24b6fce284e980120a57fffd790acc9e20516cc5dfa2ec5e828	합성수지판넬	W_MID	외부판재공사 > 합성수지판넬	MATERIAL_COMPONENT	REFERENCE_ONLY	ORIGINAL_REJECT	NOT_APPROVED
4671	1c865c7caac006a11b86782de4307b081db4b504ef2b59e24cf2e14d4f495d94	FRP판넬	W_LEAF	외부판재공사 > 합성수지판넬 > FRP판넬	MATERIAL_COMPONENT	REFERENCE_ONLY	ORIGINAL_REJECT	NOT_APPROVED
4672	5273c9b377ba1144a954121a8e4d6114c35ef2d3009a6cf4912ffa4445d70b43	화이버글라스샌드위치판넬	W_LEAF	외부판재공사 > 합성수지판넬 > 화이버글라스샌드위치판넬	MATERIAL_COMPONENT	REFERENCE_ONLY	ORIGINAL_REJECT	NOT_APPROVED
4673	443c4b02a831e9ab4590a8148967b9f4fbd305337c4846ce6b069c7553a7ba22	폴리카보나이트판넬	W_LEAF	외부판재공사 > 합성수지판넬 > 폴리카보나이트판넬	MATERIAL_COMPONENT	REFERENCE_ONLY	ORIGINAL_REJECT	NOT_APPROVED
468	14c1e52637e590f2983f60275e55584c682b4a0581c2e792c039a41dd955aac7	대형자기 도기타일판넬	W_MID	외부판재공사 > 대형자기 도기타일판넬	MATERIAL_COMPONENT	REFERENCE_ONLY	ORIGINAL_REJECT	NOT_APPROVED
4681	2fc9abeb53887a74fdefc1484ccd95167ff0df6c0ff194fbd7a31dcc8da06589	대형자기타일판넬	W_LEAF	외부판재공사 > 대형자기 도기타일판넬 > 대형자기타일판넬	MATERIAL_COMPONENT	REFERENCE_ONLY	ORIGINAL_REJECT	NOT_APPROVED
4682	a9e24b4cb24a976daaa98d9389a651fa3d0921ca01ac90dca51a8002aa63e602	대형도기타일판넬	W_LEAF	외부판재공사 > 대형자기 도기타일판넬 > 대형도기타일판넬	MATERIAL_COMPONENT	REFERENCE_ONLY	ORIGINAL_REJECT	NOT_APPROVED
474	2225099a2047d514c7b47b79ada6c511e545188779e2cf405cb04ea20d2e8302	금속계단	W_MID	금속공사 > 금속계단	FACILITY_EQUIPMENT	REFERENCE_ONLY	ORIGINAL_REJECT	NOT_APPROVED
4741	68d5105c440c3bf5faf9178bb9a2207ad7ecdd4c704ee17fe67aaddcda51d80d	스파이럴금속계단	W_LEAF	금속공사 > 금속계단 > 스파이럴금속계단	FACILITY_EQUIPMENT	REFERENCE_ONLY	ORIGINAL_REJECT	NOT_APPROVED
4742	5f34b2ee427339780a305cbb1206124d879352d5e7639a77b0367a9018ec3f6a	직선금속계단	W_LEAF	금속공사 > 금속계단 > 직선금속계단	FACILITY_EQUIPMENT	REFERENCE_ONLY	ORIGINAL_REJECT	NOT_APPROVED
4743	b08a412fc82862cdde97aa89459a1c70d0fb8d141c094632cac961c9af1309ac	나선 원형금속계단	W_LEAF	금속공사 > 금속계단 > 나선 원형금속계단	FACILITY_EQUIPMENT	REFERENCE_ONLY	ORIGINAL_REJECT	NOT_APPROVED
4746	f9bca891d3a504fb5576addd7fdabf85fd73bee48f77709d4d4a7e181c10e6e9	금속난간	W_LEAF	금속공사 > 금속계단 > 금속난간	FACILITY_EQUIPMENT	REFERENCE_ONLY	ORIGINAL_REJECT	NOT_APPROVED
4747	5034cec92adc3fa28b26d3fd19c877603883afe7564cf066a348d559effa5f8d	금속계단발판(트레드)	W_LEAF	금속공사 > 금속계단 > 금속계단발판(트레드)	FACILITY_EQUIPMENT	REFERENCE_ONLY	ORIGINAL_REJECT	NOT_APPROVED
4748	ee7a99e99206d51316b064205fc7063c1ed5b9ac3ab9e3c118e764fe8a31716c	금속계단넌스립	W_LEAF	금속공사 > 금속계단 > 금속계단넌스립	FACILITY_EQUIPMENT	REFERENCE_ONLY	ORIGINAL_REJECT	NOT_APPROVED
4753	43f9bc11ae06191a85a3b41cc96a58f1f4fcbb065b80eb82220e878ed447444c	금속기둥커버	W_LEAF	금속공사 > 금속마감 > 금속기둥커버	MATERIAL_COMPONENT	REFERENCE_ONLY	ORIGINAL_REJECT	NOT_APPROVED
4754	ebdba3174cc7a4da4377f58840018011f1db6c979c4aa7c7ce44cb7311186534	펜코일(Fancoil)덮개	W_LEAF	금속공사 > 금속마감 > 펜코일(Fancoil)덮개	MATERIAL_COMPONENT	REFERENCE_ONLY	ORIGINAL_REJECT	NOT_APPROVED
4771	635b974cabd7279906c0a31804cbb4725f2f5442bc95f5cbc2587ffd47680bd1	금속사다리	W_LEAF	금속공사 > 금속부속물설치 > 금속사다리	FACILITY_EQUIPMENT	REFERENCE_ONLY	ORIGINAL_REJECT	NOT_APPROVED
4772	024f28d454c06c791ae007f533a34472e20cf6886108563c59bc8ec86597b790	금속통로	W_LEAF	금속공사 > 금속부속물설치 > 금속통로	FACILITY_EQUIPMENT	REFERENCE_ONLY	ORIGINAL_REJECT	NOT_APPROVED
4773	3e2f4b4faa62601f4125ac67f4e84d17cf83178167f7aa7f656e5bdfff321e33	금속지지물	W_LEAF	금속공사 > 금속부속물설치 > 금속지지물	MATERIAL_COMPONENT	REFERENCE_ONLY	ORIGINAL_REJECT	NOT_APPROVED
4774	718a7d48c3a9ef2ceee3897f8219cce4ccb9c736783b591b40933e213550a4f9	개구부금속덮개	W_LEAF	금속공사 > 금속부속물설치 > 개구부금속덮개	MATERIAL_COMPONENT	REFERENCE_ONLY	ORIGINAL_REJECT	NOT_APPROVED
4781	c3e3b78773800e36f5378b36fdff69a486b91446d2bf4446b02babadb107f1c1	간단구조	W_LEAF	금속공사 > 건축잡철물제작설치 > 간단구조	CLASSIFICATION	REFERENCE_ONLY	ORIGINAL_REJECT	NOT_APPROVED
4782	358e5acfe9150df4f90cb1b3cbea5009dbdacb55655664ac8bb086f4ce76c8e2	보통구조	W_LEAF	금속공사 > 건축잡철물제작설치 > 보통구조	CLASSIFICATION	REFERENCE_ONLY	ORIGINAL_REJECT	NOT_APPROVED
4783	c0b4b2e3c056d5ba4d68a84ad48639e3c4335c3ecefa1e9f5963ca210462c5a7	복잡구조	W_LEAF	금속공사 > 건축잡철물제작설치 > 복잡구조	CLASSIFICATION	REFERENCE_ONLY	ORIGINAL_REJECT	NOT_APPROVED
481	4f667612a03565725020cb64919cefbc76b4dcb8c04a93f01536bc3132a14d8e	문	W_MID	창호공사 > 문	FACILITY_EQUIPMENT	REFERENCE_ONLY	ORIGINAL_REJECT	NOT_APPROVED
4811	b0c69d967733c5a960371670c5f72d62cb2278a3967a3b937d74078054899714	문틀	W_LEAF	창호공사 > 문 > 문틀	MATERIAL_COMPONENT	REFERENCE_ONLY	ORIGINAL_REJECT	NOT_APPROVED
4813	d38c298e09a77a6c422824e60400557c7e4ff34c13940e55341c4a68ae08caf6	문	W_LEAF	창호공사 > 문 > 문	FACILITY_EQUIPMENT	REFERENCE_ONLY	ORIGINAL_REJECT	NOT_APPROVED
4815	d989728defa5e8de57c6f73071f54232ffc8c0d2c342a82342d8d7155d3ba93f	특수문	W_LEAF	창호공사 > 문 > 특수문	FACILITY_EQUIPMENT	REFERENCE_ONLY	ORIGINAL_REJECT	NOT_APPROVED
482	871e1ac6f662ec402f3aebb868bdce987c55639288ab7f70baa9cf0803d38333	창문	W_MID	창호공사 > 창문	FACILITY_EQUIPMENT	REFERENCE_ONLY	ORIGINAL_REJECT	NOT_APPROVED
4821	cb2045be48f962e6084a3a0fbff6ed9141317f0321c06c0bb77da5e1a2ae4ca7	창틀	W_LEAF	창호공사 > 창문 > 창틀	MATERIAL_COMPONENT	REFERENCE_ONLY	ORIGINAL_REJECT	NOT_APPROVED
4823	9352a33561abf4f0b82fc89dfb44d519f02eeb211741dbb4fe12c3eb3680f451	창문 - - 대․중․소 분류대․중․소 분류	W_LEAF	창호공사 > 창문 > 창문 - - 대․중․소 분류대․중․소 분류	FACILITY_EQUIPMENT	REFERENCE_ONLY	ORIGINAL_REJECT	NOT_APPROVED
4825	9b44bc32cf578c84e040db2bfc415b878c5d4477de34843ade7a38d98e150822	특수창문	W_LEAF	창호공사 > 창문 > 특수창문	FACILITY_EQUIPMENT	REFERENCE_ONLY	ORIGINAL_REJECT	NOT_APPROVED
483	a707731249b7f45ab38e5347abb58a6c5560d0dbee15000e45071de2a6b4668e	셔터	W_MID	창호공사 > 셔터	FACILITY_EQUIPMENT	REFERENCE_ONLY	ORIGINAL_REJECT	NOT_APPROVED
4831	12fe82ad5290a6ae12f02fc87b5a57b83457f9f6e04b7c8990bff609a5e5fa62	철재셔터	W_LEAF	창호공사 > 셔터 > 철재셔터	FACILITY_EQUIPMENT	REFERENCE_ONLY	ORIGINAL_REJECT	NOT_APPROVED
484	db58d3ad19083716671c588de0f3b0891d6337854f2d01f9aa7a4c091bc7d4f1	창호철물	W_MID	창호공사 > 창호철물	MATERIAL_COMPONENT	REFERENCE_ONLY	ORIGINAL_REJECT	NOT_APPROVED
4841	f1568e2d8140659b646cac51edfdd55fa1a1d909d87499a98d5309d2f12f8297	경첩 힌지	W_LEAF	창호공사 > 창호철물 > 경첩 힌지	MATERIAL_COMPONENT	REFERENCE_ONLY	ORIGINAL_REJECT	NOT_APPROVED
4842	557227e65ea233d923e6c2fb7c698cbec841c299f593b2d72def37935656d680	자물쇠	W_LEAF	창호공사 > 창호철물 > 자물쇠	MATERIAL_COMPONENT	REFERENCE_ONLY	ORIGINAL_REJECT	NOT_APPROVED
4843	341ac950c068def0dd36d995f2d306d710b7832709558a8baf1e2dec7b04c3b6	개폐조절기	W_LEAF	창호공사 > 창호철물 > 개폐조절기	MATERIAL_COMPONENT	REFERENCE_ONLY	ORIGINAL_REJECT	NOT_APPROVED
4844	92a32aea6694e85e35e80958224b4286f1ab393627c036a4324a2772817ac4e5	손잡이	W_LEAF	창호공사 > 창호철물 > 손잡이	MATERIAL_COMPONENT	REFERENCE_ONLY	ORIGINAL_REJECT	NOT_APPROVED
4848	9251bc906835676a933fbb4bb05b411bb0ea46141510e059443726e7e32c3548	특수창호철물	W_LEAF	창호공사 > 창호철물 > 특수창호철물	MATERIAL_COMPONENT	REFERENCE_ONLY	ORIGINAL_REJECT	NOT_APPROVED
4861	d48952ebc942f86c3a213e55d2b797f0e418255b3cab3391b028ac136a987895	판유리(플로팅유리)	W_LEAF	창호공사 > 유리공사 > 판유리(플로팅유리)	MATERIAL_COMPONENT	REFERENCE_ONLY	ORIGINAL_REJECT	NOT_APPROVED
4862	eed966ef84d23efc7cf6c8b5530591048cdb099845f1e69b12a88d0e27af4de5	복층유리	W_LEAF	창호공사 > 유리공사 > 복층유리	MATERIAL_COMPONENT	REFERENCE_ONLY	ORIGINAL_REJECT	NOT_APPROVED
4865	97cf15649d59366d72cc869ae4813a5300d868cadcdb24b3105781775d124d79	특수유리	W_LEAF	창호공사 > 유리공사 > 특수유리	MATERIAL_COMPONENT	REFERENCE_ONLY	ORIGINAL_REJECT	NOT_APPROVED
4866	d55a9bf5177f41261fc9d875225a6ceb45dc11aa63563596f787d0e4a268e142	가공유리	W_LEAF	창호공사 > 유리공사 > 가공유리	MATERIAL_COMPONENT	REFERENCE_ONLY	ORIGINAL_REJECT	NOT_APPROVED
4872	fa746930d630decc856d46a17692f1dbc2f2cf2a93bb6db5f64346feb34e403b	가스켓	W_LEAF	창호공사 > 유리부속공사 > 가스켓	MATERIAL_COMPONENT	REFERENCE_ONLY	ORIGINAL_REJECT	NOT_APPROVED
4873	80bd41e3946eea832659981ada0f97303a2e68ff8ae584324312fa9094d5b49b	유리구조고정철물	W_LEAF	창호공사 > 유리부속공사 > 유리구조고정철물	MATERIAL_COMPONENT	REFERENCE_ONLY	ORIGINAL_REJECT	NOT_APPROVED
5111	e76626596b6dc79cef4f5674bb2f6c62c65107491679065437a04f5949160d74	시멘트모르터	W_LEAF	미장공사 > 시멘트모르터미장 > 시멘트모르터	MATERIAL_COMPONENT	REFERENCE_ONLY	ORIGINAL_REJECT	NOT_APPROVED
5112	39ee27b8fa653063064cef93ce74848465f951be7cc19eb3c36738bcd11a7960	단열모르터	W_LEAF	미장공사 > 시멘트모르터미장 > 단열모르터	MATERIAL_COMPONENT	REFERENCE_ONLY	ORIGINAL_REJECT	NOT_APPROVED
5113	11f565cac73b2bb8bdc351de765fbde5a48462b825acf9c00e30035dda805c9c	내화모르터	W_LEAF	미장공사 > 시멘트모르터미장 > 내화모르터	MATERIAL_COMPONENT	REFERENCE_ONLY	ORIGINAL_REJECT	NOT_APPROVED
5114	f8a25b0968b14e4cd328a4d6b856f02c3d02bd4687a1ce44d0e4eb36d62ac284	내화학성모르터	W_LEAF	미장공사 > 시멘트모르터미장 > 내화학성모르터	MATERIAL_COMPONENT	REFERENCE_ONLY	ORIGINAL_REJECT	NOT_APPROVED
5115	f4f47ffc09bdece265324c36fa081d712e4d64216648a1d0a8192e98af6b0bdf	프리믹스드모르터	W_LEAF	미장공사 > 시멘트모르터미장 > 프리믹스드모르터	MATERIAL_COMPONENT	REFERENCE_ONLY	ORIGINAL_REJECT	NOT_APPROVED
5118	fb4b26ba3f30b2917a770d8c2793cf72be865bfa17dde9c54120ef1904e0fff3	특수시멘트모르터	W_LEAF	미장공사 > 시멘트모르터미장 > 특수시멘트모르터	MATERIAL_COMPONENT	REFERENCE_ONLY	ORIGINAL_REJECT	NOT_APPROVED
5121	32a8328ce8d6324a488eb04776fc7ae9d27128f9cc4bb93dc7862192dd4eb160	셀프레벨링모르터	W_LEAF	미장공사 > 합성수지혼화모르터미장 > 셀프레벨링모르터	MATERIAL_COMPONENT	REFERENCE_ONLY	ORIGINAL_REJECT	NOT_APPROVED
5122	79ca80171a059ba596fc80a4ef0216d3b95e3221a935f28abdb822ae73fea1f7	에폭시모르터	W_LEAF	미장공사 > 합성수지혼화모르터미장 > 에폭시모르터	MATERIAL_COMPONENT	REFERENCE_ONLY	ORIGINAL_REJECT	NOT_APPROVED
513	4a2afc9181d8d894bd79141b072185f59adff66f6e0a8aab34d9f33ce05c52a5	플라스터	W_MID	미장공사 > 플라스터	MATERIAL_COMPONENT	REFERENCE_ONLY	ORIGINAL_REJECT	NOT_APPROVED
5133	af64442f8f876c02d19ff3743289d5e1d14ac42a63fcd60d1c58e7a85f90ac66	돌로마이트플라스터	W_LEAF	미장공사 > 플라스터 > 돌로마이트플라스터	MATERIAL_COMPONENT	REFERENCE_ONLY	ORIGINAL_REJECT	NOT_APPROVED
5134	3dd313ffceafab6a8d53957e6ce2b635adee4ee6652362f5c03decb29dfd4b0d	순석고플라스터	W_LEAF	미장공사 > 플라스터 > 순석고플라스터	MATERIAL_COMPONENT	REFERENCE_ONLY	ORIGINAL_REJECT	NOT_APPROVED
5135	8ca625c1d2526a90ee14eb779b612c638c268c4370f55f305af05f3cd14026eb	배합석고플라스터	W_LEAF	미장공사 > 플라스터 > 배합석고플라스터	MATERIAL_COMPONENT	REFERENCE_ONLY	ORIGINAL_REJECT	NOT_APPROVED
5136	12a42a4d48097a4ec2364ea247abdb00e91b43ad014efcf10a88e1473ee4804d	무수석고플라스터	W_LEAF	미장공사 > 플라스터 > 무수석고플라스터	MATERIAL_COMPONENT	REFERENCE_ONLY	ORIGINAL_REJECT	NOT_APPROVED
5151	9b85f90f6faa6f925796082d4d70d94d240b5c34fb613999ea264619da054d99	온돌방음층	W_LEAF	미장공사 > 온돌바닥공사 > 온돌방음층	MATERIAL_COMPONENT	REFERENCE_ONLY	ORIGINAL_REJECT	NOT_APPROVED
5152	5a38180c5f521a1b0f8edc021fe1e75eb593894e28ee941b5f5bfd285b977a4c	온돌보온층	W_LEAF	미장공사 > 온돌바닥공사 > 온돌보온층	MATERIAL_COMPONENT	REFERENCE_ONLY	ORIGINAL_REJECT	NOT_APPROVED
5153	0349a9941f3ee115863432246f3b5280ef40ac66d9b11794a84659c9839cd3f6	온돌단열층	W_LEAF	미장공사 > 온돌바닥공사 > 온돌단열층	MATERIAL_COMPONENT	REFERENCE_ONLY	ORIGINAL_REJECT	NOT_APPROVED
5156	bc647b758d883da854e888b57aa4a07ca2fe994a708712f150a6fa45db752002	바닥판넬히팅시스템	W_LEAF	미장공사 > 온돌바닥공사 > 바닥판넬히팅시스템	FACILITY_EQUIPMENT	REFERENCE_ONLY	ORIGINAL_REJECT	NOT_APPROVED
5412	876e8cbda251ad9ecaa39cb35e83807f79db6037d5b6dbfd6da786ea58ba854e	합성수지쉬트	W_LEAF	수장공사 > 바닥깔기 > 합성수지쉬트	MATERIAL_COMPONENT	REFERENCE_ONLY	ORIGINAL_REJECT	NOT_APPROVED
5413	a214f5ff323ba42c4565d65b63ea2274994738f2faab0c6190d2c242cd60d45f	합성수지판재	W_LEAF	수장공사 > 바닥깔기 > 합성수지판재	MATERIAL_COMPONENT	REFERENCE_ONLY	ORIGINAL_REJECT	NOT_APPROVED
5416	fd59c3f27cfd69c43cb42a37b37f28c13b4b2fafcc3f630cb870c1ac5b9a8150	이중바닥판(Accessfloor)	W_LEAF	수장공사 > 바닥깔기 > 이중바닥판(Accessfloor)	MATERIAL_COMPONENT	REFERENCE_ONLY	ORIGINAL_REJECT	NOT_APPROVED
5418	c37ece443b6c268df3cc5beb5309c868be940de91cf08c80409a386fec4939de	돗자리 다다미	W_LEAF	수장공사 > 바닥깔기 > 돗자리 다다미	MATERIAL_COMPONENT	REFERENCE_ONLY	ORIGINAL_REJECT	NOT_APPROVED
5421	0b7168a65f368a1ea951f6481e24daedb2183912fe46849dfa1d3e2359ccf0db	시멘트계판재칸막이	W_LEAF	수장공사 > 칸막이공사 > 시멘트계판재칸막이	FACILITY_EQUIPMENT	REFERENCE_ONLY	ORIGINAL_REJECT	NOT_APPROVED
5422	20071849cd8ac628c9498d31c236eb4a181f571bd68d38b4071005b0cf25637b	철재칸막이	W_LEAF	수장공사 > 칸막이공사 > 철재칸막이	FACILITY_EQUIPMENT	REFERENCE_ONLY	ORIGINAL_REJECT	NOT_APPROVED
5423	f428eeb75f994c4327ea6c157ea81e1b83d20c300b37633cac4d36e23ad9ba7e	합성수지판재칸막이	W_LEAF	수장공사 > 칸막이공사 > 합성수지판재칸막이	FACILITY_EQUIPMENT	REFERENCE_ONLY	ORIGINAL_REJECT	NOT_APPROVED
5424	4c5d8664fb33346f37d0f80eefd2853491bb564d6195ca5e57a2d600e2adab0e	파티클보드칸막이	W_LEAF	수장공사 > 칸막이공사 > 파티클보드칸막이	FACILITY_EQUIPMENT	REFERENCE_ONLY	ORIGINAL_REJECT	NOT_APPROVED
5517	dde89f75f720ccb274994d7d71a933d73a4eeef04380b4b65f47870f7ca45f66	오일스테인	W_LEAF	도장공사 > 바탕처리 > 오일스테인	MATERIAL_COMPONENT	REFERENCE_ONLY	ORIGINAL_REJECT	NOT_APPROVED
552	cadbf2c7149bc07b27e9c1cb45256ddfb31db4b762dedf11204e519dbab46691	방청성페인트	W_MID	도장공사 > 방청성페인트	MATERIAL_COMPONENT	REFERENCE_ONLY	ORIGINAL_REJECT	NOT_APPROVED
5521	d2d96668b0200f1db650883ed4671b2a42cc6e9eedbdc0ce64b72ec291b2750c	광명단	W_LEAF	도장공사 > 방청성페인트 > 광명단	MATERIAL_COMPONENT	REFERENCE_ONLY	ORIGINAL_REJECT	NOT_APPROVED
5522	3b765a03a964f7720ec1ce795ebd8bbc191b726a072a2e8e5a1fdd939c2453fb	산화철방청페인트 - - 대․중․소 분류대․중․소 분류	W_LEAF	도장공사 > 방청성페인트 > 산화철방청페인트 - - 대․중․소 분류대․중․소 분류	MATERIAL_COMPONENT	REFERENCE_ONLY	ORIGINAL_REJECT	NOT_APPROVED
5523	5fb70f37cd3b163bb96acc57a2438a5e86a572ae9e092ef9a1832a1eba0fd576	징크로메이트방청페인트	W_LEAF	도장공사 > 방청성페인트 > 징크로메이트방청페인트	MATERIAL_COMPONENT	REFERENCE_ONLY	ORIGINAL_REJECT	NOT_APPROVED
5524	13a0416e1607ba9aed53b21100e28f46daa8dc268f31fe59a842df0f3fb5d7ad	연시안아미드방청페인트	W_LEAF	도장공사 > 방청성페인트 > 연시안아미드방청페인트	MATERIAL_COMPONENT	REFERENCE_ONLY	ORIGINAL_REJECT	NOT_APPROVED
5525	b673f46651bac209dd0859a18ca380a7960add245c4125658f9689e76ba8c570	알루미늄페인트	W_LEAF	도장공사 > 방청성페인트 > 알루미늄페인트	MATERIAL_COMPONENT	REFERENCE_ONLY	ORIGINAL_REJECT	NOT_APPROVED
5526	e84b92fbf6ec64e990b9680a47cc5a84314428013343acbbef2062c9f6f068d1	그라파이트페인트	W_LEAF	도장공사 > 방청성페인트 > 그라파이트페인트	MATERIAL_COMPONENT	REFERENCE_ONLY	ORIGINAL_REJECT	NOT_APPROVED
5527	0de1691268fce0b8d05ba62658878714d5f62a4fc479bff8ee7adfd149a55f95	역청질페인트	W_LEAF	도장공사 > 방청성페인트 > 역청질페인트	MATERIAL_COMPONENT	REFERENCE_ONLY	ORIGINAL_REJECT	NOT_APPROVED
5528	aa7d2a5415a7f575d2d343b0ad2c2d0b2408fef78877e2cf5acce4b208fa9493	이온교환수지페인트	W_LEAF	도장공사 > 방청성페인트 > 이온교환수지페인트	MATERIAL_COMPONENT	REFERENCE_ONLY	ORIGINAL_REJECT	NOT_APPROVED
5529	f4d9f4163afc5fdc03242f1b5f609eb87f157a3dc5be5c38a32d4a49a86bd4e9	기타방청성페인트	W_LEAF	도장공사 > 방청성페인트 > 기타방청성페인트	MATERIAL_COMPONENT	REFERENCE_ONLY	ORIGINAL_REJECT	NOT_APPROVED
553	d32123ea8dbb7dbb4fdef4442c2f73465fdd8f1789706010eae4a453a42f072c	유성페인트	W_MID	도장공사 > 유성페인트	MATERIAL_COMPONENT	REFERENCE_ONLY	ORIGINAL_REJECT	NOT_APPROVED
5531	59974581b655e56ba7477e39841d094ee575b09234c6f1d8823687817e8598d8	된반죽유성페인트	W_LEAF	도장공사 > 유성페인트 > 된반죽유성페인트	MATERIAL_COMPONENT	REFERENCE_ONLY	ORIGINAL_REJECT	NOT_APPROVED
5532	25f4e1efb886ab8f96965e2f879bb9b4a2137035cacbc149b1f407b729faca44	조합페인트	W_LEAF	도장공사 > 유성페인트 > 조합페인트	MATERIAL_COMPONENT	REFERENCE_ONLY	ORIGINAL_REJECT	NOT_APPROVED
5533	ebacdb64d24b3e2bce30c1344ddd84b442766728aedd1334a31bff1c40ca3881	카슈칠 옻칠	W_LEAF	도장공사 > 유성페인트 > 카슈칠 옻칠	MATERIAL_COMPONENT	REFERENCE_ONLY	ORIGINAL_REJECT	NOT_APPROVED
5534	dff19f9c33a4f0551f95445978ebee4aa9975d722f24f96472b034d9bf747898	페놀수지페인트	W_LEAF	도장공사 > 유성페인트 > 페놀수지페인트	MATERIAL_COMPONENT	REFERENCE_ONLY	ORIGINAL_REJECT	NOT_APPROVED
554	5066c74bb6f21253263e3f2f365f81981332919e44063d9c8e88702e3e91e38c	바니쉬 에나멜페인트	W_MID	도장공사 > 바니쉬 에나멜페인트	MATERIAL_COMPONENT	REFERENCE_ONLY	ORIGINAL_REJECT	NOT_APPROVED
5541	56abb580b708b4406306c19c2a8cf06e59f021f7c0f43c1995145d8a23efe5ae	유성바니쉬	W_LEAF	도장공사 > 바니쉬 에나멜페인트 > 유성바니쉬	MATERIAL_COMPONENT	REFERENCE_ONLY	ORIGINAL_REJECT	NOT_APPROVED
5542	9d29dc4f4d0f9356d9ce181c625e7cfa6c5b8f63508d86fa60874da5245a7996	수지바니쉬	W_LEAF	도장공사 > 바니쉬 에나멜페인트 > 수지바니쉬	MATERIAL_COMPONENT	REFERENCE_ONLY	ORIGINAL_REJECT	NOT_APPROVED
5545	a679b80598ed63285e74afcf9fb5352b59468ed07cdbebe74593b0782bebf920	에나멜페인트	W_LEAF	도장공사 > 바니쉬 에나멜페인트 > 에나멜페인트	MATERIAL_COMPONENT	REFERENCE_ONLY	ORIGINAL_REJECT	NOT_APPROVED
555	5e1e71c30ac54c1e9ef2351d82ad78de016b2bff96265a82fbe72c1b90ae7f59	락카	W_MID	도장공사 > 락카	MATERIAL_COMPONENT	REFERENCE_ONLY	ORIGINAL_REJECT	NOT_APPROVED
5551	d4520fcb8c35ea6f8b8ec8e20ff64fddfd1dfaa1c428b34e8449a589f3bf4ff8	크리어락카	W_LEAF	도장공사 > 락카 > 크리어락카	MATERIAL_COMPONENT	REFERENCE_ONLY	ORIGINAL_REJECT	NOT_APPROVED
5552	4c31d91a0ef2d84b5724fd8d3cba8a131c20bb4ab7438181c3e157521c6afcc4	락커에나멜	W_LEAF	도장공사 > 락카 > 락커에나멜	MATERIAL_COMPONENT	REFERENCE_ONLY	ORIGINAL_REJECT	NOT_APPROVED
5553	f3fa0d014f9353ce682b402a182d98fa02cb422cbdd889760f911de1a1557848	특수락카	W_LEAF	도장공사 > 락카 > 특수락카	MATERIAL_COMPONENT	REFERENCE_ONLY	ORIGINAL_REJECT	NOT_APPROVED
556	ea4ae1f64e396a012b0acfe9e8f99efe731a6a370b469badf00344df3be00258	수성페인트	W_MID	도장공사 > 수성페인트	MATERIAL_COMPONENT	REFERENCE_ONLY	ORIGINAL_REJECT	NOT_APPROVED
5561	b2350f32bba3be1824c7b3d15a5025e112014f7b4aebda001a2a2cc80fee8fa0	일반수성페인트	W_LEAF	도장공사 > 수성페인트 > 일반수성페인트	MATERIAL_COMPONENT	REFERENCE_ONLY	ORIGINAL_REJECT	NOT_APPROVED
5562	013f04b0f14cfafce6e6c0c0ae962664e04babe53407fa4a55b59ae3b0d668d4	합성수지계에멀젼페인트	W_LEAF	도장공사 > 수성페인트 > 합성수지계에멀젼페인트	MATERIAL_COMPONENT	REFERENCE_ONLY	ORIGINAL_REJECT	NOT_APPROVED
557	dd37d9dbe16940f0d8d1f23e431c2f499d34a748de4491417b8f6dcab77af774	합성수지페인트	W_MID	도장공사 > 합성수지페인트	MATERIAL_COMPONENT	REFERENCE_ONLY	ORIGINAL_REJECT	NOT_APPROVED
5571	f91932f5c335ad5fce18ba85161f703637f1218de517751d5cbbaa545cc70cdd	멜라민계수지페인트	W_LEAF	도장공사 > 합성수지페인트 > 멜라민계수지페인트	MATERIAL_COMPONENT	REFERENCE_ONLY	ORIGINAL_REJECT	NOT_APPROVED
5572	40e32dde869d18f9d7b361def8d85cc9ac702b6031c9fc9796503aaa6a400bb4	프탈산계수지페인트	W_LEAF	도장공사 > 합성수지페인트 > 프탈산계수지페인트	MATERIAL_COMPONENT	REFERENCE_ONLY	ORIGINAL_REJECT	NOT_APPROVED
5573	7ec959e5e05f962a2c91672cd8900acc68feb74b00cf136609fce1d235698414	비닐계수지페인트	W_LEAF	도장공사 > 합성수지페인트 > 비닐계수지페인트	MATERIAL_COMPONENT	REFERENCE_ONLY	ORIGINAL_REJECT	NOT_APPROVED
5574	346bd1be11b7d652e71cdf468fed00c822f56a743424cf9658aa2e78917fc288	아크릴계수지페인트	W_LEAF	도장공사 > 합성수지페인트 > 아크릴계수지페인트	MATERIAL_COMPONENT	REFERENCE_ONLY	ORIGINAL_REJECT	NOT_APPROVED
5575	953e69d7dcffeb4e83429b9908fc6da7840775577c859c1316a145f3e3497270	불포화에스테르계수지페인트	W_LEAF	도장공사 > 합성수지페인트 > 불포화에스테르계수지페인트	MATERIAL_COMPONENT	REFERENCE_ONLY	ORIGINAL_REJECT	NOT_APPROVED
5576	5f88f993f1a4d3da053d7ffaf565d66f346f19ca955b4c6ebd03bea1ab0ddfb4	에폭시계수지페인트	W_LEAF	도장공사 > 합성수지페인트 > 에폭시계수지페인트	MATERIAL_COMPONENT	REFERENCE_ONLY	ORIGINAL_REJECT	NOT_APPROVED
5577	df15e8ff8b785306e44e5ec1a562fee442f071f0ed690229ccdb9a4159b245d0	폴리에스테르계수지페인트	W_LEAF	도장공사 > 합성수지페인트 > 폴리에스테르계수지페인트	MATERIAL_COMPONENT	REFERENCE_ONLY	ORIGINAL_REJECT	NOT_APPROVED
5578	ff279c614488b6a6d7c92cf469233457a379cd49e31710f0f116efdcd0f6e9d1	폴리우레탄계수지페인트	W_LEAF	도장공사 > 합성수지페인트 > 폴리우레탄계수지페인트	MATERIAL_COMPONENT	REFERENCE_ONLY	ORIGINAL_REJECT	NOT_APPROVED
5579	c91c7d79d467707a49c62690da7b8fc4d0abaa2570906c7dbd0a07849b1be0c2	기타합성수지페인트	W_LEAF	도장공사 > 합성수지페인트 > 기타합성수지페인트	MATERIAL_COMPONENT	REFERENCE_ONLY	ORIGINAL_REJECT	NOT_APPROVED
558	38233ebf4da6c93447c4b3e6932217d6c44e51795afdede8f5ac099409145fb3	특수페인트	W_MID	도장공사 > 특수페인트	MATERIAL_COMPONENT	REFERENCE_ONLY	ORIGINAL_REJECT	NOT_APPROVED
5581	80d44a9d66753f14e6fc70fef84d583fe43358631338a86275121c2f8aa7d989	본타일	W_LEAF	도장공사 > 특수페인트 > 본타일	MATERIAL_COMPONENT	REFERENCE_ONLY	ORIGINAL_REJECT	NOT_APPROVED
5582	874b476979d4a0b445254f082a51181cf9ec81e50eb19b610878a32d3a0d8d0f	드라이빗드	W_LEAF	도장공사 > 특수페인트 > 드라이빗드	MATERIAL_COMPONENT	REFERENCE_ONLY	ORIGINAL_REJECT	NOT_APPROVED
5583	abbbfe31b7159ae5dce5f1adeb6ded3f4d160f54bc49a9f9336028e82584f310	소부페인트	W_LEAF	도장공사 > 특수페인트 > 소부페인트	MATERIAL_COMPONENT	REFERENCE_ONLY	ORIGINAL_REJECT	NOT_APPROVED
5584	cb3fc2ab3d0480edf56da2a9e3c3f79fb45ccdf81108fb20a15dc71a224d4e48	내화학페인트	W_LEAF	도장공사 > 특수페인트 > 내화학페인트	MATERIAL_COMPONENT	REFERENCE_ONLY	ORIGINAL_REJECT	NOT_APPROVED
5585	e5751cf313e0780371f21875479996809da7fd6fff8251fb3a694d9c277cf3e7	내화페인트	W_LEAF	도장공사 > 특수페인트 > 내화페인트	MATERIAL_COMPONENT	REFERENCE_ONLY	ORIGINAL_REJECT	NOT_APPROVED
5586	58e000c1a59bf7fc2cca1aff6ac9a4d22634b3fcc427d7936ede9af8872dda6c	내산페인트	W_LEAF	도장공사 > 특수페인트 > 내산페인트	MATERIAL_COMPONENT	REFERENCE_ONLY	ORIGINAL_REJECT	NOT_APPROVED
5587	d8ec9deb8fb393094c72d1cf5b80caebc4e0f27d072f0eb48b626cbe7d62ae95	낙서방지용페인트	W_LEAF	도장공사 > 특수페인트 > 낙서방지용페인트	MATERIAL_COMPONENT	REFERENCE_ONLY	ORIGINAL_REJECT	NOT_APPROVED
5588	e7b93b0dcc24c85a5ea30ac9df82d1195b20552b76a45c07ffe9ee712bae5e19	형광페인트	W_LEAF	도장공사 > 특수페인트 > 형광페인트	MATERIAL_COMPONENT	REFERENCE_ONLY	ORIGINAL_REJECT	NOT_APPROVED
5589	ba0973246dc680ed5f55c84247e5d32156e5ba9e16cd84d1bc577f38b4d761ed	기타특수페인트	W_LEAF	도장공사 > 특수페인트 > 기타특수페인트	MATERIAL_COMPONENT	REFERENCE_ONLY	ORIGINAL_REJECT	NOT_APPROVED
561	47400215baa17de907819106ef8dd1ecc06d84e10d163434b0742ae3f3728cbb	붙박이실내설비	W_MID	설치물공사 > 붙박이실내설비	FACILITY_EQUIPMENT	REFERENCE_ONLY	ORIGINAL_REJECT	NOT_APPROVED
5611	9e66dad48c05c7513397e00b7c115a71ebcdaa7e52417fe634e23ccda7069f4f	붙박이수납가구	W_LEAF	설치물공사 > 붙박이실내설비 > 붙박이수납가구	FACILITY_EQUIPMENT	REFERENCE_ONLY	ORIGINAL_REJECT	NOT_APPROVED
5612	e0bc4eea115a793c16f830be3e9afac6eb3c70af821e9d9f3841df29694ab103	붙박이안내설비	W_LEAF	설치물공사 > 붙박이실내설비 > 붙박이안내설비	FACILITY_EQUIPMENT	REFERENCE_ONLY	ORIGINAL_REJECT	NOT_APPROVED
5613	60c1f023d79c5125f77b9a906a2e6f77e99559f98df11ae5198168eae8605d09	칸막이 부츠	W_LEAF	설치물공사 > 붙박이실내설비 > 칸막이 부츠	FACILITY_EQUIPMENT	REFERENCE_ONLY	ORIGINAL_REJECT	NOT_APPROVED
5614	8b41efbcd252e670c67e0e6e35bbf430b75b2dec43ca212bae26bbada4fdb0be	주방가구	W_LEAF	설치물공사 > 붙박이실내설비 > 주방가구	FACILITY_EQUIPMENT	REFERENCE_ONLY	ORIGINAL_REJECT	NOT_APPROVED
5619	46ae4c73a78600961fa78d0625607c79621d082a53d446a9939e769a33279423	기타설치가구	W_LEAF	설치물공사 > 붙박이실내설비 > 기타설치가구	FACILITY_EQUIPMENT	REFERENCE_ONLY	ORIGINAL_REJECT	NOT_APPROVED
562	2edbfa8f850d80faba8076e867388fecb52109fb0bf99e1333a9fcce8835cce6	안내표식시설	W_MID	설치물공사 > 안내표식시설	FACILITY_EQUIPMENT	REFERENCE_ONLY	ORIGINAL_REJECT	NOT_APPROVED
5621	bb627c6f60974b208a753cec5c888d617654d6d344a8cbfc2b3d59a9cc6068ff	칠판및게시판	W_LEAF	설치물공사 > 안내표식시설 > 칠판및게시판	FACILITY_EQUIPMENT	REFERENCE_ONLY	ORIGINAL_REJECT	NOT_APPROVED
5622	e82928c821ca9ddba5ed95a6f13165b3c0f87b69d6ab91c6656d7b28e64f11bc	안내표식시설	W_LEAF	설치물공사 > 안내표식시설 > 안내표식시설	FACILITY_EQUIPMENT	REFERENCE_ONLY	ORIGINAL_REJECT	NOT_APPROVED
563	adc6db8efc36940f1348e280c008416bb6943f375da39a1d0d4819a3eeaa6034	빛조절및시야조절설비	W_MID	설치물공사 > 빛조절및시야조절설비	FACILITY_EQUIPMENT	REFERENCE_ONLY	ORIGINAL_REJECT	NOT_APPROVED
5631	507c23d69f138b4de5f17cca0572a0f37b127e03e4f0a7c49800eb0c61806554	휘장및커텐	W_LEAF	설치물공사 > 빛조절및시야조절설비 > 휘장및커텐	FACILITY_EQUIPMENT	REFERENCE_ONLY	ORIGINAL_REJECT	NOT_APPROVED
5632	010a149bb75d0af9bf4e0b44d7d46f7ceb4b82a55b5c0f6696da882635c37672	블라인드스크린	W_LEAF	설치물공사 > 빛조절및시야조절설비 > 블라인드스크린	FACILITY_EQUIPMENT	REFERENCE_ONLY	ORIGINAL_REJECT	NOT_APPROVED
5633	071748a2c29915b63ad197b1a4296571d5f71b35cdafaa5ea8a392819483e41f	차양	W_LEAF	설치물공사 > 빛조절및시야조절설비 > 차양	FACILITY_EQUIPMENT	REFERENCE_ONLY	ORIGINAL_REJECT	NOT_APPROVED
568	4387405e889a4b96b31adc9490352b08c741065084627688e382c2fd309c263f	시설물별특수설치물	W_MID	설치물공사 > 시설물별특수설치물	FACILITY_EQUIPMENT	REFERENCE_ONLY	ORIGINAL_REJECT	NOT_APPROVED
57	376b8a7b5a53f024a700b1152eb5656064779d10c2a7b133912387308a55ec5f	가구및집기	W_ROOT	가구및집기	CLASSIFICATION	REFERENCE_ONLY	ORIGINAL_REJECT	NOT_APPROVED
571	4bde7daa140f52a5aaab8aa6bab092eff8ea2e0f35f90dd42eece9e9fa0efb0c	일반가구	W_MID	가구및집기 > 일반가구	CLASSIFICATION	REFERENCE_ONLY	ORIGINAL_REJECT	NOT_APPROVED
5711	a770e629c8a56fe1324693f81e9a817eda0931d4c6b592baa1db1774e6861f02	책상 탁자	W_LEAF	가구및집기 > 일반가구 > 책상 탁자	FACILITY_EQUIPMENT	REFERENCE_ONLY	ORIGINAL_REJECT	NOT_APPROVED
5712	5ff6996230ee2805bfd927f01665aca50d324d68dac986910129a090bc9df151	의자	W_LEAF	가구및집기 > 일반가구 > 의자	FACILITY_EQUIPMENT	REFERENCE_ONLY	ORIGINAL_REJECT	NOT_APPROVED
5713	d9db306c490597622b9e6072ac7109ce8a6fd3d550443a39836611ecc49f0e0c	침대	W_LEAF	가구및집기 > 일반가구 > 침대	FACILITY_EQUIPMENT	REFERENCE_ONLY	ORIGINAL_REJECT	NOT_APPROVED
5714	de4190aa5d1feb2b40711b1e2ea9a1651a9ec34e960e2dd4a64979dddd3bffdb	수납가구	W_LEAF	가구및집기 > 일반가구 > 수납가구	FACILITY_EQUIPMENT	REFERENCE_ONLY	ORIGINAL_REJECT	NOT_APPROVED
573	8954490f448a3d26d0dfdeaaac2d8f1106204ee6e100d1f9b626e66cbd368d8d	시설별특수가구	W_MID	가구및집기 > 시설별특수가구	CLASSIFICATION	REFERENCE_ONLY	ORIGINAL_REJECT	NOT_APPROVED
575	96a97f8ad3c7b924f28ae4d4b6adfd621a387979574ee2e29a9f4e1b2704c6ca	집기및비품	W_MID	가구및집기 > 집기및비품	CLASSIFICATION	REFERENCE_ONLY	ORIGINAL_REJECT	NOT_APPROVED
5751	f74afd95a814d37a475a354154ed93c944397f11447a7a657ba930d0f9604fd9	바닥깔개및매트	W_LEAF	가구및집기 > 집기및비품 > 바닥깔개및매트	FACILITY_EQUIPMENT	REFERENCE_ONLY	ORIGINAL_REJECT	NOT_APPROVED
5752	813827322b948e860f89c210f5893cccc6196c5b302f8be30d09af625c810af4	예술품	W_LEAF	가구및집기 > 집기및비품 > 예술품	FACILITY_EQUIPMENT	REFERENCE_ONLY	ORIGINAL_REJECT	NOT_APPROVED
5753	911521be7d25b0d7c3948b04e50781d893c7eafa6d5ec5409f36c2d1697e6b9a	실내조경용비품	W_LEAF	가구및집기 > 집기및비품 > 실내조경용비품	FACILITY_EQUIPMENT	REFERENCE_ONLY	ORIGINAL_REJECT	NOT_APPROVED
5759	ff8b600c0c87a19315c042ad9c62c3c02c233c84c66130894fccbd54bc440e97	기타집기비품	W_LEAF	가구및집기 > 집기및비품 > 기타집기비품	FACILITY_EQUIPMENT	REFERENCE_ONLY	ORIGINAL_REJECT	NOT_APPROVED
577	5b1507d5ee9929cf73698e1b51b217755d1ee39b7487239176d2342315f6a64f	시설별특수집기및비품	W_MID	가구및집기 > 시설별특수집기및비품	CLASSIFICATION	REFERENCE_ONLY	ORIGINAL_REJECT	NOT_APPROVED
6159	2a94d07331d66fe5af8f5e41b7997fc72ff6a98d3ea702eb9d0a83b7b0a9f337	기타설비․시설관련공사	W_LEAF	기계 플랜트시설공통공사 > 설비․시설잡공사 > 기타설비․시설관련공사	CLASSIFICATION	REFERENCE_ONLY	ORIGINAL_REJECT	NOT_APPROVED
6239	e79900f3fbaa6e4a114fd8528e971016fcf3aed257509a9c35caca55fc3f8ca3	기타공조기기설비설치공사	W_LEAF	열원기기설비및공기조화설비공사 > 공기조화기기설비공사 > 기타공조기기설비설치공사	CLASSIFICATION	REFERENCE_ONLY	ORIGINAL_REJECT	NOT_APPROVED
7449	f10528dca16528cab87b00a236a303ca309c4db06ca359f73b03f2ef237aae4b	기타운송설비공사	W_LEAF	운송설비공사 > 덤웨이터설비및기타운송설비공사 > 기타운송설비공사	CLASSIFICATION	REFERENCE_ONLY	ORIGINAL_REJECT	NOT_APPROVED
7691	e18d4e24e21fae7178aae6e335a2434a6067d3d17a27c3b8ab23e1fd5ae8555e	기타에너지원시설설비공사	W_LEAF	에너지저장및관련수송설비공사 > 기타에너지원공사 > 기타에너지원시설설비공사	CLASSIFICATION	REFERENCE_ONLY	ORIGINAL_REJECT	NOT_APPROVED
8133	13173bb5452308f0a1d48cf99d363d445bf2ab8ba46ff9988caf57f4583ad756	전기․통신공사관련보조설비및기타공사	W_LEAF	전기 자동제어 계장 신호 통신공통공사 > 전기․통신공사관련기타공통공사 > 전기․통신공사관련보조설비및기타공사	CLASSIFICATION	REFERENCE_ONLY	ORIGINAL_REJECT	NOT_APPROVED
8239	fc78665c05cd254d7d77fd34ee4fdbc45dad36a1a4ce4c7443597e238b7fb2f3	기타설비	W_LEAF	송배전․발 수변전전기공사 > 발전 수변전관련전기설비공사 > 기타설비	CLASSIFICATION	REFERENCE_ONLY	ORIGINAL_REJECT	NOT_APPROVED
8243	cc99f74d184cecd03ce77780947135316159352897fb496dfe35fba1f054c862	신호설비	W_LEAF	송배전․발 수변전전기공사 > 전차선로공사 > 신호설비	FACILITY_EQUIPMENT	REFERENCE_ONLY	ORIGINAL_REJECT	NOT_APPROVED
8253	f5067ae15cc84ed571b8b57ea9f1228f9f73912b9a3080e0dd2b22f7ad6239ea	전기설비기타공사	W_LEAF	송배전․발 수변전전기공사 > 기타전기설비공사 > 전기설비기타공사	CLASSIFICATION	REFERENCE_ONLY	ORIGINAL_REJECT	NOT_APPROVED
8342	607981227714ae5a94d18e622df10eb8dd7104b971c9f7e8ff6d4c45ef58546e	비상용발전기설비	W_LEAF	전력부하설비공사 > 예비전원설비공사 > 비상용발전기설비	FACILITY_EQUIPMENT	REFERENCE_ONLY	ORIGINAL_REJECT	NOT_APPROVED
8343	536ba461d0dab333d8b08e7128585fd7b2fa0317bb47e77ff660922e5cdec4d8	축전지설비	W_LEAF	전력부하설비공사 > 예비전원설비공사 > 축전지설비	FACILITY_EQUIPMENT	REFERENCE_ONLY	ORIGINAL_REJECT	NOT_APPROVED
8344	fbd2f84921169a24a21976d23ef50561213df83a6a4c31c7e9d0c19acd35f8a2	무정전전원설비	W_LEAF	전력부하설비공사 > 예비전원설비공사 > 무정전전원설비	FACILITY_EQUIPMENT	REFERENCE_ONLY	ORIGINAL_REJECT	NOT_APPROVED
8349	46a9e9281a37bcd6177a4e11d795434514592a521c1f9cec1794635e1424c406	기타설비	W_LEAF	전력부하설비공사 > 예비전원설비공사 > 기타설비	CLASSIFICATION	REFERENCE_ONLY	ORIGINAL_REJECT	NOT_APPROVED
8449	61d9244607a45a80997dc7bf8641dd93c0e50390422387266d3d58012fc961f0	기타방송설비공사	W_LEAF	정보 통신설비공사 > 방송관련설비공사 > 기타방송설비공사	CLASSIFICATION	REFERENCE_ONLY	ORIGINAL_REJECT	NOT_APPROVED
8459	47b8aa481e804967d85ae0b190fcf7ca79aec348547f920053f23dce611bcd85	기타통신설비공사	W_LEAF	정보 통신설비공사 > 각종통신설비공사 > 기타통신설비공사	CLASSIFICATION	REFERENCE_ONLY	ORIGINAL_REJECT	NOT_APPROVED
8519	94d66d12d65537f792d4efaa59f5fdd1ad47762ae5e98e373dd55b6556ced725	기타소방전기설비및보조설비설치공사	W_LEAF	방재전기설비공사 > 소방전기설비공사 > 기타소방전기설비및보조설비설치공사	CLASSIFICATION	REFERENCE_ONLY	ORIGINAL_REJECT	NOT_APPROVED
8619	d98bc87d0067b68602c8c3d796e213d7c6d13545c90cccd4711be10496cebc33	기타제어설비공사	W_LEAF	기타전기설비공사 > 감시제어및계장설비공사 > 기타제어설비공사	CLASSIFICATION	REFERENCE_ONLY	ORIGINAL_REJECT	NOT_APPROVED
9119	125cc86e2ea06346ed451fe939bafb8a995fb4bcc987a5514be27958a4cfe4bc	기타공사	W_LEAF	기계 플랜트 산업설비 전기 통신시험 시운전공사 > 기계 프랜트공통시험 시운전공사 > 기타공사	CLASSIFICATION	REFERENCE_ONLY	ORIGINAL_REJECT	NOT_APPROVED
