review_key	source_key	project_kind	work_type	source_name	source_path	gpt_semantic_decision	gpt_target_canonical_id	gpt_target_canonical_name	gpt_mapping_type	gpt_reason	gpt_confidence_class	input_evidence_sha	canonical_reference_sha	review_authority	review_batch	source_name_normalized	source_path_normalized	batch_no
0b3511adc033b38e803d8828d67423cadc20c8abb41ea1d7fb86f314ac84a183	a9883fcefdbe237836139b69b9924669e5b504663a218da56e68eb88cee25ad9	터널	발파작업	발파	터널 > 발파작업 > 발파	AMBIGUOUS			AMBIGUOUS	SAME_LEAF_NAME_BUT_SOURCE_CONTEXT_DOES_NOT_UNIQUELY_SELECT_AMONG_MULTIPLE_BLASTING_CANONICAL_TASKS	HIGH	bfa75ed7cb87368f9b0744188bd07ac87a495d641945e0e731565fda6517fde8	a22f3a83f3cc2563554eb04b71ac8afc1faff44e3a6a594dd265ff04baafa2a6	GPT	B01	발파	터널 > 발파작업 > 발파	B01
173a4f89a90004758fabbf54225b93c066ed27e0216b216d8beb17f8e5b90fe0	901cb91207a35e91cdac2fd3bccf6583a48f7c073ed8dc79bca7f6fc698f4b7c	교량 및 도로	부대토목작업	부대토목 구내포장	교량 및 도로 > 부대토목작업 > 부대토목 구내포장	AMBIGUOUS			AMBIGUOUS	GENERIC_SITE_PAVING_DOES_NOT_IDENTIFY_MATERIAL_OR_PAVING_METHOD_AMONG_MULTIPLE_CANONICAL_TASKS	MEDIUM	bfa75ed7cb87368f9b0744188bd07ac87a495d641945e0e731565fda6517fde8	a22f3a83f3cc2563554eb04b71ac8afc1faff44e3a6a594dd265ff04baafa2a6	GPT	B01	부대토목 구내포장	교량 및 도로 > 부대토목작업 > 부대토목 구내포장	B01
4afc9f0bd14a110076178fe1ed33727875d33d73f456b16d13ed8856aae8ddba	ed5fcfed0565a57a3b7a713b84aaf18daee31db3f70256b7712138f8a69e65b5	빌딩	발파작업	발파	빌딩 > 발파작업 > 발파	AMBIGUOUS			AMBIGUOUS	SAME_LEAF_NAME_BUT_SOURCE_CONTEXT_DOES_NOT_UNIQUELY_SELECT_AMONG_MULTIPLE_BLASTING_CANONICAL_TASKS	HIGH	bfa75ed7cb87368f9b0744188bd07ac87a495d641945e0e731565fda6517fde8	a22f3a83f3cc2563554eb04b71ac8afc1faff44e3a6a594dd265ff04baafa2a6	GPT	B01	발파	빌딩 > 발파작업 > 발파	B01
655a83822127ff0a5f7fb0993e33700bf6475e247f12e8860d1579458daf59d9	3451e54a0b6243825471230c6a013af585c16a9aab44684f888540ca9c7c79cd	교량 및 도로	굴착작업	굴착	교량 및 도로 > 굴착작업 > 굴착	AMBIGUOUS			AMBIGUOUS	GENERIC_EXCAVATION_SOURCE_SPANS_MULTIPLE_SPECIFIC_CANONICAL_EXCAVATION_TASKS	HIGH	bfa75ed7cb87368f9b0744188bd07ac87a495d641945e0e731565fda6517fde8	a22f3a83f3cc2563554eb04b71ac8afc1faff44e3a6a594dd265ff04baafa2a6	GPT	B01	굴착	교량 및 도로 > 굴착작업 > 굴착	B01
6a187926ce416c589f8b1562d189cdebef1eb35a16e0bf92437abe11d0a6dcee	d36d83795e5353c29c81c891bb876a6c6dc5adac64517cf9d52d636b89968400	교량 및 도로	PSC교량작업	PSC 교량 거더 인양 및 거치	교량 및 도로 > PSC교량작업 > PSC 교량 거더 인양 및 거치	AMBIGUOUS			AMBIGUOUS	PSC_GIRDER_LIFTING_AND_PLACEMENT_DOES_NOT_UNIQUELY_SELECT_A_CURRENT_PC_PSC_CANONICAL_TASK	MEDIUM	bfa75ed7cb87368f9b0744188bd07ac87a495d641945e0e731565fda6517fde8	a22f3a83f3cc2563554eb04b71ac8afc1faff44e3a6a594dd265ff04baafa2a6	GPT	B01	PSC 교량 거더 인양 및 거치	교량 및 도로 > PSC교량작업 > PSC 교량 거더 인양 및 거치	B01
6b6bb1410f10cf5ebcf282621f6d8b7e95416aaf3860ca3a523e60b68f114c93	6fb1ed75c42513bf51b1b98f46c74b8a96aabedeba9a56b67deacefbc1aa7521	아파트	발파작업	발파	아파트 > 발파작업 > 발파	AMBIGUOUS			AMBIGUOUS	SAME_LEAF_NAME_BUT_SOURCE_CONTEXT_DOES_NOT_UNIQUELY_SELECT_AMONG_MULTIPLE_BLASTING_CANONICAL_TASKS	HIGH	bfa75ed7cb87368f9b0744188bd07ac87a495d641945e0e731565fda6517fde8	a22f3a83f3cc2563554eb04b71ac8afc1faff44e3a6a594dd265ff04baafa2a6	GPT	B01	발파	아파트 > 발파작업 > 발파	B01
7056f50936ca59ea8e378d1b30bc9601fe12e47e9b88cd43481702d736be59d6	fc3f3dc1922de2b6290051e78475f59e83c5b5ca9c8f37756f2e873f696aa922	지하철	발파작업	발파	지하철 > 발파작업 > 발파	AMBIGUOUS			AMBIGUOUS	SAME_LEAF_NAME_BUT_SOURCE_CONTEXT_DOES_NOT_UNIQUELY_SELECT_AMONG_MULTIPLE_BLASTING_CANONICAL_TASKS	HIGH	bfa75ed7cb87368f9b0744188bd07ac87a495d641945e0e731565fda6517fde8	a22f3a83f3cc2563554eb04b71ac8afc1faff44e3a6a594dd265ff04baafa2a6	GPT	B01	발파	지하철 > 발파작업 > 발파	B01
a54af625a8ebe288a9337b543506a126ed812d0b4fdd13ec1e371d4922137a23	5bca42b61bb9ff7076ad4dc7189329fd80e253af88f00e41fefae55ee87f7527	교량 및 도로	PSC교량작업	PSC 교량 슬라브 시공	교량 및 도로 > PSC교량작업 > PSC 교량 슬라브 시공	AMBIGUOUS			AMBIGUOUS	SLAB_CONSTRUCTION_COULD_MEAN_PC_ASSEMBLY_OR_CAST_IN_PLACE_WORK_AND_SOURCE_DOES_NOT_DISAMBIGUATE	MEDIUM	bfa75ed7cb87368f9b0744188bd07ac87a495d641945e0e731565fda6517fde8	a22f3a83f3cc2563554eb04b71ac8afc1faff44e3a6a594dd265ff04baafa2a6	GPT	B01	PSC 교량 슬라브 시공	교량 및 도로 > PSC교량작업 > PSC 교량 슬라브 시공	B01
aaab18b9b047077b430f20ae234bbd0e4f5279161d0c28138fdbd15253f57a19	db5892c1ba71a85ba1f8a739d3a4b3d227a7f303f1007ae15307825b33233d51	댐	발파작업	발파	댐 > 발파작업 > 발파	AMBIGUOUS			AMBIGUOUS	SAME_LEAF_NAME_BUT_SOURCE_CONTEXT_DOES_NOT_UNIQUELY_SELECT_AMONG_MULTIPLE_BLASTING_CANONICAL_TASKS	HIGH	bfa75ed7cb87368f9b0744188bd07ac87a495d641945e0e731565fda6517fde8	a22f3a83f3cc2563554eb04b71ac8afc1faff44e3a6a594dd265ff04baafa2a6	GPT	B01	발파	댐 > 발파작업 > 발파	B01
cceac9d75bc459a3546ec4a5a1b6af48ddfac96440a03a42b78466f1aa5b0ee7	7ae6a94de7404f042d115235075024bae9fbfa9e98072428336607a3e6c10e07	교량 및 도로	PSC교량작업	PSC 교량 Cross Beam설치	교량 및 도로 > PSC교량작업 > PSC 교량 Cross Beam설치	AMBIGUOUS			AMBIGUOUS	PSC_MEMBER_INSTALLATION_HAS_MULTIPLE_PC_PSC_ASSEMBLY_CANONICAL_INTERPRETATIONS	MEDIUM	bfa75ed7cb87368f9b0744188bd07ac87a495d641945e0e731565fda6517fde8	a22f3a83f3cc2563554eb04b71ac8afc1faff44e3a6a594dd265ff04baafa2a6	GPT	B01	PSC 교량 Cross Beam설치	교량 및 도로 > PSC교량작업 > PSC 교량 Cross Beam설치	B01
ceacafa1a8f791df8e6561c46298ee6ee24a7bd6e4a6f4e02eb284336b39d1fb	ec78ad39f92a0dc8099740d1d9ecb29561726cb4f81588b0089809b72be8b37c	교량 및 도로	발파작업	발파	교량 및 도로 > 발파작업 > 발파	AMBIGUOUS			AMBIGUOUS	SAME_LEAF_NAME_BUT_SOURCE_CONTEXT_DOES_NOT_UNIQUELY_SELECT_AMONG_MULTIPLE_BLASTING_CANONICAL_TASKS	HIGH	bfa75ed7cb87368f9b0744188bd07ac87a495d641945e0e731565fda6517fde8	a22f3a83f3cc2563554eb04b71ac8afc1faff44e3a6a594dd265ff04baafa2a6	GPT	B01	발파	교량 및 도로 > 발파작업 > 발파	B01
dcc9e288602bcf10bd090aa8834d27a003112d3ada4f369bec6d0ebb84b79ee9	562f0e8d7ba06c730135553e1c41cd33a4e97158ee89c332ec758ffbda516add	교량 및 도로	지장물조사 및 이설작업	지장물 보호	교량 및 도로 > 지장물조사 및 이설작업 > 지장물 보호	AMBIGUOUS			AMBIGUOUS	GENERIC_UTILITY_PROTECTION_SPANS_EXISTING_PIPE_ABOVE_GROUND_AND_UNDERGROUND_PROTECTION_CANONICAL_TASKS	MEDIUM	bfa75ed7cb87368f9b0744188bd07ac87a495d641945e0e731565fda6517fde8	a22f3a83f3cc2563554eb04b71ac8afc1faff44e3a6a594dd265ff04baafa2a6	GPT	B01	지장물 보호	교량 및 도로 > 지장물조사 및 이설작업 > 지장물 보호	B01
19b1ec78f24f7221cd0cb6e036c975688718fd9a980582c7f97b62820bac4d8e	05f3d761f2d16da8e5629696c606cfef6416ec1ecb262322f43e4f08c829684a	댐	굴착작업	굴착	댐 > 굴착작업 > 굴착	AMBIGUOUS			AMBIGUOUS	GENERIC_EXCAVATION_SPANS_MULTIPLE_SPECIFIC_CANONICAL_EXCAVATION_TASKS	HIGH	402fafe9e1026838ffd0c2fb15b6b685b3554c15aa07999329a6c073752f71dd	a22f3a83f3cc2563554eb04b71ac8afc1faff44e3a6a594dd265ff04baafa2a6	GPT	B02	굴착	댐 > 굴착작업 > 굴착	B02
2693337d9ae5d1cb0bf4392bb901a179738d1961aded3de407a68544443fd890	5a3a8db8415739b0a13f7747410f5b1071946ce1c1da5d5feb740eb069c2d3bd	교량 및 도로	포장작업	포장시공	교량 및 도로 > 포장작업 > 포장시공	AMBIGUOUS			AMBIGUOUS	GENERIC_PAVING_DOES_NOT_IDENTIFY_MATERIAL_OR_PAVING_METHOD	MEDIUM	402fafe9e1026838ffd0c2fb15b6b685b3554c15aa07999329a6c073752f71dd	a22f3a83f3cc2563554eb04b71ac8afc1faff44e3a6a594dd265ff04baafa2a6	GPT	B02	포장시공	교량 및 도로 > 포장작업 > 포장시공	B02
28fa82f9f88822aa582c1d4d3854c568143a8fbb01bb9714a69097fe86c3f214	a19e3bec31a41204ecb62af0018841e4ad28103b100fc954724cfcd8ee0f3d9a	댐	조경작업	조경시공 및 설치	댐 > 조경작업 > 조경시공 및 설치	AMBIGUOUS			AMBIGUOUS	BROAD_COMPOSITE_LANDSCAPE_CONSTRUCTION_LABEL_DOES_NOT_IDENTIFY_A_SINGLE_CANONICAL_TASK	MEDIUM	402fafe9e1026838ffd0c2fb15b6b685b3554c15aa07999329a6c073752f71dd	a22f3a83f3cc2563554eb04b71ac8afc1faff44e3a6a594dd265ff04baafa2a6	GPT	B02	조경시공 및 설치	댐 > 조경작업 > 조경시공 및 설치	B02
39de673ccc2c3e1d2934fdba211a60eab40f229bf9e7a946ec220d494135f3d1	d1a6603ef36c99cb34ab1596f47c56495aa362cdfa86709a095977ac3ae5ed96	교량 및 도로	콘크리트작업	콘크리트타설	교량 및 도로 > 콘크리트작업 > 콘크리트타설	AMBIGUOUS			AMBIGUOUS	GENERIC_CONCRETE_PLACEMENT_DOES_NOT_DISTINGUISH_AMONG_MULTIPLE_CONCRETE_PLACEMENT_CANONICAL_TASKS	HIGH	402fafe9e1026838ffd0c2fb15b6b685b3554c15aa07999329a6c073752f71dd	a22f3a83f3cc2563554eb04b71ac8afc1faff44e3a6a594dd265ff04baafa2a6	GPT	B02	콘크리트타설	교량 및 도로 > 콘크리트작업 > 콘크리트타설	B02
4619d5916a2430f5e6d8ce53a2d31a0ca1e875ad1b8a8970d90b1975cf2e5b54	6ce9caa3f42e1164040a6b1664e071eedf5c4f229d883481e3611799df7cc8a7	댐	부대토목작업	부대토목 구내포장	댐 > 부대토목작업 > 부대토목 구내포장	AMBIGUOUS			AMBIGUOUS	GENERIC_PAVING_DOES_NOT_IDENTIFY_MATERIAL_OR_PAVING_METHOD	MEDIUM	402fafe9e1026838ffd0c2fb15b6b685b3554c15aa07999329a6c073752f71dd	a22f3a83f3cc2563554eb04b71ac8afc1faff44e3a6a594dd265ff04baafa2a6	GPT	B02	부대토목 구내포장	댐 > 부대토목작업 > 부대토목 구내포장	B02
85a8d796ce9f78759bdd24833e7da4b006dc0dacd92d65d03c7288645727d047	ac0b554f4e3de2d03db0634535bd37f8d9bb54f52e906993d7529e507160f275	댐	콘크리트작업	콘크리트타설	댐 > 콘크리트작업 > 콘크리트타설	AMBIGUOUS			AMBIGUOUS	GENERIC_CONCRETE_PLACEMENT_DOES_NOT_DISTINGUISH_AMONG_MULTIPLE_CONCRETE_PLACEMENT_CANONICAL_TASKS	HIGH	402fafe9e1026838ffd0c2fb15b6b685b3554c15aa07999329a6c073752f71dd	a22f3a83f3cc2563554eb04b71ac8afc1faff44e3a6a594dd265ff04baafa2a6	GPT	B02	콘크리트타설	댐 > 콘크리트작업 > 콘크리트타설	B02
e39768a1e9b2c22c2c9f9589b01b494fc03334816c6b39cca9316bda35ddd6bc	a8baeeb266fa35be2e5824cc69a5ad421dd5550b8d30d4f43004f63f94f9979c	교량 및 도로	포설 및 다짐작업	포설 및 다짐	교량 및 도로 > 포설 및 다짐작업 > 포설 및 다짐	AMBIGUOUS			AMBIGUOUS	GENERIC_PLACEMENT_AND_COMPACTION_DOES_NOT_IDENTIFY_A_SINGLE_MATERIAL_OR_CANONICAL_TASK	MEDIUM	402fafe9e1026838ffd0c2fb15b6b685b3554c15aa07999329a6c073752f71dd	a22f3a83f3cc2563554eb04b71ac8afc1faff44e3a6a594dd265ff04baafa2a6	GPT	B02	포설 및 다짐	교량 및 도로 > 포설 및 다짐작업 > 포설 및 다짐	B02
f8ae388364d4fd893bc18eed54870e9ebb47ea431d7c08fb32b4789d738b5c4a	6d8bd4289c45ece3194cc66e14fe721d9c306cfed6a10dda96a8668dab8448ad	댐	기계설비작업	기계설비 설치	댐 > 기계설비작업 > 기계설비 설치	AMBIGUOUS			AMBIGUOUS	GENERIC_MECHANICAL_EQUIPMENT_INSTALLATION_SPANS_MULTIPLE_SPECIFIC_INSTALLATION_TASKS	MEDIUM	402fafe9e1026838ffd0c2fb15b6b685b3554c15aa07999329a6c073752f71dd	a22f3a83f3cc2563554eb04b71ac8afc1faff44e3a6a594dd265ff04baafa2a6	GPT	B02	기계설비 설치	댐 > 기계설비작업 > 기계설비 설치	B02
11ca74d9f308260eb5df68eb593d0eac8e06470d2ac26de6bf4a60d2f89c036f	1f82b7297fd13199847c5a69a8dbe91ed56b7c1e902187126ea6dc572df8d679	빌딩	전기설비작업	전기설비 설치	빌딩 > 전기설비작업 > 전기설비 설치	AMBIGUOUS			AMBIGUOUS	GENERIC_ELECTRICAL_EQUIPMENT_INSTALLATION_DOES_NOT_IDENTIFY_A_SINGLE_CANONICAL_TASK	MEDIUM	22214590663745d75223bcaec284c8f28c0339345703958839952331e1817895	a22f3a83f3cc2563554eb04b71ac8afc1faff44e3a6a594dd265ff04baafa2a6	GPT	B03	전기설비 설치	빌딩 > 전기설비작업 > 전기설비 설치	B03
2788e6fdaa63106524ef58bf15df9e0665a3a83d8a02c30038ee3ee678ced288	f111969fbf57d94093f07978fa820b0f607a4f5f9ebd7327196cba281ba415c7	빌딩	도장작업	실내도장	빌딩 > 도장작업 > 실내도장	AMBIGUOUS			AMBIGUOUS	LOCATION_ONLY_PAINTING_LABEL_DOES_NOT_IDENTIFY_A_SINGLE_PAINTING_CANONICAL_TASK	MEDIUM	22214590663745d75223bcaec284c8f28c0339345703958839952331e1817895	a22f3a83f3cc2563554eb04b71ac8afc1faff44e3a6a594dd265ff04baafa2a6	GPT	B03	실내도장	빌딩 > 도장작업 > 실내도장	B03
32edc659dbd410d940553dd376722d665aa2708fd5604f0defe6f08b3b939224	7fd3740000a9057803956d0a99397cbd1f2b2a487caa1b7db03e343012c3f6a0	빌딩	부대토목작업	부대토목 구내포장	빌딩 > 부대토목작업 > 부대토목 구내포장	AMBIGUOUS			AMBIGUOUS	GENERIC_SITE_PAVING_DOES_NOT_IDENTIFY_MATERIAL_OR_PAVING_METHOD	MEDIUM	22214590663745d75223bcaec284c8f28c0339345703958839952331e1817895	a22f3a83f3cc2563554eb04b71ac8afc1faff44e3a6a594dd265ff04baafa2a6	GPT	B03	부대토목 구내포장	빌딩 > 부대토목작업 > 부대토목 구내포장	B03
59980c404265acea7ad9e655dad49ca1c49a9408c4a66b1643f45ae65c546cb0	d36bed370f6fdf32a02b7383ebfc94c06fb1e96a4befe2efd21c6582743017f3	빌딩	수장작업	수장시공(석고보드	빌딩 > 수장작업 > 수장시공(석고보드	AMBIGUOUS			AMBIGUOUS	GYPSUM_BOARD_SOURCE_IS_INCOMPLETE_AND_DOES_NOT_DISTINGUISH_WALL_FROM_CEILING_INSTALLATION	MEDIUM	22214590663745d75223bcaec284c8f28c0339345703958839952331e1817895	a22f3a83f3cc2563554eb04b71ac8afc1faff44e3a6a594dd265ff04baafa2a6	GPT	B03	수장시공(석고보드	빌딩 > 수장작업 > 수장시공(석고보드	B03
67878528bb9d87fd9280ff77845b26726ac4dec508dab4b1617e62de3918579c	457270c99c0529ab3b4ae102cf88edbc2f2e49018d66d554434a0a11268ca041	빌딩	창호 및 유리작업	창호 및 유리 설치	빌딩 > 창호 및 유리작업 > 창호 및 유리 설치	AMBIGUOUS			AMBIGUOUS	COMPOSITE_WINDOW_AND_GLASS_INSTALLATION_DOES_NOT_IDENTIFY_A_SINGLE_CANONICAL_TASK	MEDIUM	22214590663745d75223bcaec284c8f28c0339345703958839952331e1817895	a22f3a83f3cc2563554eb04b71ac8afc1faff44e3a6a594dd265ff04baafa2a6	GPT	B03	창호 및 유리 설치	빌딩 > 창호 및 유리작업 > 창호 및 유리 설치	B03
6a746fa3f9805b9d7224c38595932b0e6dfd28196466be4fff18d9eee0744028	30a8d460acac6328c2e22da98c5b8078e0db0483f687ac79ba5a4a6c986edec7	빌딩	지장물조사 및 이설작업	지장물 보호	빌딩 > 지장물조사 및 이설작업 > 지장물 보호	AMBIGUOUS			AMBIGUOUS	GENERIC_UTILITY_PROTECTION_SPANS_MULTIPLE_UTILITY_PROTECTION_INTERPRETATIONS	MEDIUM	22214590663745d75223bcaec284c8f28c0339345703958839952331e1817895	a22f3a83f3cc2563554eb04b71ac8afc1faff44e3a6a594dd265ff04baafa2a6	GPT	B03	지장물 보호	빌딩 > 지장물조사 및 이설작업 > 지장물 보호	B03
84210d4458c35a6ccd73b912aac9934252cedf47e4a393d898a791fac32a4ed2	6a8a0838d39ea35fec218518045c6450f4e323306af6bdc142eff976ce3e043d	빌딩	석재 및 타일작업	석재 및 타일 붙임	빌딩 > 석재 및 타일작업 > 석재 및 타일 붙임	AMBIGUOUS			AMBIGUOUS	GENERIC_STONE_AND_TILE_ADHESION_SPANS_MULTIPLE_MATERIAL_AND_SURFACE_SPECIFIC_CANONICAL_TASKS	MEDIUM	22214590663745d75223bcaec284c8f28c0339345703958839952331e1817895	a22f3a83f3cc2563554eb04b71ac8afc1faff44e3a6a594dd265ff04baafa2a6	GPT	B03	석재 및 타일 붙임	빌딩 > 석재 및 타일작업 > 석재 및 타일 붙임	B03
8430b6b773932703c359a818f2428b21d2daf3e7fc13d3dfcf3261b4a11f6a0b	ec5612b5ee2b71c4a0df3bb9182ce0bae57cef7accc142c48e08bca49f3b48f1	빌딩	조경작업	조경시공 및 설치	빌딩 > 조경작업 > 조경시공 및 설치	AMBIGUOUS			AMBIGUOUS	BROAD_COMPOSITE_LANDSCAPE_CONSTRUCTION_LABEL_DOES_NOT_IDENTIFY_A_SINGLE_CANONICAL_TASK	MEDIUM	22214590663745d75223bcaec284c8f28c0339345703958839952331e1817895	a22f3a83f3cc2563554eb04b71ac8afc1faff44e3a6a594dd265ff04baafa2a6	GPT	B03	조경시공 및 설치	빌딩 > 조경작업 > 조경시공 및 설치	B03
88731c94e710d56ba396fdb1e3ad278424e667be5536bb68c1b0f2ece8959f50	99e019d368c50220d70cf8e1160fbab71490d47e806bfa989e48b1023ac6af86	빌딩	금속 및 잡철물작업	금속 및 잡철물 시공	빌딩 > 금속 및 잡철물작업 > 금속 및 잡철물 시공	AMBIGUOUS			AMBIGUOUS	BROAD_METAL_AND_MISCELLANEOUS_STEEL_WORK_DOES_NOT_IDENTIFY_A_SINGLE_CANONICAL_TASK	MEDIUM	22214590663745d75223bcaec284c8f28c0339345703958839952331e1817895	a22f3a83f3cc2563554eb04b71ac8afc1faff44e3a6a594dd265ff04baafa2a6	GPT	B03	금속 및 잡철물 시공	빌딩 > 금속 및 잡철물작업 > 금속 및 잡철물 시공	B03
92f6ddc96097a49775d70841c46a48269d964c3740c2d54d5e88eda8d4b9bf96	8167d0552e3fe6125d19227d0dee39fd50b236a1741d3a841d52c5e3dfae7df1	빌딩	콘크리트작업	콘크리트타설	빌딩 > 콘크리트작업 > 콘크리트타설	AMBIGUOUS			AMBIGUOUS	GENERIC_CONCRETE_PLACEMENT_DOES_NOT_DISTINGUISH_AMONG_MULTIPLE_CONCRETE_PLACEMENT_CANONICAL_TASKS	HIGH	22214590663745d75223bcaec284c8f28c0339345703958839952331e1817895	a22f3a83f3cc2563554eb04b71ac8afc1faff44e3a6a594dd265ff04baafa2a6	GPT	B03	콘크리트타설	빌딩 > 콘크리트작업 > 콘크리트타설	B03
98717e9d40e3628f661f1f64d75dbca0595186c00d3a389027e48163dc27d559	d56ac19c1d1349f8807744a652aecf4a772d72fc4be86edb9e8b5c18ac5d6b4e	빌딩	도장작업	도장 면처리	빌딩 > 도장작업 > 도장 면처리	AMBIGUOUS			AMBIGUOUS	GENERIC_PAINT_SURFACE_PREPARATION_DOES_NOT_IDENTIFY_THE_SUBSTRATE_SPECIFIC_CANONICAL_TASK	MEDIUM	22214590663745d75223bcaec284c8f28c0339345703958839952331e1817895	a22f3a83f3cc2563554eb04b71ac8afc1faff44e3a6a594dd265ff04baafa2a6	GPT	B03	도장 면처리	빌딩 > 도장작업 > 도장 면처리	B03
a0525743ccc3e76de64afde80e31cc9846e4f843a390b3d6b47af99ed10aa15f	51032bb5574d52f44470ce40c38d41198788827aa94a8a163ddf3e4c62632b79	빌딩	도장작업	실외도장	빌딩 > 도장작업 > 실외도장	AMBIGUOUS			AMBIGUOUS	LOCATION_ONLY_PAINTING_LABEL_DOES_NOT_IDENTIFY_A_SINGLE_PAINTING_CANONICAL_TASK	MEDIUM	22214590663745d75223bcaec284c8f28c0339345703958839952331e1817895	a22f3a83f3cc2563554eb04b71ac8afc1faff44e3a6a594dd265ff04baafa2a6	GPT	B03	실외도장	빌딩 > 도장작업 > 실외도장	B03
acf34d251d24661bd8930e4607bbd21f5b7e168a89cde976828f24fb1b84f129	eab270443b4c66fa9088364549c476b0b5f61648af77b8d0f62225767262d17d	빌딩	기계설비작업	기계설비 설치	빌딩 > 기계설비작업 > 기계설비 설치	AMBIGUOUS			AMBIGUOUS	GENERIC_MECHANICAL_EQUIPMENT_INSTALLATION_SPANS_MULTIPLE_SPECIFIC_INSTALLATION_TASKS	MEDIUM	22214590663745d75223bcaec284c8f28c0339345703958839952331e1817895	a22f3a83f3cc2563554eb04b71ac8afc1faff44e3a6a594dd265ff04baafa2a6	GPT	B03	기계설비 설치	빌딩 > 기계설비작업 > 기계설비 설치	B03
af8ebc4ce8f6dc51b1aff5b4b930e5745fd466be2449067e016185ff49c4c515	eca4302e6b1b61c2e1638f43e71ff02c0c06258f13984248f2422409a3ad69fd	빌딩	석재 및 타일작업	석재 및 타일 줄눈	빌딩 > 석재 및 타일작업 > 석재 및 타일 줄눈	AMBIGUOUS			AMBIGUOUS	GENERIC_STONE_AND_TILE_JOINT_WORK_SPANS_MULTIPLE_STONE_TILE_SEALING_CANONICAL_TASKS	MEDIUM	22214590663745d75223bcaec284c8f28c0339345703958839952331e1817895	a22f3a83f3cc2563554eb04b71ac8afc1faff44e3a6a594dd265ff04baafa2a6	GPT	B03	석재 및 타일 줄눈	빌딩 > 석재 및 타일작업 > 석재 및 타일 줄눈	B03
bd59d2cf81ff4bdb9e35b49e18bc196903e1344e2611e8ca7f04909dbcea0503	e9fcfabf57036c076a432585fe3c6b3cf2af51e8792010994a5981d53a6ee6a1	빌딩	조적	미장 및 견출작업	빌딩 > 조적 > 미장 및 견출작업	AMBIGUOUS			AMBIGUOUS	COMPOSITE_PLASTERING_AND_SURFACE_FINISHING_LABEL_SPANS_MULTIPLE_CANONICAL_TASKS	MEDIUM	22214590663745d75223bcaec284c8f28c0339345703958839952331e1817895	a22f3a83f3cc2563554eb04b71ac8afc1faff44e3a6a594dd265ff04baafa2a6	GPT	B03	미장 및 견출작업	빌딩 > 조적 > 미장 및 견출작업	B03
e75aa84c43a44dbb72712a141eecd9d0a0ee39a6b8c60db669e3dd9552696b35	7eb696e29d8a77d6bf88a8fdaf074b983d3cd8001d05c45b06d0e06290ce4276	빌딩	굴착작업	굴착	빌딩 > 굴착작업 > 굴착	AMBIGUOUS			AMBIGUOUS	GENERIC_EXCAVATION_SPANS_MULTIPLE_SPECIFIC_CANONICAL_EXCAVATION_TASKS	HIGH	22214590663745d75223bcaec284c8f28c0339345703958839952331e1817895	a22f3a83f3cc2563554eb04b71ac8afc1faff44e3a6a594dd265ff04baafa2a6	GPT	B03	굴착	빌딩 > 굴착작업 > 굴착	B03
ee45960087defe6ff1d20a420009a5bf072f6bf0fb9324adcd34ddcb185fa830	b851dff1572b81adb3965d44f8894e01d5596a14a09a96162afdfc3f53083af1	빌딩	맨홀 및 관부설작업	맨홀 및 관부설	빌딩 > 맨홀 및 관부설작업 > 맨홀 및 관부설	AMBIGUOUS			AMBIGUOUS	COMPOSITE_MANHOLE_AND_PIPE_LAYING_SOURCE_DOES_NOT_IDENTIFY_PIPE_MATERIAL_OR_SINGLE_CANONICAL_TASK	MEDIUM	22214590663745d75223bcaec284c8f28c0339345703958839952331e1817895	a22f3a83f3cc2563554eb04b71ac8afc1faff44e3a6a594dd265ff04baafa2a6	GPT	B03	맨홀 및 관부설	빌딩 > 맨홀 및 관부설작업 > 맨홀 및 관부설	B03
fe5ea3a2d61112a5e54208862d442f752fc21cc02ee07933efde58c59935c0be	d27445da57a40d7408d35dd44efe69c0424e316fcde7d995b01f861d9d2d2ecf	빌딩	판넬 등 외부마감작업	판넬 등 외부마감 시공	빌딩 > 판넬 등 외부마감작업 > 판넬 등 외부마감 시공	AMBIGUOUS			AMBIGUOUS	BROAD_EXTERNAL_PANEL_AND_FINISHING_LABEL_DOES_NOT_IDENTIFY_A_SINGLE_CANONICAL_TASK	MEDIUM	22214590663745d75223bcaec284c8f28c0339345703958839952331e1817895	a22f3a83f3cc2563554eb04b71ac8afc1faff44e3a6a594dd265ff04baafa2a6	GPT	B03	판넬 등 외부마감 시공	빌딩 > 판넬 등 외부마감작업 > 판넬 등 외부마감 시공	B03
024db265b19bd9669d8b708dd9e65321e957ae599ee06e0056b82359712a407f	49b47a1f9cb0426343aaab25c94591530421ec9d26695d3b8996e182fbc0a8a6	아파트	부대토목작업	부대토목 구내포장	아파트 > 부대토목작업 > 부대토목 구내포장	AMBIGUOUS			AMBIGUOUS	GENERIC_SITE_PAVING_DOES_NOT_IDENTIFY_MATERIAL_OR_PAVING_METHOD	MEDIUM	c44be9c0edac197b175e84a2647497747a636ad71b27dfaa8308492a4616014a	a22f3a83f3cc2563554eb04b71ac8afc1faff44e3a6a594dd265ff04baafa2a6	GPT	B04	부대토목 구내포장	아파트 > 부대토목작업 > 부대토목 구내포장	B04
10073d140dd7675ccd2e35679623bc7ce5df920de660ac448c67ca108699c908	67a5ae300a5be9ddbcaf1367b12b3ac240279cb0e428feaa25a2be155f7e2572	아파트	도장작업	실외도장	아파트 > 도장작업 > 실외도장	AMBIGUOUS			AMBIGUOUS	LOCATION_ONLY_PAINTING_LABEL_DOES_NOT_IDENTIFY_A_SINGLE_PAINTING_CANONICAL_TASK	MEDIUM	c44be9c0edac197b175e84a2647497747a636ad71b27dfaa8308492a4616014a	a22f3a83f3cc2563554eb04b71ac8afc1faff44e3a6a594dd265ff04baafa2a6	GPT	B04	실외도장	아파트 > 도장작업 > 실외도장	B04
27fc30ecca291b0f204b321aaa0aa01c97501881aed40c48e856e9e94c8c29c7	3db0653349f8d4c86f85617042af9158557506c3ad1b57837b51d70dc1fcede3	아파트	도장작업	도장 면처리	아파트 > 도장작업 > 도장 면처리	AMBIGUOUS			AMBIGUOUS	GENERIC_PAINT_SURFACE_PREPARATION_DOES_NOT_IDENTIFY_THE_SUBSTRATE_SPECIFIC_CANONICAL_TASK	MEDIUM	c44be9c0edac197b175e84a2647497747a636ad71b27dfaa8308492a4616014a	a22f3a83f3cc2563554eb04b71ac8afc1faff44e3a6a594dd265ff04baafa2a6	GPT	B04	도장 면처리	아파트 > 도장작업 > 도장 면처리	B04
336ba59f8468742dc2b240ad0a0883e3c07b5cccf339b8fd812d60d7bb52491b	e5ad6b11f8acb74cd4df9c45e25e65230cbe99ef5c5c39aa0d9f6c081cadc16c	아파트	맨홀 및 관부설작업	맨홀 및 관부설	아파트 > 맨홀 및 관부설작업 > 맨홀 및 관부설	AMBIGUOUS			AMBIGUOUS	COMPOSITE_MANHOLE_AND_PIPE_LAYING_SOURCE_DOES_NOT_IDENTIFY_PIPE_MATERIAL_OR_SINGLE_CANONICAL_TASK	MEDIUM	c44be9c0edac197b175e84a2647497747a636ad71b27dfaa8308492a4616014a	a22f3a83f3cc2563554eb04b71ac8afc1faff44e3a6a594dd265ff04baafa2a6	GPT	B04	맨홀 및 관부설	아파트 > 맨홀 및 관부설작업 > 맨홀 및 관부설	B04
376317acac98d186324f83bce24f8507c60dccb446f1a6ee0f49a4c8ee02ba4e	08bd3d179f6c4e12b0f2400ad1ad0e91d804ace409c4eb2a03d48751887d467f	아파트	기계설비작업	기계설비 설치	아파트 > 기계설비작업 > 기계설비 설치	AMBIGUOUS			AMBIGUOUS	GENERIC_MECHANICAL_EQUIPMENT_INSTALLATION_SPANS_MULTIPLE_SPECIFIC_INSTALLATION_TASKS	MEDIUM	c44be9c0edac197b175e84a2647497747a636ad71b27dfaa8308492a4616014a	a22f3a83f3cc2563554eb04b71ac8afc1faff44e3a6a594dd265ff04baafa2a6	GPT	B04	기계설비 설치	아파트 > 기계설비작업 > 기계설비 설치	B04
59f7dc0d09ba79c7768be45c5e6ae2d5c9f0536b50242da1456c65a7408b192e	019f81e967d0613b9e8f8704c283433f5d133afb3812f31a2b98e57bde4392e3	아파트	창호 및 유리작업	창호 및 유리 설치	아파트 > 창호 및 유리작업 > 창호 및 유리 설치	AMBIGUOUS			AMBIGUOUS	COMPOSITE_WINDOW_AND_GLASS_INSTALLATION_DOES_NOT_IDENTIFY_A_SINGLE_CANONICAL_TASK	MEDIUM	c44be9c0edac197b175e84a2647497747a636ad71b27dfaa8308492a4616014a	a22f3a83f3cc2563554eb04b71ac8afc1faff44e3a6a594dd265ff04baafa2a6	GPT	B04	창호 및 유리 설치	아파트 > 창호 및 유리작업 > 창호 및 유리 설치	B04
5d765903c29c4526688532c7fa58697fd8af536ac3f96fb944bf56e031ee08d9	c469423c996f4827ed7cefc2fe69a483650af49c1587107d4e175cebe032a7a8	아파트	전기설비작업	전기설비 설치	아파트 > 전기설비작업 > 전기설비 설치	AMBIGUOUS			AMBIGUOUS	GENERIC_ELECTRICAL_EQUIPMENT_INSTALLATION_DOES_NOT_IDENTIFY_A_SINGLE_CANONICAL_TASK	MEDIUM	c44be9c0edac197b175e84a2647497747a636ad71b27dfaa8308492a4616014a	a22f3a83f3cc2563554eb04b71ac8afc1faff44e3a6a594dd265ff04baafa2a6	GPT	B04	전기설비 설치	아파트 > 전기설비작업 > 전기설비 설치	B04
62ea25dfc890c984f6479de5594296ade038b93e07943b9aa991351e555667a1	e1e8494c4682b61509797c0083fd99e6444219af53d56a2ec5f314885a3b363a	아파트	조경작업	조경시공 및 설치	아파트 > 조경작업 > 조경시공 및 설치	AMBIGUOUS			AMBIGUOUS	BROAD_COMPOSITE_LANDSCAPE_CONSTRUCTION_LABEL_DOES_NOT_IDENTIFY_A_SINGLE_CANONICAL_TASK	MEDIUM	c44be9c0edac197b175e84a2647497747a636ad71b27dfaa8308492a4616014a	a22f3a83f3cc2563554eb04b71ac8afc1faff44e3a6a594dd265ff04baafa2a6	GPT	B04	조경시공 및 설치	아파트 > 조경작업 > 조경시공 및 설치	B04
64437a62b38214105fc85ac8670c8cb9fc16dfd5de3d4b2c688d445f84c4640c	dec16f7b86d1f135da0c745ae44877337b08f49cfe3b8c402376b992fe3e04c3	아파트	금속 및 잡철물작업	금속 및 잡철물 시공	아파트 > 금속 및 잡철물작업 > 금속 및 잡철물 시공	AMBIGUOUS			AMBIGUOUS	BROAD_METAL_AND_MISCELLANEOUS_STEEL_WORK_DOES_NOT_IDENTIFY_A_SINGLE_CANONICAL_TASK	MEDIUM	c44be9c0edac197b175e84a2647497747a636ad71b27dfaa8308492a4616014a	a22f3a83f3cc2563554eb04b71ac8afc1faff44e3a6a594dd265ff04baafa2a6	GPT	B04	금속 및 잡철물 시공	아파트 > 금속 및 잡철물작업 > 금속 및 잡철물 시공	B04
73ff39f57dc9fe5213d4a144764a7590c1a6347d92c52c9d9ad09b8613502cbc	980fd27bcbc9f38633c387245b693272b18882f9d65d747c5b616238c5c47b50	아파트	도장작업	실내도장	아파트 > 도장작업 > 실내도장	AMBIGUOUS			AMBIGUOUS	LOCATION_ONLY_PAINTING_LABEL_DOES_NOT_IDENTIFY_A_SINGLE_PAINTING_CANONICAL_TASK	MEDIUM	c44be9c0edac197b175e84a2647497747a636ad71b27dfaa8308492a4616014a	a22f3a83f3cc2563554eb04b71ac8afc1faff44e3a6a594dd265ff04baafa2a6	GPT	B04	실내도장	아파트 > 도장작업 > 실내도장	B04
790b79cdc9050755e5be1d386f8c2902ae83fd6019cc5375067a92166ebb29e8	286428d849d269933a6938c6bd28f240a595510328eed027cbfc6d3b202b6ff2	아파트	조적	미장 및 견출작업	아파트 > 조적 > 미장 및 견출작업	AMBIGUOUS			AMBIGUOUS	COMPOSITE_PLASTERING_AND_SURFACE_FINISHING_LABEL_SPANS_MULTIPLE_CANONICAL_TASKS	MEDIUM	c44be9c0edac197b175e84a2647497747a636ad71b27dfaa8308492a4616014a	a22f3a83f3cc2563554eb04b71ac8afc1faff44e3a6a594dd265ff04baafa2a6	GPT	B04	미장 및 견출작업	아파트 > 조적 > 미장 및 견출작업	B04
a7636b3af030f8c42091f4280a6330060ca8d9696e62b0fae0221bce8117fd88	d112394908ff4025366bff4f7a2f8e291fb2b0fba69adfb6fc87da0eb6c579e4	아파트	굴착작업	굴착	아파트 > 굴착작업 > 굴착	AMBIGUOUS			AMBIGUOUS	GENERIC_EXCAVATION_SPANS_MULTIPLE_SPECIFIC_CANONICAL_EXCAVATION_TASKS	HIGH	c44be9c0edac197b175e84a2647497747a636ad71b27dfaa8308492a4616014a	a22f3a83f3cc2563554eb04b71ac8afc1faff44e3a6a594dd265ff04baafa2a6	GPT	B04	굴착	아파트 > 굴착작업 > 굴착	B04
b7c2221657ce435c09e17d8d9aa4c09d4064c6a6e06f84df83bacba13ba76f09	a9e21fc4337e48cb8d364706242f68e719f6ac182395a7839467370d59e08659	아파트	수장작업	수장시공(석고보드	아파트 > 수장작업 > 수장시공(석고보드	AMBIGUOUS			AMBIGUOUS	GYPSUM_BOARD_SOURCE_IS_INCOMPLETE_AND_DOES_NOT_DISTINGUISH_WALL_FROM_CEILING_INSTALLATION	MEDIUM	c44be9c0edac197b175e84a2647497747a636ad71b27dfaa8308492a4616014a	a22f3a83f3cc2563554eb04b71ac8afc1faff44e3a6a594dd265ff04baafa2a6	GPT	B04	수장시공(석고보드	아파트 > 수장작업 > 수장시공(석고보드	B04
c9ee21f243975e2851be7a7d6ccfe8f7f575199a77ea20ee4306d5542297177b	4a3dbd922c659097d1433bcf1ab545cdc988aac7912806e9f5316923df385e44	아파트	석재 및 타일작업	석재 및 타일 줄눈	아파트 > 석재 및 타일작업 > 석재 및 타일 줄눈	AMBIGUOUS			AMBIGUOUS	GENERIC_STONE_AND_TILE_JOINT_WORK_SPANS_MULTIPLE_STONE_TILE_SEALING_CANONICAL_TASKS	MEDIUM	c44be9c0edac197b175e84a2647497747a636ad71b27dfaa8308492a4616014a	a22f3a83f3cc2563554eb04b71ac8afc1faff44e3a6a594dd265ff04baafa2a6	GPT	B04	석재 및 타일 줄눈	아파트 > 석재 및 타일작업 > 석재 및 타일 줄눈	B04
defa5d15f94ac6ad466dec99848e6a866019a2f473094c85207bad9f83a6ae59	b439ae20f59071a21eabd2b8236e351dfd1ac0a38c3747bdfdad9f93e6e7673b	아파트	석재 및 타일작업	석재 및 타일 붙임	아파트 > 석재 및 타일작업 > 석재 및 타일 붙임	AMBIGUOUS			AMBIGUOUS	GENERIC_STONE_AND_TILE_ADHESION_SPANS_MULTIPLE_MATERIAL_AND_SURFACE_SPECIFIC_CANONICAL_TASKS	MEDIUM	c44be9c0edac197b175e84a2647497747a636ad71b27dfaa8308492a4616014a	a22f3a83f3cc2563554eb04b71ac8afc1faff44e3a6a594dd265ff04baafa2a6	GPT	B04	석재 및 타일 붙임	아파트 > 석재 및 타일작업 > 석재 및 타일 붙임	B04
e93a134445d1057a7badfd386130743ef8e5a7c5bb94c66b9a490c4c3df0d39b	490d9717a56d63cdcb8c7fb13277fcbf3a28f06db2fc8ed14f0beedb4bc892ef	아파트	지장물조사 및 이설작업	지장물 보호	아파트 > 지장물조사 및 이설작업 > 지장물 보호	AMBIGUOUS			AMBIGUOUS	GENERIC_UTILITY_PROTECTION_SPANS_MULTIPLE_UTILITY_PROTECTION_INTERPRETATIONS	MEDIUM	c44be9c0edac197b175e84a2647497747a636ad71b27dfaa8308492a4616014a	a22f3a83f3cc2563554eb04b71ac8afc1faff44e3a6a594dd265ff04baafa2a6	GPT	B04	지장물 보호	아파트 > 지장물조사 및 이설작업 > 지장물 보호	B04
21eff9337f3b349936a1e6009f18b096b93ee55c217bae71787e3d0f7f7f086b	821fd22a65bf0e12b644a9601e1527e8c8bc8eb16a4f01d9e45310e677e1111c	지하철	도장작업	도장 면처리	지하철 > 도장작업 > 도장 면처리	AMBIGUOUS			AMBIGUOUS	GENERIC_PAINT_SURFACE_PREPARATION_DOES_NOT_IDENTIFY_THE_SUBSTRATE_SPECIFIC_CANONICAL_TASK	MEDIUM	67a0a8a09af59772c61cad93af3b2dd3fcf818dfde794e972ea0c74fb0fc3ed0	a22f3a83f3cc2563554eb04b71ac8afc1faff44e3a6a594dd265ff04baafa2a6	GPT	B05	도장 면처리	지하철 > 도장작업 > 도장 면처리	B05
22e999a3af229f07cbc31745bd4eb5ec64871cb28cdbc266bc9e27690e609a56	2e0de1de8710c35908d01741f3fe1452ba34da1107c931d0f5c069830c7763d1	지하철	부대토목작업	부대토목 구내포장	지하철 > 부대토목작업 > 부대토목 구내포장	AMBIGUOUS			AMBIGUOUS	GENERIC_SITE_PAVING_DOES_NOT_IDENTIFY_MATERIAL_OR_PAVING_METHOD	MEDIUM	67a0a8a09af59772c61cad93af3b2dd3fcf818dfde794e972ea0c74fb0fc3ed0	a22f3a83f3cc2563554eb04b71ac8afc1faff44e3a6a594dd265ff04baafa2a6	GPT	B05	부대토목 구내포장	지하철 > 부대토목작업 > 부대토목 구내포장	B05
27c9be7903755787e40dca662154e78f712a064fe91d24bd28c0a90f0d497856	501605f8705037e741664023abe0a4fd9f8015a82a0c8f2b6ca153ae6ae9092d	지하철	석재 및 타일작업	석재 및 타일 줄눈	지하철 > 석재 및 타일작업 > 석재 및 타일 줄눈	AMBIGUOUS			AMBIGUOUS	GENERIC_STONE_AND_TILE_JOINT_WORK_SPANS_MULTIPLE_STONE_TILE_SEALING_CANONICAL_TASKS	MEDIUM	67a0a8a09af59772c61cad93af3b2dd3fcf818dfde794e972ea0c74fb0fc3ed0	a22f3a83f3cc2563554eb04b71ac8afc1faff44e3a6a594dd265ff04baafa2a6	GPT	B05	석재 및 타일 줄눈	지하철 > 석재 및 타일작업 > 석재 및 타일 줄눈	B05
3eca9420cb4152aa9bbf87e92765415d37a7cf6d5ab6e72f801110c047104bc7	c55e0931eb9bb020bb919cd063c7b6ab394b8af66f0673ec3ca540cfd623f6cc	지하철	도장작업	실외도장	지하철 > 도장작업 > 실외도장	AMBIGUOUS			AMBIGUOUS	LOCATION_ONLY_PAINTING_LABEL_DOES_NOT_IDENTIFY_A_SINGLE_PAINTING_CANONICAL_TASK	MEDIUM	67a0a8a09af59772c61cad93af3b2dd3fcf818dfde794e972ea0c74fb0fc3ed0	a22f3a83f3cc2563554eb04b71ac8afc1faff44e3a6a594dd265ff04baafa2a6	GPT	B05	실외도장	지하철 > 도장작업 > 실외도장	B05
5d7b57cba2c9c084e7b82bd66e92f11e030f7b304ddf05ecc302d37873b97e46	bd581420a468473675b65f9f73fb4ed4539da921e90b5bab4a699de533a6984e	지하철	맨홀 및 관부설작업	맨홀 및 관부설	지하철 > 맨홀 및 관부설작업 > 맨홀 및 관부설	AMBIGUOUS			AMBIGUOUS	COMPOSITE_MANHOLE_AND_PIPE_LAYING_SOURCE_DOES_NOT_IDENTIFY_PIPE_MATERIAL_OR_SINGLE_CANONICAL_TASK	MEDIUM	67a0a8a09af59772c61cad93af3b2dd3fcf818dfde794e972ea0c74fb0fc3ed0	a22f3a83f3cc2563554eb04b71ac8afc1faff44e3a6a594dd265ff04baafa2a6	GPT	B05	맨홀 및 관부설	지하철 > 맨홀 및 관부설작업 > 맨홀 및 관부설	B05
5e80a46bc1f5827dbedd46972b79e2bc60a4f3e7d19ea17122c5a5ec00f26936	11b1262236faeebb5c26c364f3d176c9fcfbf859afb26eeb47b04288997030e1	지하철	석재 및 타일작업	석재 및 타일 붙임	지하철 > 석재 및 타일작업 > 석재 및 타일 붙임	AMBIGUOUS			AMBIGUOUS	GENERIC_STONE_AND_TILE_ADHESION_SPANS_MULTIPLE_MATERIAL_AND_SURFACE_SPECIFIC_CANONICAL_TASKS	MEDIUM	67a0a8a09af59772c61cad93af3b2dd3fcf818dfde794e972ea0c74fb0fc3ed0	a22f3a83f3cc2563554eb04b71ac8afc1faff44e3a6a594dd265ff04baafa2a6	GPT	B05	석재 및 타일 붙임	지하철 > 석재 및 타일작업 > 석재 및 타일 붙임	B05
ad470061c2b568ceab68669d5b131b6fc097bb5e840c425a2709c13cb46547d4	fe7b0a49566187aedcc9df7a8bc2bba20f81c3956f41bc8879cdeed09d346465	지하철	도장작업	실내도장	지하철 > 도장작업 > 실내도장	AMBIGUOUS			AMBIGUOUS	LOCATION_ONLY_PAINTING_LABEL_DOES_NOT_IDENTIFY_A_SINGLE_PAINTING_CANONICAL_TASK	MEDIUM	67a0a8a09af59772c61cad93af3b2dd3fcf818dfde794e972ea0c74fb0fc3ed0	a22f3a83f3cc2563554eb04b71ac8afc1faff44e3a6a594dd265ff04baafa2a6	GPT	B05	실내도장	지하철 > 도장작업 > 실내도장	B05
bc988da5ddcea4e1b2b2b104656e0ba9e9a33ee77db23e7296ff5501fe854917	d338979f3800ba580e63593cbd99c086c4041d99375b9e8f516a8f9b1b031509	지하철	굴착작업	굴착	지하철 > 굴착작업 > 굴착	AMBIGUOUS			AMBIGUOUS	GENERIC_EXCAVATION_SPANS_MULTIPLE_SPECIFIC_CANONICAL_EXCAVATION_TASKS	HIGH	67a0a8a09af59772c61cad93af3b2dd3fcf818dfde794e972ea0c74fb0fc3ed0	a22f3a83f3cc2563554eb04b71ac8afc1faff44e3a6a594dd265ff04baafa2a6	GPT	B05	굴착	지하철 > 굴착작업 > 굴착	B05
d8bf703d34a6a67bcd2ca9ab140e4c50ce4fb030d5e346b57bb6afe6ee8dcebb	5c41ab4ae0caa5a982ae5649ed108b8a246dcadc6cf8fc461906418c2d10dbb9	지하철	금속 및 잡철물작업	금속 및 잡철물 시공	지하철 > 금속 및 잡철물작업 > 금속 및 잡철물 시공	AMBIGUOUS			AMBIGUOUS	BROAD_METAL_AND_MISCELLANEOUS_STEEL_WORK_DOES_NOT_IDENTIFY_A_SINGLE_CANONICAL_TASK	MEDIUM	67a0a8a09af59772c61cad93af3b2dd3fcf818dfde794e972ea0c74fb0fc3ed0	a22f3a83f3cc2563554eb04b71ac8afc1faff44e3a6a594dd265ff04baafa2a6	GPT	B05	금속 및 잡철물 시공	지하철 > 금속 및 잡철물작업 > 금속 및 잡철물 시공	B05
e6110fd529e7593b71ccc763447fbb6cf9a7d1f50204daa7f6b1004cb68659b1	c1028b4628d28bd6381d2d9418db1d3257154accf5b29cc18903a0589ecf75eb	지하철	기계설비작업	기계설비 설치	지하철 > 기계설비작업 > 기계설비 설치	AMBIGUOUS			AMBIGUOUS	GENERIC_MECHANICAL_EQUIPMENT_INSTALLATION_SPANS_MULTIPLE_SPECIFIC_INSTALLATION_TASKS	MEDIUM	67a0a8a09af59772c61cad93af3b2dd3fcf818dfde794e972ea0c74fb0fc3ed0	a22f3a83f3cc2563554eb04b71ac8afc1faff44e3a6a594dd265ff04baafa2a6	GPT	B05	기계설비 설치	지하철 > 기계설비작업 > 기계설비 설치	B05
f2f4873b528b4a9ba50f60e56c45d541ddb6fdaeefd2b3a240a22d3af67c57df	489e1dc03927c8581c75eba9275893bf0004c3287116cc9139d14be846e0aa54	아파트	콘크리트작업	콘크리트타설	아파트 > 콘크리트작업 > 콘크리트타설	AMBIGUOUS			AMBIGUOUS	GENERIC_CONCRETE_PLACEMENT_DOES_NOT_DISTINGUISH_AMONG_MULTIPLE_CONCRETE_PLACEMENT_CANONICAL_TASKS	HIGH	67a0a8a09af59772c61cad93af3b2dd3fcf818dfde794e972ea0c74fb0fc3ed0	a22f3a83f3cc2563554eb04b71ac8afc1faff44e3a6a594dd265ff04baafa2a6	GPT	B05	콘크리트타설	아파트 > 콘크리트작업 > 콘크리트타설	B05
04bff63c1a3c0280c553b368bb007a3fee147f22d97d12a2a10fcf7339c83533	00e4fc12263393951a28470dcda38e1861a1fdaee64a806b681d6512abade395	터널	갱구부작업	갱구부 보강	터널 > 갱구부작업 > 갱구부 보강	AMBIGUOUS			AMBIGUOUS	GENERIC_TUNNEL_PORTAL_REINFORCEMENT_DOES_NOT_IDENTIFY_A_SINGLE_REINFORCEMENT_METHOD_OR_CANONICAL_TASK	MEDIUM	b0df9c2e77642184bc98fa67bc94e5073a41913ccc9a867da1ec5bf3bbfc34c2	a22f3a83f3cc2563554eb04b71ac8afc1faff44e3a6a594dd265ff04baafa2a6	GPT	B06	갱구부 보강	터널 > 갱구부작업 > 갱구부 보강	B06
4576ebe90839817c8de8830a6c63f3dbb7119654250c3fd01fa923e5de4acbd9	f26e581c0138a3c1abecb4842f5821e4c6076be616a18047b1eeb7ee70e24543	지하철	전기설비작업	전기설비 설치	지하철 > 전기설비작업 > 전기설비 설치	AMBIGUOUS			AMBIGUOUS	GENERIC_ELECTRICAL_EQUIPMENT_INSTALLATION_DOES_NOT_IDENTIFY_A_SINGLE_CANONICAL_TASK	MEDIUM	b0df9c2e77642184bc98fa67bc94e5073a41913ccc9a867da1ec5bf3bbfc34c2	a22f3a83f3cc2563554eb04b71ac8afc1faff44e3a6a594dd265ff04baafa2a6	GPT	B06	전기설비 설치	지하철 > 전기설비작업 > 전기설비 설치	B06
4bf0123a90c029c35a5bde93b685fbd6bcd8f1471f368aac6fb70b9a71d40c15	fad5b008f66307ff7adcd7064806521854e55bc60d5fd1115b8504e866c1c5f5	지하철	판넬 등 외부마감작업	판넬 등 외부마감 시공	지하철 > 판넬 등 외부마감작업 > 판넬 등 외부마감 시공	AMBIGUOUS			AMBIGUOUS	BROAD_EXTERNAL_PANEL_AND_FINISHING_LABEL_DOES_NOT_IDENTIFY_A_SINGLE_CANONICAL_TASK	MEDIUM	b0df9c2e77642184bc98fa67bc94e5073a41913ccc9a867da1ec5bf3bbfc34c2	a22f3a83f3cc2563554eb04b71ac8afc1faff44e3a6a594dd265ff04baafa2a6	GPT	B06	판넬 등 외부마감 시공	지하철 > 판넬 등 외부마감작업 > 판넬 등 외부마감 시공	B06
5180e16bc943cf4cb929ecb22ab79517d5f5ea6c2252369f59baed472a862eb4	151c56a48d34860a157271e71b407fb7ddedfae055e846d5e2e9c1815fc663ab	지하철	터널보강작업	터널 특수보강	지하철 > 터널보강작업 > 터널 특수보강	AMBIGUOUS			AMBIGUOUS	GENERIC_SPECIAL_TUNNEL_REINFORCEMENT_DOES_NOT_IDENTIFY_A_SINGLE_REINFORCEMENT_METHOD_OR_CANONICAL_TASK	MEDIUM	b0df9c2e77642184bc98fa67bc94e5073a41913ccc9a867da1ec5bf3bbfc34c2	a22f3a83f3cc2563554eb04b71ac8afc1faff44e3a6a594dd265ff04baafa2a6	GPT	B06	터널 특수보강	지하철 > 터널보강작업 > 터널 특수보강	B06
58a88edbd40a2063b2a0d97f2f9def1608cdb984c4aa7c524798c4827e8bba01	646ef33673457d4bbc9963f36fcfe88141cd1387f8a840ed38223937c3495cbc	지하철	콘크리트작업	콘크리트타설	지하철 > 콘크리트작업 > 콘크리트타설	AMBIGUOUS			AMBIGUOUS	GENERIC_CONCRETE_PLACEMENT_DOES_NOT_DISTINGUISH_AMONG_MULTIPLE_CONCRETE_PLACEMENT_CANONICAL_TASKS	HIGH	b0df9c2e77642184bc98fa67bc94e5073a41913ccc9a867da1ec5bf3bbfc34c2	a22f3a83f3cc2563554eb04b71ac8afc1faff44e3a6a594dd265ff04baafa2a6	GPT	B06	콘크리트타설	지하철 > 콘크리트작업 > 콘크리트타설	B06
9259467b28edf13f9f10e9d40349ad7f7440b924483d90a653e922468074f9e7	7fe75c6c00a570dcf546809e7d16214fd8c7c7d79864e445c66dc4c7dd9d582c	지하철	창호 및 유리작업	창호 및 유리 설치	지하철 > 창호 및 유리작업 > 창호 및 유리 설치	AMBIGUOUS			AMBIGUOUS	COMPOSITE_WINDOW_AND_GLASS_INSTALLATION_DOES_NOT_IDENTIFY_A_SINGLE_CANONICAL_TASK	MEDIUM	b0df9c2e77642184bc98fa67bc94e5073a41913ccc9a867da1ec5bf3bbfc34c2	a22f3a83f3cc2563554eb04b71ac8afc1faff44e3a6a594dd265ff04baafa2a6	GPT	B06	창호 및 유리 설치	지하철 > 창호 및 유리작업 > 창호 및 유리 설치	B06
9944bac0c3bf19558150d7af8df4337ef7ca1fd70a8de36d6a2ceef34069a1ec	8b052a13fcb4bf3b5e25a41eed0ac1310df3399a9f4c3ee2ce6464a35501e9fd	지하철	조경작업	조경시공 및 설치	지하철 > 조경작업 > 조경시공 및 설치	AMBIGUOUS			AMBIGUOUS	BROAD_COMPOSITE_LANDSCAPE_CONSTRUCTION_LABEL_DOES_NOT_IDENTIFY_A_SINGLE_CANONICAL_TASK	MEDIUM	b0df9c2e77642184bc98fa67bc94e5073a41913ccc9a867da1ec5bf3bbfc34c2	a22f3a83f3cc2563554eb04b71ac8afc1faff44e3a6a594dd265ff04baafa2a6	GPT	B06	조경시공 및 설치	지하철 > 조경작업 > 조경시공 및 설치	B06
b857feda90885f5b017cca1ef241af5c157b14fed5d12a0f44a90917afabf411	a19498e302410de0523c8f3166b0ceff251babe40e3de9b2431c223799e6be5f	지하철	지장물조사 및 이설작업	지장물 보호	지하철 > 지장물조사 및 이설작업 > 지장물 보호	AMBIGUOUS			AMBIGUOUS	GENERIC_UTILITY_PROTECTION_SPANS_MULTIPLE_UTILITY_PROTECTION_INTERPRETATIONS	MEDIUM	b0df9c2e77642184bc98fa67bc94e5073a41913ccc9a867da1ec5bf3bbfc34c2	a22f3a83f3cc2563554eb04b71ac8afc1faff44e3a6a594dd265ff04baafa2a6	GPT	B06	지장물 보호	지하철 > 지장물조사 및 이설작업 > 지장물 보호	B06
b9d0626e802201461c34bed31d9783c8ef5f6e4e758b23697ef3a805e59ae385	6957c91f7e9ed7a9737f82ec871aa395b522de27aba57f8ecc7e56d5bd271412	터널	부대토목작업	부대토목 구내포장	터널 > 부대토목작업 > 부대토목 구내포장	AMBIGUOUS			AMBIGUOUS	GENERIC_SITE_PAVING_DOES_NOT_IDENTIFY_MATERIAL_OR_PAVING_METHOD	MEDIUM	b0df9c2e77642184bc98fa67bc94e5073a41913ccc9a867da1ec5bf3bbfc34c2	a22f3a83f3cc2563554eb04b71ac8afc1faff44e3a6a594dd265ff04baafa2a6	GPT	B06	부대토목 구내포장	터널 > 부대토목작업 > 부대토목 구내포장	B06
d0b7c0d78c7fc8780baf2e62e61ccef89664bf07bcf4660fe5aa3daae5013d9a	2cab31c2a82025467c4970f1599aa51e88a23cc5a371c4ada8fa751727497c0a	지하철	조적	미장 및 견출작업	지하철 > 조적 > 미장 및 견출작업	AMBIGUOUS			AMBIGUOUS	COMPOSITE_PLASTERING_AND_SURFACE_FINISHING_LABEL_SPANS_MULTIPLE_CANONICAL_TASKS	MEDIUM	b0df9c2e77642184bc98fa67bc94e5073a41913ccc9a867da1ec5bf3bbfc34c2	a22f3a83f3cc2563554eb04b71ac8afc1faff44e3a6a594dd265ff04baafa2a6	GPT	B06	미장 및 견출작업	지하철 > 조적 > 미장 및 견출작업	B06
f556d0f56dce9fa3be35cef61a4c35e92c55fddfe2b98d1c3ef3acf031e12cff	34f1014e2b7de1f05fef5b6d295d629e191fdafbb9f6d64c99d00021b73810ba	터널	굴착작업	굴착	터널 > 굴착작업 > 굴착	AMBIGUOUS			AMBIGUOUS	GENERIC_EXCAVATION_SPANS_MULTIPLE_SPECIFIC_CANONICAL_EXCAVATION_TASKS	HIGH	b0df9c2e77642184bc98fa67bc94e5073a41913ccc9a867da1ec5bf3bbfc34c2	a22f3a83f3cc2563554eb04b71ac8afc1faff44e3a6a594dd265ff04baafa2a6	GPT	B06	굴착	터널 > 굴착작업 > 굴착	B06
92e8ce3fb60173e1756f7fc5d055efb81f9800313cd07b8220c3fd3d95040a38	94f5a8315ad5ae766cb46443c8aac14bcea21c7151c3e7307a35fbae58b6c845	터널	터널보강작업	터널 특수보강	터널 > 터널보강작업 > 터널 특수보강	AMBIGUOUS			AMBIGUOUS	GENERIC_SPECIAL_TUNNEL_REINFORCEMENT_DOES_NOT_IDENTIFY_A_SINGLE_REINFORCEMENT_METHOD_OR_CANONICAL_TASK	MEDIUM	b1c9ed4280fc971257561a2696df5748c9411c50a0c9330805375d7114af0060	a22f3a83f3cc2563554eb04b71ac8afc1faff44e3a6a594dd265ff04baafa2a6	GPT	B07	터널 특수보강	터널 > 터널보강작업 > 터널 특수보강	B07
fd78399b1be303af3221c5dceaf8fd6e7c517de0ecd2794cac7c83d6fce8aecd	cc0c80ef462286f3855d8e814ac817083d06d4f44c3e74d272bd8153d23faf79	터널	콘크리트작업	콘크리트타설	터널 > 콘크리트작업 > 콘크리트타설	AMBIGUOUS			AMBIGUOUS	GENERIC_CONCRETE_PLACEMENT_DOES_NOT_DISTINGUISH_AMONG_MULTIPLE_CONCRETE_PLACEMENT_CANONICAL_TASKS	HIGH	b1c9ed4280fc971257561a2696df5748c9411c50a0c9330805375d7114af0060	a22f3a83f3cc2563554eb04b71ac8afc1faff44e3a6a594dd265ff04baafa2a6	GPT	B07	콘크리트타설	터널 > 콘크리트작업 > 콘크리트타설	B07
