materialization_id	owner_approval_id	review_key	source_id	source_key	canonical_id	canonical_name	mapping_type	mapping_status	mapping_method	owner_approval_binding_sha	production_verified
RISK-KALIS-MAP-MATERIALIZE-001	RISK-KALIS-MAP-APPROVE-001	7ad543d9e5021cffe87648bb3c7279e490f439cdeea8c3e619a3104bb4d426b2	KALIS_RISK_PROFILE	4bcd12813a918603d8b38a34a89b9d68226deb2c86a82f9d286de0c8f394cb62	473d69ee-4433-487f-bc43-c35c1f2ea28f	발파굴착	NARROWER_THAN	APPROVED	MANUAL_REVIEW	ac75691caef78a44fa4036ab81435549f1f4d93f1a28a026c4b0f1602e34f03e	YES
RISK-KALIS-MAP-MATERIALIZE-001	RISK-KALIS-MAP-APPROVE-001	b6052a1a19016bfb08c82ef017b3777b76560c1f0a2c125ece09e694bb41e911	KALIS_RISK_PROFILE	4d34982f3f41c9abbfa5c8c8afcb6f901c490f4cd360b58a4f7ca4412f5593b3	473d69ee-4433-487f-bc43-c35c1f2ea28f	발파굴착	NARROWER_THAN	APPROVED	MANUAL_REVIEW	ac75691caef78a44fa4036ab81435549f1f4d93f1a28a026c4b0f1602e34f03e	YES
RISK-KALIS-MAP-MATERIALIZE-001	RISK-KALIS-MAP-APPROVE-001	8345a1ff440e630fb7f73846501025ad742dbf877da148b1e97f3edacb58fca8	KALIS_RISK_PROFILE	6ac3a80b516f9822413f5a16264745c3da6535e59a5d41e94d256e16db88db91	473d69ee-4433-487f-bc43-c35c1f2ea28f	발파굴착	NARROWER_THAN	APPROVED	MANUAL_REVIEW	ac75691caef78a44fa4036ab81435549f1f4d93f1a28a026c4b0f1602e34f03e	YES
RISK-KALIS-MAP-MATERIALIZE-001	RISK-KALIS-MAP-APPROVE-001	e29e4132212aaceb8ccaae37ad4e452b545997cdcd9ee0bbebb2f6e98a07888d	KALIS_RISK_PROFILE	a01acb8abb5884545427c7e180ab733ce3365dd75567a98baddefc78e365c706	473d69ee-4433-487f-bc43-c35c1f2ea28f	발파굴착	NARROWER_THAN	APPROVED	MANUAL_REVIEW	ac75691caef78a44fa4036ab81435549f1f4d93f1a28a026c4b0f1602e34f03e	YES
RISK-KALIS-MAP-MATERIALIZE-001	RISK-KALIS-MAP-APPROVE-001	c845a074ed23b5822fc1507d841692c3fae21b079a1445e5e73442b2db81dd06	KALIS_RISK_PROFILE	aaf3b02d93e32b6ebae14ce31cb98d5302aa62484b653e11add70b8a9ee91ea8	473d69ee-4433-487f-bc43-c35c1f2ea28f	발파굴착	NARROWER_THAN	APPROVED	MANUAL_REVIEW	ac75691caef78a44fa4036ab81435549f1f4d93f1a28a026c4b0f1602e34f03e	YES
RISK-KALIS-MAP-MATERIALIZE-001	RISK-KALIS-MAP-APPROVE-001	6f97dc5e9cadec215d16f88e3f7ebe0d88cfd465728c1b48cf61f5ce96d798f1	KALIS_RISK_PROFILE	c10af25e7222a7cb959ee15e84216a84dab5764890a2586272633c6624e4d95f	473d69ee-4433-487f-bc43-c35c1f2ea28f	발파굴착	NARROWER_THAN	APPROVED	MANUAL_REVIEW	ac75691caef78a44fa4036ab81435549f1f4d93f1a28a026c4b0f1602e34f03e	YES
RISK-KALIS-MAP-MATERIALIZE-001	RISK-KALIS-MAP-APPROVE-001	96120419dde7b52811d2ab305e52aff5d8dd86475516de06d0ec243ac39f2254	KALIS_RISK_PROFILE	c284c58a7d300c449a422a04770801985ac5ac24d7b1886c3fa386eaa283c8a5	473d69ee-4433-487f-bc43-c35c1f2ea28f	발파굴착	NARROWER_THAN	APPROVED	MANUAL_REVIEW	ac75691caef78a44fa4036ab81435549f1f4d93f1a28a026c4b0f1602e34f03e	YES
RISK-KALIS-MAP-MATERIALIZE-001	RISK-KALIS-MAP-APPROVE-001	dd9759cac1a81c40a55f00cb98d2ccab06d6c4983f8b607b2e68d7afb74d426d	KALIS_RISK_PROFILE	c7a1dfc6450566681d08082a626ca7eb224c8400bd8b98135bbbc2b919ef5179	473d69ee-4433-487f-bc43-c35c1f2ea28f	발파굴착	NARROWER_THAN	APPROVED	MANUAL_REVIEW	ac75691caef78a44fa4036ab81435549f1f4d93f1a28a026c4b0f1602e34f03e	YES
RISK-KALIS-MAP-MATERIALIZE-001	RISK-KALIS-MAP-APPROVE-001	6b223cd3cf40334776c0959bd8d292d715198e4e9e340729d6b03bd23db24fd0	KALIS_RISK_PROFILE	cc3283c85a234ec0d1e363ba7f0e25cac93f3a535611fa4de81e52d445110022	473d69ee-4433-487f-bc43-c35c1f2ea28f	발파굴착	NARROWER_THAN	APPROVED	MANUAL_REVIEW	ac75691caef78a44fa4036ab81435549f1f4d93f1a28a026c4b0f1602e34f03e	YES
