review_key	source_key	project_kind	work_type	source_name	source_path	gpt_semantic_decision	gpt_target_canonical_id	gpt_target_canonical_name	gpt_mapping_type	gpt_reason	gpt_confidence_class	input_evidence_sha	canonical_reference_sha	review_authority	review_batch
00811d2554f8c8a86b0b8c6d4b9947c4ee5f5ff34600f8d8fe7ef3d2b2d7eebf	3a503445eed80fa60534191572650d7760bf52e3515357b17b011edf62b6ee7c	댐	굴착작업	굴착 장비반입	댐 > 굴착작업 > 굴착 장비반입	CANONICAL_GAP				VALID_TASK_BUT_NO_SUITABLE_SINGLE_CANONICAL_TASK_IN_FROZEN_REFERENCE	MEDIUM	402fafe9e1026838ffd0c2fb15b6b685b3554c15aa07999329a6c073752f71dd	a22f3a83f3cc2563554eb04b71ac8afc1faff44e3a6a594dd265ff04baafa2a6	GPT	B02
02635425ba69c809755adda4e4654eaaf1b86545f2e037c7972f1fdaffab066d	77ce2cec08de3c8a19f009a9193cc8d23db48cc779e6948ad3a3ef0f1e239a04	댐	가체절작업	가체절(물막이) 장비 반입	댐 > 가체절작업 > 가체절(물막이) 장비 반입	CANONICAL_GAP				VALID_TASK_BUT_NO_SUITABLE_SINGLE_CANONICAL_TASK_IN_FROZEN_REFERENCE	MEDIUM	402fafe9e1026838ffd0c2fb15b6b685b3554c15aa07999329a6c073752f71dd	a22f3a83f3cc2563554eb04b71ac8afc1faff44e3a6a594dd265ff04baafa2a6	GPT	B02
0461ca82dac8eb8b6ba14ebd0ec9393eb02dc160c0e6b07933debee2a63087d5	8fed92326f54524d0cace202220491cd29cc3a9734d01e4b11f91b075cff8a94	댐	위험기계기구작업	열풍기	댐 > 위험기계기구작업 > 열풍기	NO_MATCH			NO_MATCH	SOURCE_CONCEPT_IS_NOT_A_TASK_SEMANTIC_FOR_CURRENT_CANONICAL_TASK_UNIVERSE	HIGH	402fafe9e1026838ffd0c2fb15b6b685b3554c15aa07999329a6c073752f71dd	a22f3a83f3cc2563554eb04b71ac8afc1faff44e3a6a594dd265ff04baafa2a6	GPT	B02
05012cea08334d40a6a208af844e652b19316b82ed7b7afb1d4df55cd131f8fa	4820f2c79ab6cffd9ecd2c8c44ee2a8b9b754eb875332f2053442330f14f5761	댐	작업환경	작업환경 (조명)	댐 > 작업환경 > 작업환경 (조명)	NO_MATCH			NO_MATCH	SOURCE_CONCEPT_IS_NOT_A_TASK_SEMANTIC_FOR_CURRENT_CANONICAL_TASK_UNIVERSE	HIGH	402fafe9e1026838ffd0c2fb15b6b685b3554c15aa07999329a6c073752f71dd	a22f3a83f3cc2563554eb04b71ac8afc1faff44e3a6a594dd265ff04baafa2a6	GPT	B02
07048f8435ed1b2fb586b9445abe8db48f6e5b123327de8fae31ea0c14143113	77d7cd347a662ef5da6ac0cb6f06ca14f40d365483326d3bf62c379ecbe655ed	댐	안전가시설작업	철골 승강용트랩	댐 > 안전가시설작업 > 철골 승강용트랩	NO_MATCH			NO_MATCH	SOURCE_CONCEPT_IS_NOT_A_TASK_SEMANTIC_FOR_CURRENT_CANONICAL_TASK_UNIVERSE	HIGH	402fafe9e1026838ffd0c2fb15b6b685b3554c15aa07999329a6c073752f71dd	a22f3a83f3cc2563554eb04b71ac8afc1faff44e3a6a594dd265ff04baafa2a6	GPT	B02
0af8d6d3e5da5dff9f0a3608401a25cd6c1de23f425f0396b915b91c9255c4a8	e0ba6c5ab3af7883250aef0ba6dd9cb99c80e4d1fd071a227bdc81562ce0b963	댐	되메움작업	되메움 토사 다짐	댐 > 되메움작업 > 되메움 토사 다짐	CANONICAL_GAP				VALID_TASK_BUT_NO_SUITABLE_SINGLE_CANONICAL_TASK_IN_FROZEN_REFERENCE	MEDIUM	402fafe9e1026838ffd0c2fb15b6b685b3554c15aa07999329a6c073752f71dd	a22f3a83f3cc2563554eb04b71ac8afc1faff44e3a6a594dd265ff04baafa2a6	GPT	B02
0d7705dfb5caa2e3f5ee4dee7d5e01fbb718015d0815d10bae5cd6a6ac33b367	94069902d9500afe2939647113637aa30d982bf8999e4471008392be74667893	교량 및 도로	특수교량작업	특수교량(FCM공법)	교량 및 도로 > 특수교량작업 > 특수교량(FCM공법)	NO_MATCH			NO_MATCH	SOURCE_CONCEPT_IS_NOT_A_TASK_SEMANTIC_FOR_CURRENT_CANONICAL_TASK_UNIVERSE	HIGH	402fafe9e1026838ffd0c2fb15b6b685b3554c15aa07999329a6c073752f71dd	a22f3a83f3cc2563554eb04b71ac8afc1faff44e3a6a594dd265ff04baafa2a6	GPT	B02
0dfeb5769d3f6e583d042dea845fb3afd7313dcf438eeb8e57406b23167bf701	0961c3f8642dcbb60df9a878ac350f8a11b8556687c450f66809045f893f7dcc	교량 및 도로	특수교량작업	특수교량(ILM공법)	교량 및 도로 > 특수교량작업 > 특수교량(ILM공법)	NO_MATCH			NO_MATCH	SOURCE_CONCEPT_IS_NOT_A_TASK_SEMANTIC_FOR_CURRENT_CANONICAL_TASK_UNIVERSE	HIGH	402fafe9e1026838ffd0c2fb15b6b685b3554c15aa07999329a6c073752f71dd	a22f3a83f3cc2563554eb04b71ac8afc1faff44e3a6a594dd265ff04baafa2a6	GPT	B02
0e54e58f28e54b2577b48d5382606eef49ed5f0633f9d7104d5ac797f62724f2	b2fa0d981d88286a47696ecb6c14dc5303b1af9580a7a20d4b511682d1dfceb6	댐	안전가시설작업	개구부	댐 > 안전가시설작업 > 개구부	NO_MATCH			NO_MATCH	SOURCE_CONCEPT_IS_NOT_A_TASK_SEMANTIC_FOR_CURRENT_CANONICAL_TASK_UNIVERSE	HIGH	402fafe9e1026838ffd0c2fb15b6b685b3554c15aa07999329a6c073752f71dd	a22f3a83f3cc2563554eb04b71ac8afc1faff44e3a6a594dd265ff04baafa2a6	GPT	B02
0f6dc8cf2a0ee040b1fdfe5d358ff8d9d9ec94dadcb53e33a9983c1bb3160cfe	1fd6bacc7ebe9bbb0c2c264933fb6d7ef1e4394fed0661f377d56138bf02fb7d	댐	가체절작업	가체절(물막이) 흙막이 시공	댐 > 가체절작업 > 가체절(물막이) 흙막이 시공	CANONICAL_GAP				VALID_TASK_BUT_NO_SUITABLE_SINGLE_CANONICAL_TASK_IN_FROZEN_REFERENCE	MEDIUM	402fafe9e1026838ffd0c2fb15b6b685b3554c15aa07999329a6c073752f71dd	a22f3a83f3cc2563554eb04b71ac8afc1faff44e3a6a594dd265ff04baafa2a6	GPT	B02
14fc92af4b63afd374cace7b2a37c0e176556bfd76b1eec7645efdb4da526b0c	b20583a238529782a83c794f5669ff5ec4077d02453756b5d81b33e028baa577	댐	위험기계기구작업	공기 압축기	댐 > 위험기계기구작업 > 공기 압축기	NO_MATCH			NO_MATCH	SOURCE_CONCEPT_IS_NOT_A_TASK_SEMANTIC_FOR_CURRENT_CANONICAL_TASK_UNIVERSE	HIGH	402fafe9e1026838ffd0c2fb15b6b685b3554c15aa07999329a6c073752f71dd	a22f3a83f3cc2563554eb04b71ac8afc1faff44e3a6a594dd265ff04baafa2a6	GPT	B02
1589b72e03adf71eb83b08c982da896684522967fe877e37c04dc7d321fed181	4371d96a206ce7b093598935451c5e861f6362bd4664460afef95a5ce3859ac7	빌딩	가설전기작업	이동석전기 기계기구	빌딩 > 가설전기작업 > 이동석전기 기계기구	NO_MATCH			NO_MATCH	SOURCE_CONCEPT_IS_NOT_A_TASK_SEMANTIC_FOR_CURRENT_CANONICAL_TASK_UNIVERSE	HIGH	402fafe9e1026838ffd0c2fb15b6b685b3554c15aa07999329a6c073752f71dd	a22f3a83f3cc2563554eb04b71ac8afc1faff44e3a6a594dd265ff04baafa2a6	GPT	B02
167bef49e0af86eaad1b4759578601e4759615991157999dccb8ea4d340eec80	9f6ecb0176e2e1ad4bb6b4377b00ae5f884e307d07c2691bbdc43ef9111c2fc2	교량 및 도로	흙막이지보공작업	흙막이지보공 자재반출	교량 및 도로 > 흙막이지보공작업 > 흙막이지보공 자재반출	CANONICAL_GAP				VALID_TASK_BUT_NO_SUITABLE_SINGLE_CANONICAL_TASK_IN_FROZEN_REFERENCE	MEDIUM	402fafe9e1026838ffd0c2fb15b6b685b3554c15aa07999329a6c073752f71dd	a22f3a83f3cc2563554eb04b71ac8afc1faff44e3a6a594dd265ff04baafa2a6	GPT	B02
17857b066286c095fd8d3176759caa44b9ce0c9d9e2dee7361e434851e7c3058	0f2268603a0346622e6415e618c8de7354a0f49b50792c040194017066b00843	교량 및 도로	콘크리트작업	콘크리트 반입	교량 및 도로 > 콘크리트작업 > 콘크리트 반입	CANONICAL_GAP				VALID_TASK_BUT_NO_SUITABLE_SINGLE_CANONICAL_TASK_IN_FROZEN_REFERENCE	MEDIUM	402fafe9e1026838ffd0c2fb15b6b685b3554c15aa07999329a6c073752f71dd	a22f3a83f3cc2563554eb04b71ac8afc1faff44e3a6a594dd265ff04baafa2a6	GPT	B02
19b1ec78f24f7221cd0cb6e036c975688718fd9a980582c7f97b62820bac4d8e	05f3d761f2d16da8e5629696c606cfef6416ec1ecb262322f43e4f08c829684a	댐	굴착작업	굴착	댐 > 굴착작업 > 굴착	AMBIGUOUS			AMBIGUOUS	GENERIC_EXCAVATION_SPANS_MULTIPLE_SPECIFIC_CANONICAL_EXCAVATION_TASKS	HIGH	402fafe9e1026838ffd0c2fb15b6b685b3554c15aa07999329a6c073752f71dd	a22f3a83f3cc2563554eb04b71ac8afc1faff44e3a6a594dd265ff04baafa2a6	GPT	B02
1a81a63241d2a3dd90a787cf8c3600e555827026e9a30a198e932835e54be97b	65f0ad508f7a1e287e50c129eddb1bdf533397e85519ed5c879ff5a60a82df12	댐	안전가시설작업	추락방지망	댐 > 안전가시설작업 > 추락방지망	NO_MATCH			NO_MATCH	SOURCE_CONCEPT_IS_NOT_A_TASK_SEMANTIC_FOR_CURRENT_CANONICAL_TASK_UNIVERSE	HIGH	402fafe9e1026838ffd0c2fb15b6b685b3554c15aa07999329a6c073752f71dd	a22f3a83f3cc2563554eb04b71ac8afc1faff44e3a6a594dd265ff04baafa2a6	GPT	B02
1deb9ed06e5615ce18989ebacf0bd69ff477721bf0a747d4f5585c22909ee22f	f0c418636e58bcdc1e89f25952cc9948f6af85680a965f9a9fd19bb64ae27710	댐	발파작업	발파 장약	댐 > 발파작업 > 발파 장약	MAP_EXISTING_CANONICAL	bae014b7-2474-48f7-b5c0-0e9f30a0ff56	발파	NARROWER_THAN	EXPLOSIVE_CHARGING_IS_A_SPECIFIC_SUBACTIVITY_OF_BLASTING	HIGH	402fafe9e1026838ffd0c2fb15b6b685b3554c15aa07999329a6c073752f71dd	a22f3a83f3cc2563554eb04b71ac8afc1faff44e3a6a594dd265ff04baafa2a6	GPT	B02
21e654e0f371a7cfb026cfdbe54535e2ce7953f7a0326293f144c8613480092d	bfca56d66c55eb640dcc8eded6d1c031a66a6a27829cd72aa44dbd6983c89d04	댐	안전가시설작업	리프트승강부 출입문	댐 > 안전가시설작업 > 리프트승강부 출입문	NO_MATCH			NO_MATCH	SOURCE_CONCEPT_IS_NOT_A_TASK_SEMANTIC_FOR_CURRENT_CANONICAL_TASK_UNIVERSE	HIGH	402fafe9e1026838ffd0c2fb15b6b685b3554c15aa07999329a6c073752f71dd	a22f3a83f3cc2563554eb04b71ac8afc1faff44e3a6a594dd265ff04baafa2a6	GPT	B02
2693337d9ae5d1cb0bf4392bb901a179738d1961aded3de407a68544443fd890	5a3a8db8415739b0a13f7747410f5b1071946ce1c1da5d5feb740eb069c2d3bd	교량 및 도로	포장작업	포장시공	교량 및 도로 > 포장작업 > 포장시공	AMBIGUOUS			AMBIGUOUS	GENERIC_PAVING_DOES_NOT_IDENTIFY_MATERIAL_OR_PAVING_METHOD	MEDIUM	402fafe9e1026838ffd0c2fb15b6b685b3554c15aa07999329a6c073752f71dd	a22f3a83f3cc2563554eb04b71ac8afc1faff44e3a6a594dd265ff04baafa2a6	GPT	B02
28022afd90299743c68a46ecd5aff192e9771e9bf515709fb659d6fc8ae635ae	c79380a2d93663891d26bf3b427845f18ab58012637df588431c778cc930399e	교량 및 도로	케이슨작업	케이슨 제작	교량 및 도로 > 케이슨작업 > 케이슨 제작	MAP_EXISTING_CANONICAL	97cf2571-0f3a-4bb2-8a85-837bbd502bb0	케이슨제작및설치	NARROWER_THAN	CAISSON_FABRICATION_IS_A_SPECIFIC_COMPONENT_OF_CANONICAL_CAISSON_FABRICATION_AND_INSTALLATION	HIGH	402fafe9e1026838ffd0c2fb15b6b685b3554c15aa07999329a6c073752f71dd	a22f3a83f3cc2563554eb04b71ac8afc1faff44e3a6a594dd265ff04baafa2a6	GPT	B02
28fa82f9f88822aa582c1d4d3854c568143a8fbb01bb9714a69097fe86c3f214	a19e3bec31a41204ecb62af0018841e4ad28103b100fc954724cfcd8ee0f3d9a	댐	조경작업	조경시공 및 설치	댐 > 조경작업 > 조경시공 및 설치	AMBIGUOUS			AMBIGUOUS	BROAD_COMPOSITE_LANDSCAPE_CONSTRUCTION_LABEL_DOES_NOT_IDENTIFY_A_SINGLE_CANONICAL_TASK	MEDIUM	402fafe9e1026838ffd0c2fb15b6b685b3554c15aa07999329a6c073752f71dd	a22f3a83f3cc2563554eb04b71ac8afc1faff44e3a6a594dd265ff04baafa2a6	GPT	B02
31df17624cbfa2a53ddcc149fc88d8d2c95a1ecd6848669ecf9022f7cc968509	0aa5703f0c7c15e779d5a9108102e5f40e12dca57b370c1eac8b58c5c34790fa	교량 및 도로	포장작업	포장 장비 반입	교량 및 도로 > 포장작업 > 포장 장비 반입	CANONICAL_GAP				VALID_TASK_BUT_NO_SUITABLE_SINGLE_CANONICAL_TASK_IN_FROZEN_REFERENCE	MEDIUM	402fafe9e1026838ffd0c2fb15b6b685b3554c15aa07999329a6c073752f71dd	a22f3a83f3cc2563554eb04b71ac8afc1faff44e3a6a594dd265ff04baafa2a6	GPT	B02
39de673ccc2c3e1d2934fdba211a60eab40f229bf9e7a946ec220d494135f3d1	d1a6603ef36c99cb34ab1596f47c56495aa362cdfa86709a095977ac3ae5ed96	교량 및 도로	콘크리트작업	콘크리트타설	교량 및 도로 > 콘크리트작업 > 콘크리트타설	AMBIGUOUS			AMBIGUOUS	GENERIC_CONCRETE_PLACEMENT_DOES_NOT_DISTINGUISH_AMONG_MULTIPLE_CONCRETE_PLACEMENT_CANONICAL_TASKS	HIGH	402fafe9e1026838ffd0c2fb15b6b685b3554c15aa07999329a6c073752f71dd	a22f3a83f3cc2563554eb04b71ac8afc1faff44e3a6a594dd265ff04baafa2a6	GPT	B02
3ab0ec9534e248c37fab4435211adbd632790edad5266bb8ce19b557b1c82273	360c8dc59fb900f1a4893d7b29fb6f680d25bb0e94e2c190010f4573baebb71f	댐	거푸집작업	거푸집 동바리 조립	댐 > 거푸집작업 > 거푸집 동바리 조립	CANONICAL_GAP				VALID_TASK_BUT_NO_SUITABLE_SINGLE_CANONICAL_TASK_IN_FROZEN_REFERENCE	MEDIUM	402fafe9e1026838ffd0c2fb15b6b685b3554c15aa07999329a6c073752f71dd	a22f3a83f3cc2563554eb04b71ac8afc1faff44e3a6a594dd265ff04baafa2a6	GPT	B02
3dcd72bd508086db29038b01d3910670e621c0c1f34c74eeba2d3da8d9799640	0694f415bddc74eae3f7ae4e981914cfed1e82bbd37c67aee59340535b117908	댐	가설전기작업	분전반	댐 > 가설전기작업 > 분전반	NO_MATCH			NO_MATCH	SOURCE_CONCEPT_IS_NOT_A_TASK_SEMANTIC_FOR_CURRENT_CANONICAL_TASK_UNIVERSE	HIGH	402fafe9e1026838ffd0c2fb15b6b685b3554c15aa07999329a6c073752f71dd	a22f3a83f3cc2563554eb04b71ac8afc1faff44e3a6a594dd265ff04baafa2a6	GPT	B02
3df4aa9dd3c14d45ec1d0b09b65688ec80af6ff7558e0746462aee2ddcaa2808	c826a967fda0d866048a7925a1ab1119e64cb164510814d6b25ef3887ac81071	댐	발파작업	발파 화약고 관리	댐 > 발파작업 > 발파 화약고 관리	MAP_EXISTING_CANONICAL	bae014b7-2474-48f7-b5c0-0e9f30a0ff56	발파	POSSIBLE_RELATED	EXPLOSIVES_MAGAZINE_MANAGEMENT_SUPPORTS_BLASTING_BUT_IS_NOT_A_BLASTING_EXECUTION_TASK	MEDIUM	402fafe9e1026838ffd0c2fb15b6b685b3554c15aa07999329a6c073752f71dd	a22f3a83f3cc2563554eb04b71ac8afc1faff44e3a6a594dd265ff04baafa2a6	GPT	B02
4232226a54eadcffe2f859fb6459a2a57a6da0392a7a94757323dd769339201c	33f4fd724677670a11297ac8f7add04b88d9a409f3dd295c02821f12443f85a3	빌딩	가설전기작업	전선	빌딩 > 가설전기작업 > 전선	NO_MATCH			NO_MATCH	SOURCE_CONCEPT_IS_NOT_A_TASK_SEMANTIC_FOR_CURRENT_CANONICAL_TASK_UNIVERSE	HIGH	402fafe9e1026838ffd0c2fb15b6b685b3554c15aa07999329a6c073752f71dd	a22f3a83f3cc2563554eb04b71ac8afc1faff44e3a6a594dd265ff04baafa2a6	GPT	B02
4619d5916a2430f5e6d8ce53a2d31a0ca1e875ad1b8a8970d90b1975cf2e5b54	6ce9caa3f42e1164040a6b1664e071eedf5c4f229d883481e3611799df7cc8a7	댐	부대토목작업	부대토목 구내포장	댐 > 부대토목작업 > 부대토목 구내포장	AMBIGUOUS			AMBIGUOUS	GENERIC_PAVING_DOES_NOT_IDENTIFY_MATERIAL_OR_PAVING_METHOD	MEDIUM	402fafe9e1026838ffd0c2fb15b6b685b3554c15aa07999329a6c073752f71dd	a22f3a83f3cc2563554eb04b71ac8afc1faff44e3a6a594dd265ff04baafa2a6	GPT	B02
47aaebbcf155f2b230f67b6dd0399c6ece75e8797178f9a371f6367ccc0ab58f	a2b912e1442896548721c4444c43d38627bc338412a4ad939a7cdbe676bfa85f	빌딩	가설전기작업	수배전설비	빌딩 > 가설전기작업 > 수배전설비	NO_MATCH			NO_MATCH	SOURCE_CONCEPT_IS_NOT_A_TASK_SEMANTIC_FOR_CURRENT_CANONICAL_TASK_UNIVERSE	HIGH	402fafe9e1026838ffd0c2fb15b6b685b3554c15aa07999329a6c073752f71dd	a22f3a83f3cc2563554eb04b71ac8afc1faff44e3a6a594dd265ff04baafa2a6	GPT	B02
5a1b1e859d074922894e902375b945b389077d3910315ebbcd90d2644ead8de8	8993d1081a9116937431842abe367e7eeee504bf4884195b0fb9db94a5c394af	댐	안전가시설작업	가설 경사로	댐 > 안전가시설작업 > 가설 경사로	NO_MATCH			NO_MATCH	SOURCE_CONCEPT_IS_NOT_A_TASK_SEMANTIC_FOR_CURRENT_CANONICAL_TASK_UNIVERSE	HIGH	402fafe9e1026838ffd0c2fb15b6b685b3554c15aa07999329a6c073752f71dd	a22f3a83f3cc2563554eb04b71ac8afc1faff44e3a6a594dd265ff04baafa2a6	GPT	B02
6048f5b01943e93183eb33dbffc5dba10a03ef7c0ff0d21e3da30578c4820a28	1a45ff6d501b77388b0ac957c996341f936e9aae79bf57d78ae4b4d2b1b99091	댐	거푸집작업	거푸집 동바리 인양	댐 > 거푸집작업 > 거푸집 동바리 인양	CANONICAL_GAP				VALID_TASK_BUT_NO_SUITABLE_SINGLE_CANONICAL_TASK_IN_FROZEN_REFERENCE	MEDIUM	402fafe9e1026838ffd0c2fb15b6b685b3554c15aa07999329a6c073752f71dd	a22f3a83f3cc2563554eb04b71ac8afc1faff44e3a6a594dd265ff04baafa2a6	GPT	B02
60872e5273adef0f3421d29ca5d283c3ea05e86c7b8b137698df20c7d66bff4e	255848a98f2e526ca2752eec36094ed0de8922ec444c2cd2cd64e13b927c306b	댐	안전가시설작업	달대비계	댐 > 안전가시설작업 > 달대비계	NO_MATCH			NO_MATCH	SOURCE_CONCEPT_IS_NOT_A_TASK_SEMANTIC_FOR_CURRENT_CANONICAL_TASK_UNIVERSE	HIGH	402fafe9e1026838ffd0c2fb15b6b685b3554c15aa07999329a6c073752f71dd	a22f3a83f3cc2563554eb04b71ac8afc1faff44e3a6a594dd265ff04baafa2a6	GPT	B02
60ddf5a92af3ef4c3a8a38070b47216536de36eb89588904ed6cbc2e7646dfba	ec6aac07bf727828066997afccbf7af61c67fdc934bc8a7e6a76c1f33fd5a996	교량 및 도로	케이슨작업	케이슨 내 속체움	교량 및 도로 > 케이슨작업 > 케이슨 내 속체움	CANONICAL_GAP				VALID_TASK_BUT_NO_SUITABLE_SINGLE_CANONICAL_TASK_IN_FROZEN_REFERENCE	MEDIUM	402fafe9e1026838ffd0c2fb15b6b685b3554c15aa07999329a6c073752f71dd	a22f3a83f3cc2563554eb04b71ac8afc1faff44e3a6a594dd265ff04baafa2a6	GPT	B02
6260932baaad3b772f53c1093da621e7e6c62e6838b1f783dd19c8370efccfdd	12c6336e05655e770be6885f1f9bec9b9ee0c70890620e60e8673e85b1f22369	댐	특수댐작업	특수댐(양수발전용 댐)	댐 > 특수댐작업 > 특수댐(양수발전용 댐)	NO_MATCH			NO_MATCH	SOURCE_CONCEPT_IS_NOT_A_TASK_SEMANTIC_FOR_CURRENT_CANONICAL_TASK_UNIVERSE	HIGH	402fafe9e1026838ffd0c2fb15b6b685b3554c15aa07999329a6c073752f71dd	a22f3a83f3cc2563554eb04b71ac8afc1faff44e3a6a594dd265ff04baafa2a6	GPT	B02
64d405677bff812bdd0dd6adc4adeab99eb772f2b4a65ee66d0cc502871a369d	18dd13b6ceb8f503f56e417710183abacead45d069088f51fb4568deeeb260bc	댐	조경작업	조경부지정리	댐 > 조경작업 > 조경부지정리	MAP_EXISTING_CANONICAL	5bb130b1-f1ab-4cdb-86d8-9b0985bf9a81	일반부지정지	NARROWER_THAN	LANDSCAPE_SITE_PREPARATION_IS_A_CONTEXT_SPECIFIC_FORM_OF_GENERAL_SITE_GRADING	MEDIUM	402fafe9e1026838ffd0c2fb15b6b685b3554c15aa07999329a6c073752f71dd	a22f3a83f3cc2563554eb04b71ac8afc1faff44e3a6a594dd265ff04baafa2a6	GPT	B02
660f4df6de70b9c78222bf0523c2c20146dbe110b5cfa2f377b9b5df768e1818	6e734c7903e28812c7960605d44c2ea724134ec3d4e62990bbcd3d26fe48b1e1	댐	안전가시설작업	낙하물 방지망	댐 > 안전가시설작업 > 낙하물 방지망	NO_MATCH			NO_MATCH	SOURCE_CONCEPT_IS_NOT_A_TASK_SEMANTIC_FOR_CURRENT_CANONICAL_TASK_UNIVERSE	HIGH	402fafe9e1026838ffd0c2fb15b6b685b3554c15aa07999329a6c073752f71dd	a22f3a83f3cc2563554eb04b71ac8afc1faff44e3a6a594dd265ff04baafa2a6	GPT	B02
6898cd70abe5a3350f56adcb80cb6b49d0aa2ac0852f4b470a55f0b1424a86cb	647a7b943ebe8b1f0672df792245f227a0c88178f655f8703af42099382d8575	댐	기계설비작업	기계설비 자재반입	댐 > 기계설비작업 > 기계설비 자재반입	CANONICAL_GAP				VALID_TASK_BUT_NO_SUITABLE_SINGLE_CANONICAL_TASK_IN_FROZEN_REFERENCE	MEDIUM	402fafe9e1026838ffd0c2fb15b6b685b3554c15aa07999329a6c073752f71dd	a22f3a83f3cc2563554eb04b71ac8afc1faff44e3a6a594dd265ff04baafa2a6	GPT	B02
693f9a41c9be209e25390ddf3b2a9466a522d7fec2fa831a19c620210f9d82d3	273ec1788daebd1c297192185338ab5c52b386a7889ad363a69ee7fce9ce5e08	댐	안전가시설작업	가설통로 또는 가설계단	댐 > 안전가시설작업 > 가설통로 또는 가설계단	NO_MATCH			NO_MATCH	SOURCE_CONCEPT_IS_NOT_A_TASK_SEMANTIC_FOR_CURRENT_CANONICAL_TASK_UNIVERSE	HIGH	402fafe9e1026838ffd0c2fb15b6b685b3554c15aa07999329a6c073752f71dd	a22f3a83f3cc2563554eb04b71ac8afc1faff44e3a6a594dd265ff04baafa2a6	GPT	B02
6ea6497ac4640b4e60ebc9f12f0b6582e61fabb43ca3e5d63c9ba7a811702e3d	eb6dfd7b3151e79a2ef7d7599f6f0ec8dccbe060bc4ae5fa735eabb2f1ebe48a	댐	작업환경	작업환경 (배수)	댐 > 작업환경 > 작업환경 (배수)	NO_MATCH			NO_MATCH	SOURCE_CONCEPT_IS_NOT_A_TASK_SEMANTIC_FOR_CURRENT_CANONICAL_TASK_UNIVERSE	HIGH	402fafe9e1026838ffd0c2fb15b6b685b3554c15aa07999329a6c073752f71dd	a22f3a83f3cc2563554eb04b71ac8afc1faff44e3a6a594dd265ff04baafa2a6	GPT	B02
6f3661a426c84e177827fbf9dc33edc92b08ff4a2a7cfe8566b30b19acdd6b3a	4cde003709330e8d03949e555d12365ecee9b939706782c61ccdf8e63dfc3ee2	댐	작업환경	작업환경 (환기)	댐 > 작업환경 > 작업환경 (환기)	NO_MATCH			NO_MATCH	SOURCE_CONCEPT_IS_NOT_A_TASK_SEMANTIC_FOR_CURRENT_CANONICAL_TASK_UNIVERSE	HIGH	402fafe9e1026838ffd0c2fb15b6b685b3554c15aa07999329a6c073752f71dd	a22f3a83f3cc2563554eb04b71ac8afc1faff44e3a6a594dd265ff04baafa2a6	GPT	B02
6f73047161f45df1d9586c1fe10dbe8a1efa8154a5c09155e24e87ff49487176	a026a5290bf9abb0f54cb9ec8badf530e5ffdfd569d98fb80584e19ad64384dc	교량 및 도로	흙막이지보공작업	흙막이지보공 설치	교량 및 도로 > 흙막이지보공작업 > 흙막이지보공 설치	CANONICAL_GAP				VALID_TASK_BUT_NO_SUITABLE_SINGLE_CANONICAL_TASK_IN_FROZEN_REFERENCE	MEDIUM	402fafe9e1026838ffd0c2fb15b6b685b3554c15aa07999329a6c073752f71dd	a22f3a83f3cc2563554eb04b71ac8afc1faff44e3a6a594dd265ff04baafa2a6	GPT	B02
70354eee9acf6801fac0c9e8202ebc406a41fdb1a281f294c0a870e86d8e5254	3186efe1682bd1de714ab85d3c840495ee8e01e8d8c7f2e864edd43cb996e4f6	댐	안전가시설작업	이동식 사다리	댐 > 안전가시설작업 > 이동식 사다리	NO_MATCH			NO_MATCH	SOURCE_CONCEPT_IS_NOT_A_TASK_SEMANTIC_FOR_CURRENT_CANONICAL_TASK_UNIVERSE	HIGH	402fafe9e1026838ffd0c2fb15b6b685b3554c15aa07999329a6c073752f71dd	a22f3a83f3cc2563554eb04b71ac8afc1faff44e3a6a594dd265ff04baafa2a6	GPT	B02
727ed0086d4fc0240496c4bec1f11675677ab7e0276280c93a34ca154849f5cd	d09522c57917a9fa6768769062f740aa37817f1b84e010f165e04486d40584be	교량 및 도로	특수교량작업	특수교량(MSS 공법)	교량 및 도로 > 특수교량작업 > 특수교량(MSS 공법)	NO_MATCH			NO_MATCH	SOURCE_CONCEPT_IS_NOT_A_TASK_SEMANTIC_FOR_CURRENT_CANONICAL_TASK_UNIVERSE	HIGH	402fafe9e1026838ffd0c2fb15b6b685b3554c15aa07999329a6c073752f71dd	a22f3a83f3cc2563554eb04b71ac8afc1faff44e3a6a594dd265ff04baafa2a6	GPT	B02
73271a0a3be53e9d6897500d8774036de427c81eba86d0130dc7fad30a57bd82	4f32189647c85f9b2f65a6587306f18cca8f21ddd570ff36904e86ad523c61bd	댐	가설전기작업	이동석전기 기계기구	댐 > 가설전기작업 > 이동석전기 기계기구	NO_MATCH			NO_MATCH	SOURCE_CONCEPT_IS_NOT_A_TASK_SEMANTIC_FOR_CURRENT_CANONICAL_TASK_UNIVERSE	HIGH	402fafe9e1026838ffd0c2fb15b6b685b3554c15aa07999329a6c073752f71dd	a22f3a83f3cc2563554eb04b71ac8afc1faff44e3a6a594dd265ff04baafa2a6	GPT	B02
735dfa51a1f64f11dce9d6e3cf736d2d7a05e7c570a5ead940312094a7d70404	9e01767898a2c7a396e789f8bdd7c1e537c7ccfe4e27cd6c02ca32e927ed0450	댐	작업환경	작업환경 (분진)	댐 > 작업환경 > 작업환경 (분진)	NO_MATCH			NO_MATCH	SOURCE_CONCEPT_IS_NOT_A_TASK_SEMANTIC_FOR_CURRENT_CANONICAL_TASK_UNIVERSE	HIGH	402fafe9e1026838ffd0c2fb15b6b685b3554c15aa07999329a6c073752f71dd	a22f3a83f3cc2563554eb04b71ac8afc1faff44e3a6a594dd265ff04baafa2a6	GPT	B02
75ecf96567053fb4bfba3ff62ada8122038e948a081973ec326cd86bc903b70e	ce438244bbd24e91e41c0abbcda1a7cfbd01337de9e079ff9db0c9a7e3f474eb	댐	위험기계기구작업	연삭기	댐 > 위험기계기구작업 > 연삭기	NO_MATCH			NO_MATCH	SOURCE_CONCEPT_IS_NOT_A_TASK_SEMANTIC_FOR_CURRENT_CANONICAL_TASK_UNIVERSE	HIGH	402fafe9e1026838ffd0c2fb15b6b685b3554c15aa07999329a6c073752f71dd	a22f3a83f3cc2563554eb04b71ac8afc1faff44e3a6a594dd265ff04baafa2a6	GPT	B02
75fca674e49fbc4aab06eb27565960712e3d8fcd146a499a72c281954612155c	5626a6aaf92bd1d33219d6aa9f71a3577a4e10f0645afa1ab0b5c0b173cbe317	댐	안전가시설작업	굴착선단부	댐 > 안전가시설작업 > 굴착선단부	NO_MATCH			NO_MATCH	SOURCE_CONCEPT_IS_NOT_A_TASK_SEMANTIC_FOR_CURRENT_CANONICAL_TASK_UNIVERSE	HIGH	402fafe9e1026838ffd0c2fb15b6b685b3554c15aa07999329a6c073752f71dd	a22f3a83f3cc2563554eb04b71ac8afc1faff44e3a6a594dd265ff04baafa2a6	GPT	B02
79d277750822b0ae8046c4dda5047c85380b24d837821ad6bd979f646e9edec0	a3c7e9ff9b7d02963259eb5e0d769ea140e2df54ea03fe4e79908c85c53c4dd9	댐	거푸집작업	거푸집 자재반입	댐 > 거푸집작업 > 거푸집 자재반입	CANONICAL_GAP				VALID_TASK_BUT_NO_SUITABLE_SINGLE_CANONICAL_TASK_IN_FROZEN_REFERENCE	MEDIUM	402fafe9e1026838ffd0c2fb15b6b685b3554c15aa07999329a6c073752f71dd	a22f3a83f3cc2563554eb04b71ac8afc1faff44e3a6a594dd265ff04baafa2a6	GPT	B02
7b9b9bc403c7216a2712391b82c556a033a2af8077765ab4529a1961287ee088	1afe0741d0a293ca0144abcdabaa8ab5c1e7d52ec5f86f037d825b1973dc3ef0	댐	안전가시설작업	달비계	댐 > 안전가시설작업 > 달비계	NO_MATCH			NO_MATCH	SOURCE_CONCEPT_IS_NOT_A_TASK_SEMANTIC_FOR_CURRENT_CANONICAL_TASK_UNIVERSE	HIGH	402fafe9e1026838ffd0c2fb15b6b685b3554c15aa07999329a6c073752f71dd	a22f3a83f3cc2563554eb04b71ac8afc1faff44e3a6a594dd265ff04baafa2a6	GPT	B02
7bb18461aef10d69ca53978a284418e9c89bd905d669c9cfa24eb54390a33928	82e7b20228f8611ddc7f3baf5857f0a3e80247526510a1e6955538bb35d18cb3	댐	철근작업	철근가공 및 운반	댐 > 철근작업 > 철근가공 및 운반	MAP_EXISTING_CANONICAL	be965f09-464b-4d53-9be4-d72f44d3d1ee	철근가공및조립	POSSIBLE_RELATED	SOURCE_AND_CANONICAL_SHARE_REBAR_PROCESSING_BUT_DIFFER_ON_TRANSPORT_VERSUS_ASSEMBLY_COMPONENT	MEDIUM	402fafe9e1026838ffd0c2fb15b6b685b3554c15aa07999329a6c073752f71dd	a22f3a83f3cc2563554eb04b71ac8afc1faff44e3a6a594dd265ff04baafa2a6	GPT	B02
7c6e7b490240eaffbcf452beabf6196b3e07afe7ffbeef584815c6d4a631a669	bec679c4032ad363445ba55af36471a67c0752c15ac0392ab7d40e463ad371f9	댐	위험기계기구작업	이동식 발전기	댐 > 위험기계기구작업 > 이동식 발전기	NO_MATCH			NO_MATCH	SOURCE_CONCEPT_IS_NOT_A_TASK_SEMANTIC_FOR_CURRENT_CANONICAL_TASK_UNIVERSE	HIGH	402fafe9e1026838ffd0c2fb15b6b685b3554c15aa07999329a6c073752f71dd	a22f3a83f3cc2563554eb04b71ac8afc1faff44e3a6a594dd265ff04baafa2a6	GPT	B02
7c79c21e2e0a175567ba268805022010f11abad5dbe723afe290f08ba8fa57c8	61e2fdfa472e05a18ee0e0bec7fcdd099172f9382cdfa1b596bb2060978bd5f5	댐	굴착작업	굴착 토사반출	댐 > 굴착작업 > 굴착 토사반출	CANONICAL_GAP				VALID_TASK_BUT_NO_SUITABLE_SINGLE_CANONICAL_TASK_IN_FROZEN_REFERENCE	MEDIUM	402fafe9e1026838ffd0c2fb15b6b685b3554c15aa07999329a6c073752f71dd	a22f3a83f3cc2563554eb04b71ac8afc1faff44e3a6a594dd265ff04baafa2a6	GPT	B02
7efa78f4745a7090a3438a4422429e36edd8310ad7638017ab55c6a7a8abdde4	c1656fa75662092a0caeb36129573c20838ca8f8da78bf7e66c37784766ad342	빌딩	가설전기작업	조명등	빌딩 > 가설전기작업 > 조명등	NO_MATCH			NO_MATCH	SOURCE_CONCEPT_IS_NOT_A_TASK_SEMANTIC_FOR_CURRENT_CANONICAL_TASK_UNIVERSE	HIGH	402fafe9e1026838ffd0c2fb15b6b685b3554c15aa07999329a6c073752f71dd	a22f3a83f3cc2563554eb04b71ac8afc1faff44e3a6a594dd265ff04baafa2a6	GPT	B02
7fa9680d3c7ee19eeab230fc3af038c7556b8625046d2bb4852703dfa69c9942	0620aa3261e75db6a1c3d87922764cc28204c2cb6e48deca3cbd847b267566d9	댐	철근작업	철근조립	댐 > 철근작업 > 철근조립	MAP_EXISTING_CANONICAL	be965f09-464b-4d53-9be4-d72f44d3d1ee	철근가공및조립	NARROWER_THAN	REBAR_ASSEMBLY_IS_A_SPECIFIC_COMPONENT_OF_CANONICAL_REBAR_PROCESSING_AND_ASSEMBLY	HIGH	402fafe9e1026838ffd0c2fb15b6b685b3554c15aa07999329a6c073752f71dd	a22f3a83f3cc2563554eb04b71ac8afc1faff44e3a6a594dd265ff04baafa2a6	GPT	B02
83f6ff90c680236f940093ae1671bb6638b99c8fe724d4e8e2de34158b1b6518	2e8a36ab5d5b120795b5da295ff0270afeeb53493506260b698fb3e539c35d04	댐	양중기작업	윈치	댐 > 양중기작업 > 윈치	NO_MATCH			NO_MATCH	SOURCE_CONCEPT_IS_NOT_A_TASK_SEMANTIC_FOR_CURRENT_CANONICAL_TASK_UNIVERSE	HIGH	402fafe9e1026838ffd0c2fb15b6b685b3554c15aa07999329a6c073752f71dd	a22f3a83f3cc2563554eb04b71ac8afc1faff44e3a6a594dd265ff04baafa2a6	GPT	B02
85810e88f2173514782e39eb85d2ac44875328c54e86ec18ca60446a41b31fcf	87f146cb315b5b7a0965b7c06ae4b25bab7aeea77c4d809a68fa334c33680005	빌딩	가설전기작업	교류아크 용접기	빌딩 > 가설전기작업 > 교류아크 용접기	NO_MATCH			NO_MATCH	SOURCE_CONCEPT_IS_NOT_A_TASK_SEMANTIC_FOR_CURRENT_CANONICAL_TASK_UNIVERSE	HIGH	402fafe9e1026838ffd0c2fb15b6b685b3554c15aa07999329a6c073752f71dd	a22f3a83f3cc2563554eb04b71ac8afc1faff44e3a6a594dd265ff04baafa2a6	GPT	B02
85a8d796ce9f78759bdd24833e7da4b006dc0dacd92d65d03c7288645727d047	ac0b554f4e3de2d03db0634535bd37f8d9bb54f52e906993d7529e507160f275	댐	콘크리트작업	콘크리트타설	댐 > 콘크리트작업 > 콘크리트타설	AMBIGUOUS			AMBIGUOUS	GENERIC_CONCRETE_PLACEMENT_DOES_NOT_DISTINGUISH_AMONG_MULTIPLE_CONCRETE_PLACEMENT_CANONICAL_TASKS	HIGH	402fafe9e1026838ffd0c2fb15b6b685b3554c15aa07999329a6c073752f71dd	a22f3a83f3cc2563554eb04b71ac8afc1faff44e3a6a594dd265ff04baafa2a6	GPT	B02
8a60735241a43428c4417129ec922b22b89a99165ffcba104b23c58c3c364c75	63186b78bdb7538e80f124db2a10be5b1620b6ccf288e139a6a998356cdf7403	댐	거푸집작업	거푸집 동바리 해체	댐 > 거푸집작업 > 거푸집 동바리 해체	CANONICAL_GAP				VALID_TASK_BUT_NO_SUITABLE_SINGLE_CANONICAL_TASK_IN_FROZEN_REFERENCE	MEDIUM	402fafe9e1026838ffd0c2fb15b6b685b3554c15aa07999329a6c073752f71dd	a22f3a83f3cc2563554eb04b71ac8afc1faff44e3a6a594dd265ff04baafa2a6	GPT	B02
8ce1a3cc480bd87ef951311c4eb3fee72f5b0cd6ebbb0f2773fac8a8de3fc7b2	243a1099c6e0e60cd875d8dc76f76996e3311f4134431cb8bc9721a68f2725ee	댐	철근작업	철근반입	댐 > 철근작업 > 철근반입	CANONICAL_GAP				VALID_TASK_BUT_NO_SUITABLE_SINGLE_CANONICAL_TASK_IN_FROZEN_REFERENCE	MEDIUM	402fafe9e1026838ffd0c2fb15b6b685b3554c15aa07999329a6c073752f71dd	a22f3a83f3cc2563554eb04b71ac8afc1faff44e3a6a594dd265ff04baafa2a6	GPT	B02
91c749244414111aae594b1df9d6100225258071f236330207777481ea96eb55	a83ee8924733fb414aec18c77c0eac9e88196a33316661435c9ffe931d69bbb6	댐	위험기계기구작업	목재가공용 둥급톱	댐 > 위험기계기구작업 > 목재가공용 둥급톱	NO_MATCH			NO_MATCH	SOURCE_CONCEPT_IS_NOT_A_TASK_SEMANTIC_FOR_CURRENT_CANONICAL_TASK_UNIVERSE	HIGH	402fafe9e1026838ffd0c2fb15b6b685b3554c15aa07999329a6c073752f71dd	a22f3a83f3cc2563554eb04b71ac8afc1faff44e3a6a594dd265ff04baafa2a6	GPT	B02
963c2d3c88be672f350a83ea5e3f095dfc374449276cb40255dafa13b552b4d2	f9e36bb6b7c628c475e84fdac2d8afc8531ad7de0a81c23658ed52e01e3837cf	교량 및 도로	특수교량작업	특수교량(현수교)	교량 및 도로 > 특수교량작업 > 특수교량(현수교)	NO_MATCH			NO_MATCH	SOURCE_CONCEPT_IS_NOT_A_TASK_SEMANTIC_FOR_CURRENT_CANONICAL_TASK_UNIVERSE	HIGH	402fafe9e1026838ffd0c2fb15b6b685b3554c15aa07999329a6c073752f71dd	a22f3a83f3cc2563554eb04b71ac8afc1faff44e3a6a594dd265ff04baafa2a6	GPT	B02
9da76f4a02e70937d78337bc5918ff4ee114bf9779987a746d5427619e14ce30	1cb50770f1bb524d051beff50b61612c90b8925b5d62e539d645860553041f8b	교량 및 도로	흙막이지보공작업	흙막이지보공 해체	교량 및 도로 > 흙막이지보공작업 > 흙막이지보공 해체	CANONICAL_GAP				VALID_TASK_BUT_NO_SUITABLE_SINGLE_CANONICAL_TASK_IN_FROZEN_REFERENCE	MEDIUM	402fafe9e1026838ffd0c2fb15b6b685b3554c15aa07999329a6c073752f71dd	a22f3a83f3cc2563554eb04b71ac8afc1faff44e3a6a594dd265ff04baafa2a6	GPT	B02
9e83c8e9d66dd94e29feeeeb9371fc0649aef84c119e82974505774e54a4228e	3edd5d020fdf3efdb0696191d7a1be4a862a5a19d630460d943069bd12ff2b35	댐	위험기계기구작업	몰탈 믹서기	댐 > 위험기계기구작업 > 몰탈 믹서기	NO_MATCH			NO_MATCH	SOURCE_CONCEPT_IS_NOT_A_TASK_SEMANTIC_FOR_CURRENT_CANONICAL_TASK_UNIVERSE	HIGH	402fafe9e1026838ffd0c2fb15b6b685b3554c15aa07999329a6c073752f71dd	a22f3a83f3cc2563554eb04b71ac8afc1faff44e3a6a594dd265ff04baafa2a6	GPT	B02
a1a4bfc8f4a5723719ad4a264938b35eaba3afc903649825c08e16d6affc5ae4	c7520213ea812ef7e35329b306e27995055b1d1721d9fe804679d304e276a650	댐	가설전기작업	충전부	댐 > 가설전기작업 > 충전부	NO_MATCH			NO_MATCH	SOURCE_CONCEPT_IS_NOT_A_TASK_SEMANTIC_FOR_CURRENT_CANONICAL_TASK_UNIVERSE	HIGH	402fafe9e1026838ffd0c2fb15b6b685b3554c15aa07999329a6c073752f71dd	a22f3a83f3cc2563554eb04b71ac8afc1faff44e3a6a594dd265ff04baafa2a6	GPT	B02
a64fd0a1e395e770154ea9c46ae4e126e86013a2f1674b75c0875654eecd9770	3c8ccd69e1699f0c21395796ac454657aed0be772c6fb50e706b4f7f4232ca19	댐	위험기계기구작업	철근절단기 및 절곡기	댐 > 위험기계기구작업 > 철근절단기 및 절곡기	NO_MATCH			NO_MATCH	SOURCE_CONCEPT_IS_NOT_A_TASK_SEMANTIC_FOR_CURRENT_CANONICAL_TASK_UNIVERSE	HIGH	402fafe9e1026838ffd0c2fb15b6b685b3554c15aa07999329a6c073752f71dd	a22f3a83f3cc2563554eb04b71ac8afc1faff44e3a6a594dd265ff04baafa2a6	GPT	B02
a6f43e1188585346c6eb43000d21687f93deaa67eb9606e6e0ef39227e1d20fd	547b85d08747c4d11e5fdc2974a22d1164e6f5c29a4678ae98cc2577e94fe3ef	빌딩	가설전기작업	접지	빌딩 > 가설전기작업 > 접지	CANONICAL_GAP				VALID_TASK_BUT_NO_SUITABLE_SINGLE_CANONICAL_TASK_IN_FROZEN_REFERENCE	MEDIUM	402fafe9e1026838ffd0c2fb15b6b685b3554c15aa07999329a6c073752f71dd	a22f3a83f3cc2563554eb04b71ac8afc1faff44e3a6a594dd265ff04baafa2a6	GPT	B02
a9015619fce0c4e70a60c4f060dfe3f93e1afe995d118e37b4d4b5b4c8e2db31	7f5732149c3d9867c5267f99bebde3e84412dde7c36dc5620ee2f5aabc16cf00	교량 및 도로	특수교량작업	특수교량(사장교)	교량 및 도로 > 특수교량작업 > 특수교량(사장교)	NO_MATCH			NO_MATCH	SOURCE_CONCEPT_IS_NOT_A_TASK_SEMANTIC_FOR_CURRENT_CANONICAL_TASK_UNIVERSE	HIGH	402fafe9e1026838ffd0c2fb15b6b685b3554c15aa07999329a6c073752f71dd	a22f3a83f3cc2563554eb04b71ac8afc1faff44e3a6a594dd265ff04baafa2a6	GPT	B02
aa2e33be5311e3d96c85b917e85c09f04dd11dc32223d215455e0cced9c9eb2c	3c93ff67bf9ffe67b27392d50512a8eb2abe359989bba5fb295e7a709c7ac11b	댐	양중기작업	타워크레인	댐 > 양중기작업 > 타워크레인	NO_MATCH			NO_MATCH	SOURCE_CONCEPT_IS_NOT_A_TASK_SEMANTIC_FOR_CURRENT_CANONICAL_TASK_UNIVERSE	HIGH	402fafe9e1026838ffd0c2fb15b6b685b3554c15aa07999329a6c073752f71dd	a22f3a83f3cc2563554eb04b71ac8afc1faff44e3a6a594dd265ff04baafa2a6	GPT	B02
ae588f9ae808fb82ef075b1ef6995872ecaec1bf9166c46106c40cfc0278aace	b73d5cc831ca678631570a1bb16247b75aeea1c58f5086dcf2a8661422dcc7f3	댐	되메움작업	토사반입 및 되메움 실시	댐 > 되메움작업 > 토사반입 및 되메움 실시	CANONICAL_GAP				VALID_TASK_BUT_NO_SUITABLE_SINGLE_CANONICAL_TASK_IN_FROZEN_REFERENCE	MEDIUM	402fafe9e1026838ffd0c2fb15b6b685b3554c15aa07999329a6c073752f71dd	a22f3a83f3cc2563554eb04b71ac8afc1faff44e3a6a594dd265ff04baafa2a6	GPT	B02
afa109bf06a7fa3bf1e3d6e8e6dafce6ec2fb3a6eada0ed1ff6f2663b0756fc6	2bbd903f93001e1712f3b807486b81f26322602862ae829c489412942d0a77c1	교량 및 도로	철근작업	철근반입	교량 및 도로 > 철근작업 > 철근반입	CANONICAL_GAP				VALID_TASK_BUT_NO_SUITABLE_SINGLE_CANONICAL_TASK_IN_FROZEN_REFERENCE	MEDIUM	402fafe9e1026838ffd0c2fb15b6b685b3554c15aa07999329a6c073752f71dd	a22f3a83f3cc2563554eb04b71ac8afc1faff44e3a6a594dd265ff04baafa2a6	GPT	B02
afb76e14ffea1318a4099e846d878e3d5ab1d12c80c38bbecbc9daf9a15aff9d	8a2c047d5e1a264ffcd39e9410c5c101383b5c4c27aa1c2d6d22ffb63c7cfb5b	댐	가설전기작업	수배전설비	댐 > 가설전기작업 > 수배전설비	NO_MATCH			NO_MATCH	SOURCE_CONCEPT_IS_NOT_A_TASK_SEMANTIC_FOR_CURRENT_CANONICAL_TASK_UNIVERSE	HIGH	402fafe9e1026838ffd0c2fb15b6b685b3554c15aa07999329a6c073752f71dd	a22f3a83f3cc2563554eb04b71ac8afc1faff44e3a6a594dd265ff04baafa2a6	GPT	B02
bd53f624ce2f40f27a1662d195acbbdddeac97a2bf0e6fb2d7cc8ffb13b02c38	93a704dc81656b77da166bb54935fb2312f613a6eecb5397b337efb681dd8ae0	댐	안전가시설작업	비계	댐 > 안전가시설작업 > 비계	NO_MATCH			NO_MATCH	SOURCE_CONCEPT_IS_NOT_A_TASK_SEMANTIC_FOR_CURRENT_CANONICAL_TASK_UNIVERSE	HIGH	402fafe9e1026838ffd0c2fb15b6b685b3554c15aa07999329a6c073752f71dd	a22f3a83f3cc2563554eb04b71ac8afc1faff44e3a6a594dd265ff04baafa2a6	GPT	B02
c09f70ac1153c7736a99422256954cd1dca95da7aeb0b88eac5234c8001a877f	b6e94551bd9c706e712eb384cf1a6e5ac049e9e4c26481032cfafd7920f93518	댐	부대토목작업	부대토목 옹벽시공	댐 > 부대토목작업 > 부대토목 옹벽시공	CANONICAL_GAP				VALID_TASK_BUT_NO_SUITABLE_SINGLE_CANONICAL_TASK_IN_FROZEN_REFERENCE	MEDIUM	402fafe9e1026838ffd0c2fb15b6b685b3554c15aa07999329a6c073752f71dd	a22f3a83f3cc2563554eb04b71ac8afc1faff44e3a6a594dd265ff04baafa2a6	GPT	B02
c57024c4fe7e7fbadb6001ea450823f19846240e1299b6be8413882d798fa308	38e90e4e8d816c715dee7a9a7da36692e36082736d3a23b436ea457ca2e7790c	댐	양중기작업	특수 작업대	댐 > 양중기작업 > 특수 작업대	NO_MATCH			NO_MATCH	SOURCE_CONCEPT_IS_NOT_A_TASK_SEMANTIC_FOR_CURRENT_CANONICAL_TASK_UNIVERSE	HIGH	402fafe9e1026838ffd0c2fb15b6b685b3554c15aa07999329a6c073752f71dd	a22f3a83f3cc2563554eb04b71ac8afc1faff44e3a6a594dd265ff04baafa2a6	GPT	B02
ca6eed382399bfb92cbea0ff402705e0f87072eb644633ad49758e7f381da975	af0b41941bc3abfb477dad8f32db3cea62f2ad82b81eeab423b9f8663c4acd77	댐	가설도로작업	가설도로 벌목 및 표토제거	댐 > 가설도로작업 > 가설도로 벌목 및 표토제거	MAP_EXISTING_CANONICAL	a7106b20-76ca-427f-aa45-2f0b1d417f15	표토제거	POSSIBLE_RELATED	COMPOSITE_SOURCE_INCLUDES_TOPSOIL_REMOVAL_BUT_ALSO_TREE_CLEARING	MEDIUM	402fafe9e1026838ffd0c2fb15b6b685b3554c15aa07999329a6c073752f71dd	a22f3a83f3cc2563554eb04b71ac8afc1faff44e3a6a594dd265ff04baafa2a6	GPT	B02
cba8e80310356f61cd256cd73d93b6dfe28554144208c9d5de6ccce1ef8d75ca	3d773c30583b296c54450071de671fcf31ec52357456dedd776630e4b9efab82	댐	양중기작업	리프트	댐 > 양중기작업 > 리프트	NO_MATCH			NO_MATCH	SOURCE_CONCEPT_IS_NOT_A_TASK_SEMANTIC_FOR_CURRENT_CANONICAL_TASK_UNIVERSE	HIGH	402fafe9e1026838ffd0c2fb15b6b685b3554c15aa07999329a6c073752f71dd	a22f3a83f3cc2563554eb04b71ac8afc1faff44e3a6a594dd265ff04baafa2a6	GPT	B02
cf314a58d0b5d1a5d77a390040c37bf7c951b3405ef360bb7ab9f586bacb2e0b	b92d9c88d5f2d71854c125df522c72ddccfccff4ceb35cef6ea22c88c6044453	댐	가설도로작업	가설도로 시공	댐 > 가설도로작업 > 가설도로 시공	CANONICAL_GAP				VALID_TASK_BUT_NO_SUITABLE_SINGLE_CANONICAL_TASK_IN_FROZEN_REFERENCE	MEDIUM	402fafe9e1026838ffd0c2fb15b6b685b3554c15aa07999329a6c073752f71dd	a22f3a83f3cc2563554eb04b71ac8afc1faff44e3a6a594dd265ff04baafa2a6	GPT	B02
d016cf0f47d95087605c61fe3771b4f1a6cf5be7d2bd5ac0ae67d50c0228e41b	c7967fefa9488acb201f1d6775fa50e483ff1d0dbdd92a77d18c0bbffeea9059	댐	양중기작업	이동식 크레인	댐 > 양중기작업 > 이동식 크레인	NO_MATCH			NO_MATCH	SOURCE_CONCEPT_IS_NOT_A_TASK_SEMANTIC_FOR_CURRENT_CANONICAL_TASK_UNIVERSE	HIGH	402fafe9e1026838ffd0c2fb15b6b685b3554c15aa07999329a6c073752f71dd	a22f3a83f3cc2563554eb04b71ac8afc1faff44e3a6a594dd265ff04baafa2a6	GPT	B02
d159ce835fb7a262c246edf199959ec56ffe8822ae559cfbb89d12443607e1a3	c8e23200a7649947de623e28712498dd8069f3f3682a149b12da33978b0c3d06	댐	안전가시설작업	이동식 비계	댐 > 안전가시설작업 > 이동식 비계	NO_MATCH			NO_MATCH	SOURCE_CONCEPT_IS_NOT_A_TASK_SEMANTIC_FOR_CURRENT_CANONICAL_TASK_UNIVERSE	HIGH	402fafe9e1026838ffd0c2fb15b6b685b3554c15aa07999329a6c073752f71dd	a22f3a83f3cc2563554eb04b71ac8afc1faff44e3a6a594dd265ff04baafa2a6	GPT	B02
d605009e703eb6b60335fc0f290974fb9b541a1e6e05756feb90ad95dce7b94a	f615fc7b0aa845b2c2884faed314ffade898072fc246fe500e3637270370b17a	댐	가설전기작업	조명등	댐 > 가설전기작업 > 조명등	NO_MATCH			NO_MATCH	SOURCE_CONCEPT_IS_NOT_A_TASK_SEMANTIC_FOR_CURRENT_CANONICAL_TASK_UNIVERSE	HIGH	402fafe9e1026838ffd0c2fb15b6b685b3554c15aa07999329a6c073752f71dd	a22f3a83f3cc2563554eb04b71ac8afc1faff44e3a6a594dd265ff04baafa2a6	GPT	B02
d9fdbef37c6605af11e3ff98edaa238c067ecab611bc9ad8abaf83b43772383e	7ab1f5df5699375be53371c214287302f4d413f7b10064d87153956830b53f83	교량 및 도로	흙막이지보공작업	흙막이지보공 자재반입	교량 및 도로 > 흙막이지보공작업 > 흙막이지보공 자재반입	CANONICAL_GAP				VALID_TASK_BUT_NO_SUITABLE_SINGLE_CANONICAL_TASK_IN_FROZEN_REFERENCE	MEDIUM	402fafe9e1026838ffd0c2fb15b6b685b3554c15aa07999329a6c073752f71dd	a22f3a83f3cc2563554eb04b71ac8afc1faff44e3a6a594dd265ff04baafa2a6	GPT	B02
db6c6f704df04a325e71915f8c5aead52894d3096eb1d3fa0696c8615bdaf8cb	eead61646f3d44d3b0f018b70f6c9a2dcd90d1836469daf4707f539da44a43a9	댐	발파작업	발파 천공	댐 > 발파작업 > 발파 천공	MAP_EXISTING_CANONICAL	bae014b7-2474-48f7-b5c0-0e9f30a0ff56	발파	NARROWER_THAN	BLAST_HOLE_DRILLING_IS_A_SPECIFIC_SUBACTIVITY_OF_BLASTING	HIGH	402fafe9e1026838ffd0c2fb15b6b685b3554c15aa07999329a6c073752f71dd	a22f3a83f3cc2563554eb04b71ac8afc1faff44e3a6a594dd265ff04baafa2a6	GPT	B02
dd67181cdb0cf48c19cd2751b1ab7ff02499b80a72dd5596ff89a7521122e628	356e247dc8ffcb04de5f66a0ea98e29b25e646b0f5ab6d9ce5f80f86ba6ad022	교량 및 도로	철근작업	철근조립	교량 및 도로 > 철근작업 > 철근조립	MAP_EXISTING_CANONICAL	be965f09-464b-4d53-9be4-d72f44d3d1ee	철근가공및조립	NARROWER_THAN	REBAR_ASSEMBLY_IS_A_SPECIFIC_COMPONENT_OF_CANONICAL_REBAR_PROCESSING_AND_ASSEMBLY	HIGH	402fafe9e1026838ffd0c2fb15b6b685b3554c15aa07999329a6c073752f71dd	a22f3a83f3cc2563554eb04b71ac8afc1faff44e3a6a594dd265ff04baafa2a6	GPT	B02
e0574d23caa2a6f730514bebe10ea87dfb215cc79f4771b62bce8d4877648dd3	2644afc54e043783211e17c16ea64156c9a4bdd1d912d842d335300720844666	댐	가설전기작업	교류아크 용접기	댐 > 가설전기작업 > 교류아크 용접기	NO_MATCH			NO_MATCH	SOURCE_CONCEPT_IS_NOT_A_TASK_SEMANTIC_FOR_CURRENT_CANONICAL_TASK_UNIVERSE	HIGH	402fafe9e1026838ffd0c2fb15b6b685b3554c15aa07999329a6c073752f71dd	a22f3a83f3cc2563554eb04b71ac8afc1faff44e3a6a594dd265ff04baafa2a6	GPT	B02
e22fcc8b4b46bed935679ad63810b2d04c6a3015527a5bf936fc360472833be5	54a94bfc9d43e393580686e89aadddca71b5807b162a7ac1e443d16f006a8cc6	댐	안전가시설작업	방호선반	댐 > 안전가시설작업 > 방호선반	NO_MATCH			NO_MATCH	SOURCE_CONCEPT_IS_NOT_A_TASK_SEMANTIC_FOR_CURRENT_CANONICAL_TASK_UNIVERSE	HIGH	402fafe9e1026838ffd0c2fb15b6b685b3554c15aa07999329a6c073752f71dd	a22f3a83f3cc2563554eb04b71ac8afc1faff44e3a6a594dd265ff04baafa2a6	GPT	B02
e27ad6dd805ee708823705cabf5f27b5043944cd1447c4697ac6ba184b699cb5	af27b18df7f84c7eb22d81b98bef2c11f74950f7cc7b69e690183e7889258a7a	댐	안전가시설작업	경사지붕	댐 > 안전가시설작업 > 경사지붕	NO_MATCH			NO_MATCH	SOURCE_CONCEPT_IS_NOT_A_TASK_SEMANTIC_FOR_CURRENT_CANONICAL_TASK_UNIVERSE	HIGH	402fafe9e1026838ffd0c2fb15b6b685b3554c15aa07999329a6c073752f71dd	a22f3a83f3cc2563554eb04b71ac8afc1faff44e3a6a594dd265ff04baafa2a6	GPT	B02
e39768a1e9b2c22c2c9f9589b01b494fc03334816c6b39cca9316bda35ddd6bc	a8baeeb266fa35be2e5824cc69a5ad421dd5550b8d30d4f43004f63f94f9979c	교량 및 도로	포설 및 다짐작업	포설 및 다짐	교량 및 도로 > 포설 및 다짐작업 > 포설 및 다짐	AMBIGUOUS			AMBIGUOUS	GENERIC_PLACEMENT_AND_COMPACTION_DOES_NOT_IDENTIFY_A_SINGLE_MATERIAL_OR_CANONICAL_TASK	MEDIUM	402fafe9e1026838ffd0c2fb15b6b685b3554c15aa07999329a6c073752f71dd	a22f3a83f3cc2563554eb04b71ac8afc1faff44e3a6a594dd265ff04baafa2a6	GPT	B02
e49c70fb6ce8fdd5e6a7d322e8cae481d14c4f153f4c8ac19c626f69198a38fb	a9a5acab808229853051c0edc657bd04a3ef31ff8e88465773c5eb61e51829d9	빌딩	가설전기작업	분전반	빌딩 > 가설전기작업 > 분전반	NO_MATCH			NO_MATCH	SOURCE_CONCEPT_IS_NOT_A_TASK_SEMANTIC_FOR_CURRENT_CANONICAL_TASK_UNIVERSE	HIGH	402fafe9e1026838ffd0c2fb15b6b685b3554c15aa07999329a6c073752f71dd	a22f3a83f3cc2563554eb04b71ac8afc1faff44e3a6a594dd265ff04baafa2a6	GPT	B02
e7c25ccf25b837b8283022dab32d85544d20701f67c18136a0014ed9c81880b0	897d23e85306524399afcc3a16caf076a3ba4210066c74cced9e43c0be6f6b72	댐	가설전기작업	접지	댐 > 가설전기작업 > 접지	CANONICAL_GAP				VALID_TASK_BUT_NO_SUITABLE_SINGLE_CANONICAL_TASK_IN_FROZEN_REFERENCE	MEDIUM	402fafe9e1026838ffd0c2fb15b6b685b3554c15aa07999329a6c073752f71dd	a22f3a83f3cc2563554eb04b71ac8afc1faff44e3a6a594dd265ff04baafa2a6	GPT	B02
e89612ca8ca33f0f977ebab73c11ec6bb220234991338845f99cb793cfd1cc82	7411f7f6feccaa9569111925fafd1de3051530b9942f8e2e19467a1217509e5e	댐	콘크리트작업	콘크리트 반입	댐 > 콘크리트작업 > 콘크리트 반입	CANONICAL_GAP				VALID_TASK_BUT_NO_SUITABLE_SINGLE_CANONICAL_TASK_IN_FROZEN_REFERENCE	MEDIUM	402fafe9e1026838ffd0c2fb15b6b685b3554c15aa07999329a6c073752f71dd	a22f3a83f3cc2563554eb04b71ac8afc1faff44e3a6a594dd265ff04baafa2a6	GPT	B02
e8e5d96eeb0ed2582e66b37b009dd8e848c17651823918d0f0fba37c31a1e65f	bfa5cf3d95dcd5652ce9929437171c95aa4ec7329c74eee2430052d2ba0b634d	댐	가설전기작업	전선	댐 > 가설전기작업 > 전선	NO_MATCH			NO_MATCH	SOURCE_CONCEPT_IS_NOT_A_TASK_SEMANTIC_FOR_CURRENT_CANONICAL_TASK_UNIVERSE	HIGH	402fafe9e1026838ffd0c2fb15b6b685b3554c15aa07999329a6c073752f71dd	a22f3a83f3cc2563554eb04b71ac8afc1faff44e3a6a594dd265ff04baafa2a6	GPT	B02
ea53062c9ac97c2bcdf6bcf2aacd078ce1369e8a8de63af3d0b64cf312a3e366	019b2c465ec252bcbe6fe426e1af76d0be56255c03e9f24ff6609d2bfefbb6e9	교량 및 도로	케이슨작업	케이슨운반 및 거치	교량 및 도로 > 케이슨작업 > 케이슨운반 및 거치	MAP_EXISTING_CANONICAL	97cf2571-0f3a-4bb2-8a85-837bbd502bb0	케이슨제작및설치	POSSIBLE_RELATED	CAISSON_TRANSPORT_AND_PLACEMENT_OVERLAPS_INSTALLATION_BUT_IS_NOT_EQUIVALENT_TO_FULL_FABRICATION_AND_INSTALLATION	MEDIUM	402fafe9e1026838ffd0c2fb15b6b685b3554c15aa07999329a6c073752f71dd	a22f3a83f3cc2563554eb04b71ac8afc1faff44e3a6a594dd265ff04baafa2a6	GPT	B02
eac0aac6c060d4fa3c6362f9db186cbe83342b83fd01b1804d13ba9c952a8d42	c50cf3765ba0e886e63fcc7bc89389e6ba903855e8057e7fcc00cf3bced53a71	댐	가설플랜트작업	가설플랜트 (크라샤 Plant)	댐 > 가설플랜트작업 > 가설플랜트 (크라샤 Plant)	NO_MATCH			NO_MATCH	SOURCE_CONCEPT_IS_NOT_A_TASK_SEMANTIC_FOR_CURRENT_CANONICAL_TASK_UNIVERSE	HIGH	402fafe9e1026838ffd0c2fb15b6b685b3554c15aa07999329a6c073752f71dd	a22f3a83f3cc2563554eb04b71ac8afc1faff44e3a6a594dd265ff04baafa2a6	GPT	B02
ee2165e72aceb16b6d4947d918cf18799f2c39a69dbf148f57c6f8c0c2691a3b	8c97a2cb4abbee0941d6172ac2fe0ab19c3f9f73024710bd4906a8d44f364269	댐	가설플랜트작업	가설플랜트 (콘크리트 Batch Plant)	댐 > 가설플랜트작업 > 가설플랜트 (콘크리트 Batch Plant)	NO_MATCH			NO_MATCH	SOURCE_CONCEPT_IS_NOT_A_TASK_SEMANTIC_FOR_CURRENT_CANONICAL_TASK_UNIVERSE	HIGH	402fafe9e1026838ffd0c2fb15b6b685b3554c15aa07999329a6c073752f71dd	a22f3a83f3cc2563554eb04b71ac8afc1faff44e3a6a594dd265ff04baafa2a6	GPT	B02
f137e9e386fb306b27978ba3b1e51d55138a69dc532a50eb68d35c3518c1c5a3	3a5c9f5a4b8df57ee09cb6b40925b863322cf53dc30a98b80577fce256c26373	댐	가설플랜트작업	가설플랜트 (숏크리트)	댐 > 가설플랜트작업 > 가설플랜트 (숏크리트)	NO_MATCH			NO_MATCH	SOURCE_CONCEPT_IS_NOT_A_TASK_SEMANTIC_FOR_CURRENT_CANONICAL_TASK_UNIVERSE	HIGH	402fafe9e1026838ffd0c2fb15b6b685b3554c15aa07999329a6c073752f71dd	a22f3a83f3cc2563554eb04b71ac8afc1faff44e3a6a594dd265ff04baafa2a6	GPT	B02
f2aca7a4f6c6e270bce805f18cbf8d4a70af1846e0c82bfc622b9da51d15e443	b1dd52abf778ddf3ca3fab2e816faad1a725afca4c5054076483ad938d3f9c0d	댐	안전가시설작업	작업발판	댐 > 안전가시설작업 > 작업발판	NO_MATCH			NO_MATCH	SOURCE_CONCEPT_IS_NOT_A_TASK_SEMANTIC_FOR_CURRENT_CANONICAL_TASK_UNIVERSE	HIGH	402fafe9e1026838ffd0c2fb15b6b685b3554c15aa07999329a6c073752f71dd	a22f3a83f3cc2563554eb04b71ac8afc1faff44e3a6a594dd265ff04baafa2a6	GPT	B02
f853175703529e8a6376769178e8eed1a784bd0066388b81d17ad8452fa54605	63704ae21827dc2741e02e1db3e78a833a5b592adc86e6f52065945a6bb822ff	댐	양중기작업	곤도라	댐 > 양중기작업 > 곤도라	NO_MATCH			NO_MATCH	SOURCE_CONCEPT_IS_NOT_A_TASK_SEMANTIC_FOR_CURRENT_CANONICAL_TASK_UNIVERSE	HIGH	402fafe9e1026838ffd0c2fb15b6b685b3554c15aa07999329a6c073752f71dd	a22f3a83f3cc2563554eb04b71ac8afc1faff44e3a6a594dd265ff04baafa2a6	GPT	B02
f8ae388364d4fd893bc18eed54870e9ebb47ea431d7c08fb32b4789d738b5c4a	6d8bd4289c45ece3194cc66e14fe721d9c306cfed6a10dda96a8668dab8448ad	댐	기계설비작업	기계설비 설치	댐 > 기계설비작업 > 기계설비 설치	AMBIGUOUS			AMBIGUOUS	GENERIC_MECHANICAL_EQUIPMENT_INSTALLATION_SPANS_MULTIPLE_SPECIFIC_INSTALLATION_TASKS	MEDIUM	402fafe9e1026838ffd0c2fb15b6b685b3554c15aa07999329a6c073752f71dd	a22f3a83f3cc2563554eb04b71ac8afc1faff44e3a6a594dd265ff04baafa2a6	GPT	B02
fa86a632200154180feeff1935e25c742c3444e01c95862f7cbe35692c54d113	a0c1b7a2f500a47401ec43aa9678fb0934863f948acb658efe01df96a19a655c	댐	위험기계기구작업	그라우팅 장비	댐 > 위험기계기구작업 > 그라우팅 장비	NO_MATCH			NO_MATCH	SOURCE_CONCEPT_IS_NOT_A_TASK_SEMANTIC_FOR_CURRENT_CANONICAL_TASK_UNIVERSE	HIGH	402fafe9e1026838ffd0c2fb15b6b685b3554c15aa07999329a6c073752f71dd	a22f3a83f3cc2563554eb04b71ac8afc1faff44e3a6a594dd265ff04baafa2a6	GPT	B02
fede6786ccc057da8cab7a6f1138caba2859000af1b87f39ae618d95ed6ac47e	edea1aa11b35d92d4ab96af29234e35d2a6a2a49207a223ba11b34c087e659f6	댐	발파작업	발파 암처리	댐 > 발파작업 > 발파 암처리	MAP_EXISTING_CANONICAL	bae014b7-2474-48f7-b5c0-0e9f30a0ff56	발파	POSSIBLE_RELATED	BLASTED_ROCK_HANDLING_IS_RELATED_TO_BLASTING_BUT_IS_NOT_THE_SAME_TASK	MEDIUM	402fafe9e1026838ffd0c2fb15b6b685b3554c15aa07999329a6c073752f71dd	a22f3a83f3cc2563554eb04b71ac8afc1faff44e3a6a594dd265ff04baafa2a6	GPT	B02
