batch_no	seed_proposal_key	kind	name	source_id	source_key	source_path	parent_path	grandparent_path	depth	is_leaf	child_count	sample_children	support_count	risk_content_support	source_occurrence_support	same_name_count	same_name_compatible_kind_count	same_name_incompatible_kind_count	same_name_paths	risk_sample_1	risk_sample_2	risk_sample_3	mechanical_flags	generator_review_status	generator_ambiguity_status	owner_decision	merge_candidate_keys	owner_reason
1	e3f1c96f3daa34bff9a644b8e17743ef0bfde3a1bcc201fe245568d6a901a517	TASK	굴착작업	KALIS_RISK_PROFILE	50b433c1451221bded4c5446bf7e278229c545f62d931ce4f7887b4ae2edfe1c	토목 > 토공사 > 굴착작업	토목 > 토공사	토목	3	YES	0		1	2438	3301	31	31	0	KALIS_RISK_PROFILE:건축 > 가설공사 > 굴착작업 | KALIS_RISK_PROFILE:건축 > 건축 토공사 > 굴착작업 | KALIS_RISK_PROFILE:건축 > 건축물 부대공사 > 굴착작업 | KALIS_RISK_PROFILE:건축 > 지반조사 > 굴착작업 | KALIS_RISK_PROFILE:건축 > 지정공사 > 굴착작업 | KALIS_RISK_PROFILE:건축 > 철골공사 > 굴착작업 | KALIS_RISK_PROFILE:건축 > 철근콘크리트공사 > 굴착작업 | KALIS_RISK_PROFILE:건축 > 해체 및 철거공사 > 굴착작업 | KALIS_RISK_PROFILE:기계설비 > 기계설비공사 > 굴착작업 | KALIS_RISK_PROFILE:기타 > 기타 > 굴착작업	객체=건설기계/굴착기; 위치=인접주변/굴착기/바닥; 원인=안전조치 부적정; 인적=깔림; 물적=전도; 가능=L(2); 심각=H(4)	객체=건설기계/굴착기; 위치=외부/굴착기/뒤; 원인=비평탄 지반 설치 및 작업구역 통제 미흡; 인적=부딪힘; 물적=전도; 가능=M(3); 심각=M(2)	객체=토사 및 암반/절토사면; 위치=외부/절토사면/상부(위); 원인=비탈사면 보강공 안전성 검토 미흡; 인적=끼임; 물적=붕괴; 가능=H(4); 심각=M(2)	IS_LEAF|SAME_NAME_MULTI_PARENT|HIGH_RISK_SUPPORT	HOLD	HOLD	PENDING	EMPTY	EMPTY
2	a32bd6e6f4ca8dcf6449293805d06f15267a6dfe8df9d3cda41f63e210c96835	TASK	설치작업	KALIS_RISK_PROFILE	000dc031efd7a9e83515866c879b62ced7f35b5269ec2da5686ea40dcc199c87	토목 > 가설공사 > 설치작업	토목 > 가설공사	토목	3	YES	0		1	2128	2749	45	45	0	KALIS_RISK_PROFILE:건축 > 가설공사 > 설치작업 | KALIS_RISK_PROFILE:건축 > 건축 토공사 > 설치작업 | KALIS_RISK_PROFILE:건축 > 건축물 부대공사 > 설치작업 | KALIS_RISK_PROFILE:건축 > 금속공사 > 설치작업 | KALIS_RISK_PROFILE:건축 > 도장공사 > 설치작업 | KALIS_RISK_PROFILE:건축 > 목공사 > 설치작업 | KALIS_RISK_PROFILE:건축 > 미장공사 > 설치작업 | KALIS_RISK_PROFILE:건축 > 방수공사 > 설치작업 | KALIS_RISK_PROFILE:건축 > 수장공사 > 설치작업 | KALIS_RISK_PROFILE:건축 > 조경공사 > 설치작업	객체=가시설/비계; 위치=외부/비계/상부(위); 원인=비계 구조 안전성 부족; 인적=떨어짐(10미터 이상); 물적=붕괴; 가능=M(3); 심각=M(3)	객체=가시설/시스템동바리; 위치=내부/시스템동바리/하부(아래); 원인=구조안전성 검토 미실시; 인적=깔림; 물적=붕괴; 가능=M(3); 심각=H(4)	객체=가시설/비계; 위치=인접주변/비계/하부(아래); 원인=설치불량; 인적=떨어짐(분류불능); 물적=붕괴; 가능=M(3); 심각=M(3)	IS_LEAF|SAME_NAME_MULTI_PARENT|HIGH_RISK_SUPPORT	HOLD	HOLD	PENDING	EMPTY	EMPTY
3	c4ab6dcd8c14e0a41e80aa19b1ca80cd2706bd5016577c308e6c09fa5a4c7177	TASK	타설작업	KALIS_RISK_PROFILE	3c95857535d514d4d505930e0362872b14c69f5e86ef07a8444eb45407738dca	건축 > 철근콘크리트공사 > 타설작업	건축 > 철근콘크리트공사	건축	3	YES	0		1	1458	2450	23	23	0	KALIS_RISK_PROFILE:건축 > 가설공사 > 타설작업 | KALIS_RISK_PROFILE:건축 > 건축 토공사 > 타설작업 | KALIS_RISK_PROFILE:건축 > 건축물 부대공사 > 타설작업 | KALIS_RISK_PROFILE:건축 > 미장공사 > 타설작업 | KALIS_RISK_PROFILE:건축 > 지붕 및 홈통공사 > 타설작업 | KALIS_RISK_PROFILE:건축 > 지정공사 > 타설작업 | KALIS_RISK_PROFILE:건축 > 철골공사 > 타설작업 | KALIS_RISK_PROFILE:건축 > 철근콘크리트공사 > 타설작업 | KALIS_RISK_PROFILE:기타 > 기타 > 타설작업 | KALIS_RISK_PROFILE:산업설비 > 가설공사 > 타설작업	객체=가시설/시스템동바리; 위치=내부/시스템동바리/고소; 원인=구조검토 미실시; 인적=떨어짐(5미터 이상 ~ 10미터 미만); 물적=전도; 가능=H(4); 심각=H(4)	객체=가시설/시스템동바리; 위치=내부/시스템동바리/상부(위); 원인=구조검토 미실시; 인적=깔림; 물적=붕괴; 가능=M(3); 심각=H(4)	객체=가시설/강관동바리; 위치=내부/강관동바리/상부(위); 원인=임의시공 및 조립불량; 인적=깔림; 물적=붕괴; 가능=L(2); 심각=H(4)	IS_LEAF|SAME_NAME_MULTI_PARENT|HIGH_RISK_SUPPORT	HOLD	HOLD	PENDING	EMPTY	EMPTY
4	eb840a219732456c6b3122ff7e7c0acc79e5afb0351c5a21ee3712342b78cef8	TASK	설치작업	KALIS_RISK_PROFILE	6122964f50c7a3a2a72d4e9d54fc6953eb89dbe8bbda6dd0ac52234e42bfb117	건축 > 가설공사 > 설치작업	건축 > 가설공사	건축	3	YES	0		1	1029	1380	45	45	0	KALIS_RISK_PROFILE:건축 > 가설공사 > 설치작업 | KALIS_RISK_PROFILE:건축 > 건축 토공사 > 설치작업 | KALIS_RISK_PROFILE:건축 > 건축물 부대공사 > 설치작업 | KALIS_RISK_PROFILE:건축 > 금속공사 > 설치작업 | KALIS_RISK_PROFILE:건축 > 도장공사 > 설치작업 | KALIS_RISK_PROFILE:건축 > 목공사 > 설치작업 | KALIS_RISK_PROFILE:건축 > 미장공사 > 설치작업 | KALIS_RISK_PROFILE:건축 > 방수공사 > 설치작업 | KALIS_RISK_PROFILE:건축 > 수장공사 > 설치작업 | KALIS_RISK_PROFILE:건축 > 조경공사 > 설치작업	객체=가시설/비계; 위치=외부/비계/상부(위); 원인=조립불량; 인적=떨어짐(분류불능); 물적=붕괴; 가능=M(3); 심각=H(4)	객체=가시설/비계; 위치=외부/비계/상부(위); 원인=조립불량; 인적=떨어짐(5미터 이상 ~ 10미터 미만); 물적=전도; 가능=H(4); 심각=H(4)	객체=가시설/흙막이가시설; 위치=내부/흙막이가시설/상부(위); 원인=흙막이 토류판 강도 부족; 인적=깔림; 물적=붕괴; 가능=M(3); 심각=H(4)	IS_LEAF|SAME_NAME_MULTI_PARENT|HIGH_RISK_SUPPORT	HOLD	HOLD	PENDING	EMPTY	EMPTY
5	57839066978061669f87361165737c28b9c1a8293bdc3fe07cbcfeb0692bbac1	TASK	굴착작업	KALIS_RISK_PROFILE	85fd02acec1d699ea0a4c5d49c0b8ae22f8a0789f3b6ea15caaead7d7ec379b1	건축 > 건축 토공사 > 굴착작업	건축 > 건축 토공사	건축	3	YES	0		1	990	1525	31	31	0	KALIS_RISK_PROFILE:건축 > 가설공사 > 굴착작업 | KALIS_RISK_PROFILE:건축 > 건축 토공사 > 굴착작업 | KALIS_RISK_PROFILE:건축 > 건축물 부대공사 > 굴착작업 | KALIS_RISK_PROFILE:건축 > 지반조사 > 굴착작업 | KALIS_RISK_PROFILE:건축 > 지정공사 > 굴착작업 | KALIS_RISK_PROFILE:건축 > 철골공사 > 굴착작업 | KALIS_RISK_PROFILE:건축 > 철근콘크리트공사 > 굴착작업 | KALIS_RISK_PROFILE:건축 > 해체 및 철거공사 > 굴착작업 | KALIS_RISK_PROFILE:기계설비 > 기계설비공사 > 굴착작업 | KALIS_RISK_PROFILE:기타 > 기타 > 굴착작업	객체=토사 및 암반/굴착사면; 위치=외부/굴착사면/바닥; 원인=우수유입방지대책 미흡; 인적=깔림; 물적=붕괴; 가능=H(4); 심각=M(3)	객체=가시설/흙막이가시설; 위치=외부/흙막이가시설/하부(아래); 원인=지하수 등 유입수; 인적=깔림; 물적=전도; 가능=H(4); 심각=H(4)	객체=토사 및 암반/굴착사면; 위치=인접주변/굴착사면/지하; 원인=우수유입 방지대책 미흡; 인적=깔림; 물적=붕괴; 가능=M(2); 심각=M(4)	IS_LEAF|SAME_NAME_MULTI_PARENT|HIGH_RISK_SUPPORT	HOLD	HOLD	PENDING	EMPTY	EMPTY
6	b884c575a6056ed309d8f2e0d5b403416abb2f83ee5785483d0d5f1f2c66a092	TASK	설치작업	KALIS_RISK_PROFILE	5f93221a423abf12677f5b93f3c3010718ae1f9001503ffee7b041f964c31de8	건축 > 철근콘크리트공사 > 설치작업	건축 > 철근콘크리트공사	건축	3	YES	0		1	964	1790	45	45	0	KALIS_RISK_PROFILE:건축 > 가설공사 > 설치작업 | KALIS_RISK_PROFILE:건축 > 건축 토공사 > 설치작업 | KALIS_RISK_PROFILE:건축 > 건축물 부대공사 > 설치작업 | KALIS_RISK_PROFILE:건축 > 금속공사 > 설치작업 | KALIS_RISK_PROFILE:건축 > 도장공사 > 설치작업 | KALIS_RISK_PROFILE:건축 > 목공사 > 설치작업 | KALIS_RISK_PROFILE:건축 > 미장공사 > 설치작업 | KALIS_RISK_PROFILE:건축 > 방수공사 > 설치작업 | KALIS_RISK_PROFILE:건축 > 수장공사 > 설치작업 | KALIS_RISK_PROFILE:건축 > 조경공사 > 설치작업	객체=가시설/작업발판; 위치=내부/작업발판/하부(아래); 원인=작업발판 난간 미설치; 인적=떨어짐(분류불능); 물적=없음; 가능=M(2); 심각=M(4)	객체=가시설/강관동바리; 위치=내부/강관동바리/상부(위); 원인=임의시공 및 안전조치 미흡; 인적=깔림; 물적=붕괴; 가능=M(2); 심각=M(4)	객체=건설자재/철근; 위치=내부/철근/상부(위); 원인=철근 안전캡 미설치; 인적=찔림; 물적=없음; 가능=M(2); 심각=M(3)	IS_LEAF|SAME_NAME_MULTI_PARENT|HIGH_RISK_SUPPORT	HOLD	HOLD	PENDING	EMPTY	EMPTY
7	e2006ef2b754341c9377bcf9ef47df728855d46dabd9fdf4eb07ce6463403fda	TASK	설치작업	KALIS_RISK_PROFILE	cb1da1f4d48a41118652aabd9f28b9cd2ca782be7b3aa2375a3833c5b1ecd9c6	토목 > 토공사 > 설치작업	토목 > 토공사	토목	3	YES	0		1	654	830	45	45	0	KALIS_RISK_PROFILE:건축 > 가설공사 > 설치작업 | KALIS_RISK_PROFILE:건축 > 건축 토공사 > 설치작업 | KALIS_RISK_PROFILE:건축 > 건축물 부대공사 > 설치작업 | KALIS_RISK_PROFILE:건축 > 금속공사 > 설치작업 | KALIS_RISK_PROFILE:건축 > 도장공사 > 설치작업 | KALIS_RISK_PROFILE:건축 > 목공사 > 설치작업 | KALIS_RISK_PROFILE:건축 > 미장공사 > 설치작업 | KALIS_RISK_PROFILE:건축 > 방수공사 > 설치작업 | KALIS_RISK_PROFILE:건축 > 수장공사 > 설치작업 | KALIS_RISK_PROFILE:건축 > 조경공사 > 설치작업	객체=시설물/옹벽; 위치=외부/옹벽/하부(아래); 원인=재해영향평가 대책 미반영; 인적=깔림; 물적=붕괴; 가능=M(2); 심각=H(4)	객체=건설기계/특수건설기계; 위치=외부/특수건설기계/바닥; 원인=지반 지내력 검토 미흡; 인적=깔림; 물적=전도; 가능=M(3); 심각=M(3)	객체=가시설/흙막이가시설; 위치=외벽/흙막이가시설/옆; 원인=벽체 측압 과다; 인적=깔림; 물적=붕괴; 가능=M(3); 심각=H(4)	IS_LEAF|SAME_NAME_MULTI_PARENT|HIGH_RISK_SUPPORT	HOLD	HOLD	PENDING	EMPTY	EMPTY
8	9e8e1a55464f547b0e9d502829e7f900d9b8f36fd7d583ed523e7dabeb698d46	TASK	굴착작업	KALIS_RISK_PROFILE	df1a5e2b5e585a68ef0ed6ab52001aca7fd6c6da0d132cc5027c1f6123a0f95b	토목 > 가설공사 > 굴착작업	토목 > 가설공사	토목	3	YES	0		1	599	895	31	31	0	KALIS_RISK_PROFILE:건축 > 가설공사 > 굴착작업 | KALIS_RISK_PROFILE:건축 > 건축 토공사 > 굴착작업 | KALIS_RISK_PROFILE:건축 > 건축물 부대공사 > 굴착작업 | KALIS_RISK_PROFILE:건축 > 지반조사 > 굴착작업 | KALIS_RISK_PROFILE:건축 > 지정공사 > 굴착작업 | KALIS_RISK_PROFILE:건축 > 철골공사 > 굴착작업 | KALIS_RISK_PROFILE:건축 > 철근콘크리트공사 > 굴착작업 | KALIS_RISK_PROFILE:건축 > 해체 및 철거공사 > 굴착작업 | KALIS_RISK_PROFILE:기계설비 > 기계설비공사 > 굴착작업 | KALIS_RISK_PROFILE:기타 > 기타 > 굴착작업	객체=가시설/비계; 위치=외부/비계/상부(위); 원인=사전작업허가제 미시행; 인적=떨어짐(5미터 이상 ~ 10미터 미만); 물적=파열,파단; 가능=M(3); 심각=M(3)	객체=가시설/흙막이가시설; 위치=내부/흙막이가시설/바닥; 원인=흙막이 가시설 미설치; 인적=깔림; 물적=붕괴; 가능=M(3); 심각=H(4)	객체=가시설/흙막이가시설; 위치=내부/흙막이가시설/옆; 원인=작업허가제 미도입; 인적=깔림; 물적=붕괴; 가능=M(2); 심각=M(3)	IS_LEAF|SAME_NAME_MULTI_PARENT|HIGH_RISK_SUPPORT	HOLD	HOLD	PENDING	EMPTY	EMPTY
9	2d11769704bcf2adead6f2d68ba7620017f20dc5d66c99fd1f173f333dddf1db	TASK	굴착작업	KALIS_RISK_PROFILE	edcd366ee1c0d9d6f69529b81f9cdca359d959bd5c565545f74eb79e63f9502f	토목 > 관공사 > 굴착작업	토목 > 관공사	토목	3	YES	0		1	575	834	31	31	0	KALIS_RISK_PROFILE:건축 > 가설공사 > 굴착작업 | KALIS_RISK_PROFILE:건축 > 건축 토공사 > 굴착작업 | KALIS_RISK_PROFILE:건축 > 건축물 부대공사 > 굴착작업 | KALIS_RISK_PROFILE:건축 > 지반조사 > 굴착작업 | KALIS_RISK_PROFILE:건축 > 지정공사 > 굴착작업 | KALIS_RISK_PROFILE:건축 > 철골공사 > 굴착작업 | KALIS_RISK_PROFILE:건축 > 철근콘크리트공사 > 굴착작업 | KALIS_RISK_PROFILE:건축 > 해체 및 철거공사 > 굴착작업 | KALIS_RISK_PROFILE:기계설비 > 기계설비공사 > 굴착작업 | KALIS_RISK_PROFILE:기타 > 기타 > 굴착작업	객체=토사 및 암반/굴착사면; 위치=내부/굴착사면/지하; 원인=우수유입 및 지하수 침투; 인적=깔림; 물적=붕괴; 가능=M(2); 심각=M(3)	객체=토사 및 암반/굴착사면; 위치=내부/굴착사면/지하; 원인=굴착구간에 대한 배수계획 미수립; 인적=깔림; 물적=붕괴; 가능=M(3); 심각=M(3)	객체=토사 및 암반/굴착사면; 위치=내부/굴착사면/지하; 원인=우수유입 및 지하수 침투; 인적=깔림; 물적=붕괴; 가능=M(2); 심각=M(3)	IS_LEAF|SAME_NAME_MULTI_PARENT|HIGH_RISK_SUPPORT	HOLD	HOLD	PENDING	EMPTY	EMPTY
10	1d9365519258d775e61bf1941c76a5b2181b78673302f99f266d10b37903474a	TASK	타설작업	KALIS_RISK_PROFILE	2c8f874ff2e97df3f4ec0223725a69405f9b3bebc60a68a861bc0176359715a1	토목 > 철근콘크리트공사 > 타설작업	토목 > 철근콘크리트공사	토목	3	YES	0		1	559	748	23	23	0	KALIS_RISK_PROFILE:건축 > 가설공사 > 타설작업 | KALIS_RISK_PROFILE:건축 > 건축 토공사 > 타설작업 | KALIS_RISK_PROFILE:건축 > 건축물 부대공사 > 타설작업 | KALIS_RISK_PROFILE:건축 > 미장공사 > 타설작업 | KALIS_RISK_PROFILE:건축 > 지붕 및 홈통공사 > 타설작업 | KALIS_RISK_PROFILE:건축 > 지정공사 > 타설작업 | KALIS_RISK_PROFILE:건축 > 철골공사 > 타설작업 | KALIS_RISK_PROFILE:건축 > 철근콘크리트공사 > 타설작업 | KALIS_RISK_PROFILE:기타 > 기타 > 타설작업 | KALIS_RISK_PROFILE:산업설비 > 가설공사 > 타설작업	객체=가시설/거푸집; 위치=내부/거푸집/상부(위); 원인=거푸집 구조 안전성 미흡; 인적=깔림; 물적=붕괴; 가능=M(2); 심각=H(4)	객체=가시설/거푸집; 위치=인접주변/거푸집/옆; 원인=콘크리트 과다측압; 인적=깔림; 물적=붕괴; 가능=M(3); 심각=M(3)	객체=가시설/시스템동바리; 위치=내부/시스템동바리/상부(위); 원인=시스템 동바리 구조검토서 미작성; 인적=깔림; 물적=붕괴; 가능=H(3); 심각=H(3)	IS_LEAF|SAME_NAME_MULTI_PARENT|HIGH_RISK_SUPPORT	HOLD	HOLD	PENDING	EMPTY	EMPTY
11	6ce091b7327b62680a97e1c4e649999a65144bf7c7754327a8e5754e5565746b	TASK	설치작업	KALIS_RISK_PROFILE	279f5b5057fc5fb8ce4b04db372c20e67d5695da75fdbd4d7c7de9a72c3ae50c	토목 > 철근콘크리트공사 > 설치작업	토목 > 철근콘크리트공사	토목	3	YES	0		1	470	548	45	45	0	KALIS_RISK_PROFILE:건축 > 가설공사 > 설치작업 | KALIS_RISK_PROFILE:건축 > 건축 토공사 > 설치작업 | KALIS_RISK_PROFILE:건축 > 건축물 부대공사 > 설치작업 | KALIS_RISK_PROFILE:건축 > 금속공사 > 설치작업 | KALIS_RISK_PROFILE:건축 > 도장공사 > 설치작업 | KALIS_RISK_PROFILE:건축 > 목공사 > 설치작업 | KALIS_RISK_PROFILE:건축 > 미장공사 > 설치작업 | KALIS_RISK_PROFILE:건축 > 방수공사 > 설치작업 | KALIS_RISK_PROFILE:건축 > 수장공사 > 설치작업 | KALIS_RISK_PROFILE:건축 > 조경공사 > 설치작업	객체=기타/기타; 위치=외부/기타/하부(아래); 원인=폭염 시 휴게시설 미확보; 인적=질병; 물적=없음; 가능=M(2); 심각=M(3)	객체=시설물/옹벽; 위치=외부/옹벽/상부(위); 원인=구조 안전성 미검토; 인적=깔림; 물적=붕괴; 가능=M(3); 심각=H(4)	객체=기타/기타; 위치=외부/기타/하부(아래); 원인=폭염 시 휴게시설 미확보; 인적=질병; 물적=없음; 가능=M(2); 심각=M(3)	IS_LEAF|SAME_NAME_MULTI_PARENT|HIGH_RISK_SUPPORT	HOLD	HOLD	PENDING	EMPTY	EMPTY
12	12b94b80fb5514c7623c43171e881e5b84c98887a14d67c55f18209291526316	TASK	설치작업	KALIS_RISK_PROFILE	61aaa2147235271432668ebee20fa892a84e7eb533b09047c3cdd4204fac4835	토목 > 관공사 > 설치작업	토목 > 관공사	토목	3	YES	0		1	453	597	45	45	0	KALIS_RISK_PROFILE:건축 > 가설공사 > 설치작업 | KALIS_RISK_PROFILE:건축 > 건축 토공사 > 설치작업 | KALIS_RISK_PROFILE:건축 > 건축물 부대공사 > 설치작업 | KALIS_RISK_PROFILE:건축 > 금속공사 > 설치작업 | KALIS_RISK_PROFILE:건축 > 도장공사 > 설치작업 | KALIS_RISK_PROFILE:건축 > 목공사 > 설치작업 | KALIS_RISK_PROFILE:건축 > 미장공사 > 설치작업 | KALIS_RISK_PROFILE:건축 > 방수공사 > 설치작업 | KALIS_RISK_PROFILE:건축 > 수장공사 > 설치작업 | KALIS_RISK_PROFILE:건축 > 조경공사 > 설치작업	객체=기타/지하매설물; 위치=내부/지하매설물/상부(위); 원인=접근통로 표준 규정 기준미비; 인적=떨어짐(3미터 이상 ~ 5미터 미만); 물적=파열,파단; 가능=M(2); 심각=M(3)	객체=기타/지하매설물; 위치=내부/지하매설물/상부(위); 원인=접근통로 표준 규정 기준미비; 인적=떨어짐(3미터 이상 ~ 5미터 미만); 물적=파열,파단; 가능=M(2); 심각=M(3)	객체=건설기계/고소작업차(고소작업대 등); 위치=내부/고소작업차(고소작업대 등)/상부(위); 원인=작업대 임의 개조; 인적=떨어짐(2미터 이상 ~ 3미터 미만); 물적=없음; 가능=L(2); 심각=H(4)	IS_LEAF|SAME_NAME_MULTI_PARENT|HIGH_RISK_SUPPORT	HOLD	HOLD	PENDING	EMPTY	EMPTY
13	9d01f9cfbc6c92ee2e177912475748fac3ab3e5167424e4f9e22c716a2d09cdb	TASK	조립작업	KALIS_RISK_PROFILE	ec7641a5d30bc1a5255dc97c05ae34b4c4320822820bec12fa93c2706ad32b15	토목 > 철근콘크리트공사 > 조립작업	토목 > 철근콘크리트공사	토목	3	YES	0		1	420	617	22	22	0	KALIS_RISK_PROFILE:건축 > 가설공사 > 조립작업 | KALIS_RISK_PROFILE:건축 > 건축 토공사 > 조립작업 | KALIS_RISK_PROFILE:건축 > 금속공사 > 조립작업 | KALIS_RISK_PROFILE:건축 > 수장공사 > 조립작업 | KALIS_RISK_PROFILE:건축 > 지붕 및 홈통공사 > 조립작업 | KALIS_RISK_PROFILE:건축 > 철골공사 > 조립작업 | KALIS_RISK_PROFILE:건축 > 철근콘크리트공사 > 조립작업 | KALIS_RISK_PROFILE:기계설비 > 기계설비공사 > 조립작업 | KALIS_RISK_PROFILE:산업설비 > 가설공사 > 조립작업 | KALIS_RISK_PROFILE:토목 > 가설공사 > 조립작업	객체=건설자재/철근; 위치=인접주변/철근/하부(아래); 원인=철근 전도방지 미조치; 인적=깔림; 물적=전도; 가능=M(3); 심각=M(2)	객체=건설자재/철근; 위치=외부/철근/상부(위); 원인=철근보호캡 설치누락; 인적=찔림; 물적=파열,파단; 가능=M(3); 심각=M(3)	객체=건설자재/철근; 위치=인접주변/철근/옆; 원인=전도방지 조치 미실시; 인적=깔림; 물적=전도; 가능=L(2); 심각=H(4)	IS_LEAF|SAME_NAME_MULTI_PARENT|HIGH_RISK_SUPPORT	HOLD	HOLD	PENDING	EMPTY	EMPTY
14	780c053696f6bdf5c9c88c1ecbc25267bf6bc69ab744171463bc07895d40e863	TASK	조립작업	KALIS_RISK_PROFILE	c4f4330ce0a4489d2bc010cd7c651e6e0b05db192f3eba5f11f85d50ab13d7f7	건축 > 철근콘크리트공사 > 조립작업	건축 > 철근콘크리트공사	건축	3	YES	0		1	408	657	22	22	0	KALIS_RISK_PROFILE:건축 > 가설공사 > 조립작업 | KALIS_RISK_PROFILE:건축 > 건축 토공사 > 조립작업 | KALIS_RISK_PROFILE:건축 > 금속공사 > 조립작업 | KALIS_RISK_PROFILE:건축 > 수장공사 > 조립작업 | KALIS_RISK_PROFILE:건축 > 지붕 및 홈통공사 > 조립작업 | KALIS_RISK_PROFILE:건축 > 철골공사 > 조립작업 | KALIS_RISK_PROFILE:건축 > 철근콘크리트공사 > 조립작업 | KALIS_RISK_PROFILE:기계설비 > 기계설비공사 > 조립작업 | KALIS_RISK_PROFILE:산업설비 > 가설공사 > 조립작업 | KALIS_RISK_PROFILE:토목 > 가설공사 > 조립작업	객체=부재/벽체; 위치=내부/벽체/지하; 원인=전도방지조치 미흡; 인적=깔림; 물적=붕괴; 가능=M(2); 심각=M(4)	객체=부재/벽체; 위치=내부/벽체/지하; 원인=전도방지조치 미흡; 인적=깔림; 물적=붕괴; 가능=M(2); 심각=M(4)	객체=건설자재/철근; 위치=내부/철근/상부(위); 원인=전도방지조치 미흡; 인적=깔림; 물적=붕괴; 가능=M(2); 심각=M(3)	IS_LEAF|SAME_NAME_MULTI_PARENT|HIGH_RISK_SUPPORT	HOLD	HOLD	PENDING	EMPTY	EMPTY
15	671f0c3202b6a818b4ea89e74ed3255aabc7cee488b93bfabaa246adfec53359	TASK	이동	KALIS_RISK_PROFILE	adaf772ee52c5f2e663f79bcaa67d078b71511e92344cffc425de2e41bd4bb5b	토목 > 가설공사 > 이동	토목 > 가설공사	토목	3	YES	0		1	403	606	34	34	0	KALIS_RISK_PROFILE:건축 > 가설공사 > 이동 | KALIS_RISK_PROFILE:건축 > 건축 토공사 > 이동 | KALIS_RISK_PROFILE:건축 > 건축물 부대공사 > 이동 | KALIS_RISK_PROFILE:건축 > 금속공사 > 이동 | KALIS_RISK_PROFILE:건축 > 도장공사 > 이동 | KALIS_RISK_PROFILE:건축 > 미장공사 > 이동 | KALIS_RISK_PROFILE:건축 > 수장공사 > 이동 | KALIS_RISK_PROFILE:건축 > 지붕 및 홈통공사 > 이동 | KALIS_RISK_PROFILE:건축 > 지정공사 > 이동 | KALIS_RISK_PROFILE:건축 > 창호 및 유리공사 > 이동	객체=가시설/안전시설물; 위치=인접주변/안전시설물/상부(위); 원인=안전시설 미설치; 인적=떨어짐(분류불능); 물적=없음; 가능=M(3); 심각=M(3)	객체=가시설/가설도로; 위치=인접주변/가설도로/바닥; 원인=과속주행; 인적=부딪힘; 물적=전도; 가능=M(3); 심각=M(3)	객체=가시설/안전시설물; 위치=인접주변/안전시설물/상부(위); 원인=안전시설 미설치; 인적=떨어짐(분류불능); 물적=없음; 가능=M(3); 심각=M(3)	IS_LEAF|SAME_NAME_MULTI_PARENT|HIGH_RISK_SUPPORT	HOLD	HOLD	PENDING	EMPTY	EMPTY
16	dcde8d4792b2b698f4465198a8e889e75045f0613c4422a6c3766d62571c840f	TASK	이동	KALIS_RISK_PROFILE	33a19b557d35741aca8df8343cf28c6eb5a8a0dbcc37bfa5c1160dcff1ced5b0	토목 > 토공사 > 이동	토목 > 토공사	토목	3	YES	0		1	372	503	34	34	0	KALIS_RISK_PROFILE:건축 > 가설공사 > 이동 | KALIS_RISK_PROFILE:건축 > 건축 토공사 > 이동 | KALIS_RISK_PROFILE:건축 > 건축물 부대공사 > 이동 | KALIS_RISK_PROFILE:건축 > 금속공사 > 이동 | KALIS_RISK_PROFILE:건축 > 도장공사 > 이동 | KALIS_RISK_PROFILE:건축 > 미장공사 > 이동 | KALIS_RISK_PROFILE:건축 > 수장공사 > 이동 | KALIS_RISK_PROFILE:건축 > 지붕 및 홈통공사 > 이동 | KALIS_RISK_PROFILE:건축 > 지정공사 > 이동 | KALIS_RISK_PROFILE:건축 > 창호 및 유리공사 > 이동	객체=건설기계/덤프트럭; 위치=인접주변/덤프트럭/뒤; 원인=작업반경 내 접근; 인적=부딪힘; 물적=충돌; 가능=L(2); 심각=M(3)	객체=가시설/흙막이가시설; 위치=내부/흙막이가시설/지하; 원인=안전난간 미설치; 인적=떨어짐(분류불능); 물적=없음; 가능=M(2); 심각=M(4)	객체=건설기계/덤프트럭; 위치=인접주변/덤프트럭/뒤; 원인=작업반경 내 접근; 인적=부딪힘; 물적=충돌; 가능=L(2); 심각=M(3)	IS_LEAF|SAME_NAME_MULTI_PARENT|HIGH_RISK_SUPPORT	HOLD	HOLD	PENDING	EMPTY	EMPTY
17	2e631c1985a962b2a6ff4d02e0f530c01882e1e1bbfb90eae9eea78b2c210575	TASK	설치작업	KALIS_RISK_PROFILE	c091c53a2601ca4ea0c92c9345118cabfe8b761e86ccdf6dd678ac10d85361c8	토목 > 교량공사 > 설치작업	토목 > 교량공사	토목	3	YES	0		1	360	512	45	45	0	KALIS_RISK_PROFILE:건축 > 가설공사 > 설치작업 | KALIS_RISK_PROFILE:건축 > 건축 토공사 > 설치작업 | KALIS_RISK_PROFILE:건축 > 건축물 부대공사 > 설치작업 | KALIS_RISK_PROFILE:건축 > 금속공사 > 설치작업 | KALIS_RISK_PROFILE:건축 > 도장공사 > 설치작업 | KALIS_RISK_PROFILE:건축 > 목공사 > 설치작업 | KALIS_RISK_PROFILE:건축 > 미장공사 > 설치작업 | KALIS_RISK_PROFILE:건축 > 방수공사 > 설치작업 | KALIS_RISK_PROFILE:건축 > 수장공사 > 설치작업 | KALIS_RISK_PROFILE:건축 > 조경공사 > 설치작업	객체=부재/교대 기초; 위치=인접주변/교대 기초/하부(아래); 원인=지반지지력 미 검토; 인적=깔림; 물적=전도; 가능=M(3); 심각=M(3)	객체=부재/거더; 위치=인접주변/거더/상부(위); 원인=교량설치 계획 미흡; 인적=깔림; 물적=전도; 가능=M(3); 심각=H(4)	객체=부재/거더; 위치=인접주변/거더/상부(위); 원인=안전시설 미비; 인적=떨어짐; 물적=없음; 가능=M(3); 심각=M(3)	IS_LEAF|SAME_NAME_MULTI_PARENT|HIGH_RISK_SUPPORT	HOLD	HOLD	PENDING	EMPTY	EMPTY
18	f7381cf3f764b6bb716a0a05b8b187081640bb681a0e80f04a9045f25cbc6edb	TASK	설치작업	KALIS_RISK_PROFILE	cfa78c54ecc62a2d9673239871b9dbcfe47dfa308a1f30c5a49bf5d48a8f7dd6	건축 > 철골공사 > 설치작업	건축 > 철골공사	건축	3	YES	0		1	287	339	45	45	0	KALIS_RISK_PROFILE:건축 > 가설공사 > 설치작업 | KALIS_RISK_PROFILE:건축 > 건축 토공사 > 설치작업 | KALIS_RISK_PROFILE:건축 > 건축물 부대공사 > 설치작업 | KALIS_RISK_PROFILE:건축 > 금속공사 > 설치작업 | KALIS_RISK_PROFILE:건축 > 도장공사 > 설치작업 | KALIS_RISK_PROFILE:건축 > 목공사 > 설치작업 | KALIS_RISK_PROFILE:건축 > 미장공사 > 설치작업 | KALIS_RISK_PROFILE:건축 > 방수공사 > 설치작업 | KALIS_RISK_PROFILE:건축 > 수장공사 > 설치작업 | KALIS_RISK_PROFILE:건축 > 조경공사 > 설치작업	객체=부재/철골부재; 위치=내부/철골부재/고소; 원인=구명줄 미설치; 인적=떨어짐(분류불능); 물적=없음; 가능=M(3); 심각=H(4)	객체=부재/철골부재; 위치=지붕/철골부재/상부(위); 원인=추락방지 안전시설 미설치; 인적=떨어짐(5미터 이상 ~ 10미터 미만); 물적=없음; 가능=M(3); 심각=H(4)	객체=건설자재/데크플레이트; 위치=내부/데크플레이트/고소; 원인=구조검토 미흡; 인적=떨어짐(5미터 이상 ~ 10미터 미만); 물적=붕괴; 가능=M(3); 심각=H(4)	IS_LEAF|SAME_NAME_MULTI_PARENT|HIGH_RISK_SUPPORT	HOLD	HOLD	PENDING	EMPTY	EMPTY
19	0d3177771d3a502da92100b5e1fd97dd571c69b5826d665f4044b84b17d3bae0	TASK	이동	KALIS_RISK_PROFILE	35db5557824c8dfd67e7a1f259411ebe428172d80e30b25afd7adf5133b3004e	건축 > 철근콘크리트공사 > 이동	건축 > 철근콘크리트공사	건축	3	YES	0		1	286	503	34	34	0	KALIS_RISK_PROFILE:건축 > 가설공사 > 이동 | KALIS_RISK_PROFILE:건축 > 건축 토공사 > 이동 | KALIS_RISK_PROFILE:건축 > 건축물 부대공사 > 이동 | KALIS_RISK_PROFILE:건축 > 금속공사 > 이동 | KALIS_RISK_PROFILE:건축 > 도장공사 > 이동 | KALIS_RISK_PROFILE:건축 > 미장공사 > 이동 | KALIS_RISK_PROFILE:건축 > 수장공사 > 이동 | KALIS_RISK_PROFILE:건축 > 지붕 및 홈통공사 > 이동 | KALIS_RISK_PROFILE:건축 > 지정공사 > 이동 | KALIS_RISK_PROFILE:건축 > 창호 및 유리공사 > 이동	객체=건설자재/철근; 위치=외부/철근/바닥; 원인=안전조치 부적정; 인적=넘어짐(기타); 물적=없음; 가능=H(4); 심각=M(3)	객체=부재/개구부; 위치=내부/개구부/바닥; 원인=개구부 주변 안전조치 미흡; 인적=떨어짐(2미터 이상 ~ 3미터 미만); 물적=낙하; 가능=M(3); 심각=H(4)	객체=건설기계/콘크리트펌프; 위치=외부/콘크리트펌프/옆; 원인=펌프카 붐의 이동, 호스 요동 및 선회; 인적=물체에 맞음; 물적=충돌; 가능=H(4); 심각=H(4)	IS_LEAF|SAME_NAME_MULTI_PARENT|HIGH_RISK_SUPPORT	HOLD	HOLD	PENDING	EMPTY	EMPTY
20	52a600e2f30b64029796c36e7b83949c55927dcf118563d27b6079c1d82d581e	TASK	타설작업	KALIS_RISK_PROFILE	27e9bdbd2fdb3a024e4f2a83ca38e8fba716061ad27f7d74e5367d329c03fdab	건축 > 가설공사 > 타설작업	건축 > 가설공사	건축	3	YES	0		1	244	296	23	23	0	KALIS_RISK_PROFILE:건축 > 가설공사 > 타설작업 | KALIS_RISK_PROFILE:건축 > 건축 토공사 > 타설작업 | KALIS_RISK_PROFILE:건축 > 건축물 부대공사 > 타설작업 | KALIS_RISK_PROFILE:건축 > 미장공사 > 타설작업 | KALIS_RISK_PROFILE:건축 > 지붕 및 홈통공사 > 타설작업 | KALIS_RISK_PROFILE:건축 > 지정공사 > 타설작업 | KALIS_RISK_PROFILE:건축 > 철골공사 > 타설작업 | KALIS_RISK_PROFILE:건축 > 철근콘크리트공사 > 타설작업 | KALIS_RISK_PROFILE:기타 > 기타 > 타설작업 | KALIS_RISK_PROFILE:산업설비 > 가설공사 > 타설작업	객체=가시설/강관동바리; 위치=내부/강관동바리/상부(위); 원인=임의시공 및 안전조치 미흡; 인적=깔림; 물적=붕괴; 가능=M(2); 심각=H(4)	객체=가시설/시스템동바리; 위치=내부/시스템동바리/하부(아래); 원인=시스템동바리 설치 불량으로 인한 붕괴위험; 인적=깔림; 물적=붕괴; 가능=M(3); 심각=M(4)	객체=가시설/강관동바리; 위치=내부/강관동바리/상부(위); 원인=임의시공 및 안전조치 미흡; 인적=깔림; 물적=붕괴; 가능=M(2); 심각=H(4)	IS_LEAF|SAME_NAME_MULTI_PARENT|HIGH_RISK_SUPPORT	HOLD	HOLD	PENDING	EMPTY	EMPTY
21	55f61d22e8b00df5ee9a842b8ade8308ce7bd56ea499e5eb0e0a15ea25410411	TASK	쌓기작업	KALIS_RISK_PROFILE	016c9ce38e301026f41853c6057fea4d13a6b067f143881893778d87330c11a8	건축 > 조적공사 > 쌓기작업	건축 > 조적공사	건축	3	YES	0		1	232	339	18	18	0	KALIS_RISK_PROFILE:건축 > 가설공사 > 쌓기작업 | KALIS_RISK_PROFILE:건축 > 건축 토공사 > 쌓기작업 | KALIS_RISK_PROFILE:건축 > 건축물 부대공사 > 쌓기작업 | KALIS_RISK_PROFILE:건축 > 금속공사 > 쌓기작업 | KALIS_RISK_PROFILE:건축 > 도장공사 > 쌓기작업 | KALIS_RISK_PROFILE:건축 > 수장공사 > 쌓기작업 | KALIS_RISK_PROFILE:건축 > 조경공사 > 쌓기작업 | KALIS_RISK_PROFILE:건축 > 조적공사 > 쌓기작업 | KALIS_RISK_PROFILE:기타 > 기타 > 쌓기작업 | KALIS_RISK_PROFILE:토목 > 가설공사 > 쌓기작업	객체=부재/조적벽체; 위치=내부/조적벽체/옆; 원인=시공기준 미준수; 인적=떨어짐(분류불능); 물적=붕괴; 가능=M(3); 심각=M(3)	객체=시설물/건물; 위치=외부/건물/고소; 원인=시공기준 미준수; 인적=떨어짐(분류불능); 물적=붕괴; 가능=M(3); 심각=M(3)	객체=건설자재/자재; 위치=내부/자재/고소; 원인=시공기준 미준수; 인적=떨어짐(3미터 이상 ~ 5미터 미만); 물적=붕괴; 가능=M(3); 심각=M(3)	IS_LEAF|SAME_NAME_MULTI_PARENT|HIGH_RISK_SUPPORT	HOLD	HOLD	PENDING	EMPTY	EMPTY
22	40913ce76bfc5df501a2f0bcff5628dbcfa76eda846f266fe1b917dd5a564684	TASK	설치작업	KALIS_RISK_PROFILE	26f444bea902eb7633b53848b042f48dea4580cdd6115d3b07372ccc4d654de0	건축 > 건축 토공사 > 설치작업	건축 > 건축 토공사	건축	3	YES	0		1	219	368	45	45	0	KALIS_RISK_PROFILE:건축 > 가설공사 > 설치작업 | KALIS_RISK_PROFILE:건축 > 건축 토공사 > 설치작업 | KALIS_RISK_PROFILE:건축 > 건축물 부대공사 > 설치작업 | KALIS_RISK_PROFILE:건축 > 금속공사 > 설치작업 | KALIS_RISK_PROFILE:건축 > 도장공사 > 설치작업 | KALIS_RISK_PROFILE:건축 > 목공사 > 설치작업 | KALIS_RISK_PROFILE:건축 > 미장공사 > 설치작업 | KALIS_RISK_PROFILE:건축 > 방수공사 > 설치작업 | KALIS_RISK_PROFILE:건축 > 수장공사 > 설치작업 | KALIS_RISK_PROFILE:건축 > 조경공사 > 설치작업	객체=가시설/흙막이가시설; 위치=외부/흙막이가시설/하부(아래); 원인=안전성 미계산; 인적=떨어짐(2미터 이상 ~ 3미터 미만); 물적=전도; 가능=M(3); 심각=H(4)	객체=가시설/흙막이가시설; 위치=외부/흙막이가시설/하부(아래); 원인=안전성 미계산; 인적=떨어짐(2미터 이상 ~ 3미터 미만); 물적=전도; 가능=M(3); 심각=H(4)	객체=가시설/흙막이가시설; 위치=내부/흙막이가시설/지하; 원인=과굴착; 인적=깔림; 물적=붕괴; 가능=M(2); 심각=M(4)	IS_LEAF|SAME_NAME_MULTI_PARENT|HIGH_RISK_SUPPORT	HOLD	HOLD	PENDING	EMPTY	EMPTY
23	06dfe1eddae83d810ece26d90965a36d8a1e7589f8bac2a11e68d9994a92f5d2	TASK	부설 및 다짐작업	KALIS_RISK_PROFILE	d6d93a78b9fc0311e3e7d88524c89f9a1e6ecf78bb09d9b231ec67a6528f1a36	토목 > 도로 및 포장공사 > 부설 및 다짐작업	토목 > 도로 및 포장공사	토목	3	YES	0		1	218	333	21	21	0	KALIS_RISK_PROFILE:건축 > 가설공사 > 부설 및 다짐작업 | KALIS_RISK_PROFILE:건축 > 건축 토공사 > 부설 및 다짐작업 | KALIS_RISK_PROFILE:건축 > 건축물 부대공사 > 부설 및 다짐작업 | KALIS_RISK_PROFILE:건축 > 방수공사 > 부설 및 다짐작업 | KALIS_RISK_PROFILE:건축 > 조경공사 > 부설 및 다짐작업 | KALIS_RISK_PROFILE:건축 > 지정공사 > 부설 및 다짐작업 | KALIS_RISK_PROFILE:기타 > 기타 > 부설 및 다짐작업 | KALIS_RISK_PROFILE:산업설비 > 산업설비공사 > 부설 및 다짐작업 | KALIS_RISK_PROFILE:토목 > 가설공사 > 부설 및 다짐작업 | KALIS_RISK_PROFILE:토목 > 관공사 > 부설 및 다짐작업	객체=기타/차량; 위치=외부/차량/옆; 원인=교통처리 미흡; 인적=부딪힘; 물적=충돌; 가능=M(3); 심각=M(3)	객체=건설기계/아스팔트피니셔; 위치=인접주변/아스팔트피니셔/하부(아래); 원인=포장 장비에 의한 부딪힘; 인적=부딪힘; 물적=없음; 가능=L(2); 심각=M(3)	객체=건설기계/롤러; 위치=외부/롤러/뒤; 원인=경보장치 미흡; 인적=부딪힘; 물적=충돌; 가능=M(3); 심각=M(2)	IS_LEAF|SAME_NAME_MULTI_PARENT|HIGH_RISK_SUPPORT	HOLD	HOLD	PENDING	EMPTY	EMPTY
24	3bfb750cbdc37780063cf83a5c5b865db90a4a852d251d5e61453140adb2874a	TASK	이동	KALIS_RISK_PROFILE	bc6cf1e93bf909bfde5eb3e0fe5a550f9963560d23e99762d6cd182347c19ed9	건축 > 가설공사 > 이동	건축 > 가설공사	건축	3	YES	0		1	216	399	34	34	0	KALIS_RISK_PROFILE:건축 > 가설공사 > 이동 | KALIS_RISK_PROFILE:건축 > 건축 토공사 > 이동 | KALIS_RISK_PROFILE:건축 > 건축물 부대공사 > 이동 | KALIS_RISK_PROFILE:건축 > 금속공사 > 이동 | KALIS_RISK_PROFILE:건축 > 도장공사 > 이동 | KALIS_RISK_PROFILE:건축 > 미장공사 > 이동 | KALIS_RISK_PROFILE:건축 > 수장공사 > 이동 | KALIS_RISK_PROFILE:건축 > 지붕 및 홈통공사 > 이동 | KALIS_RISK_PROFILE:건축 > 지정공사 > 이동 | KALIS_RISK_PROFILE:건축 > 창호 및 유리공사 > 이동	객체=가시설/비계; 위치=내부/비계/상부(위); 원인=안전조치 부적정; 인적=떨어짐(3미터 이상 ~ 5미터 미만); 물적=전도; 가능=M(3); 심각=M(3)	객체=건설기계/덤프트럭; 위치=외부/덤프트럭/바닥; 원인=안전성 미확보; 인적=깔림; 물적=충돌; 가능=M(3); 심각=M(3)	객체=가시설/비계; 위치=내부/비계/상부(위); 원인=안전조치 부적정; 인적=떨어짐(3미터 이상 ~ 5미터 미만); 물적=전도; 가능=M(3); 심각=M(3)	IS_LEAF|SAME_NAME_MULTI_PARENT|HIGH_RISK_SUPPORT	HOLD	HOLD	PENDING	EMPTY	EMPTY
25	9fb8089a7cfe05852a2d9691d4a1a90397d03ffdc12f9511e7cf513e8326058a	TASK	용접작업	KALIS_RISK_PROFILE	51a54b0649992865c8852fa4cf2b8f315457129fd59d00919a8e7caa85858cbe	건축 > 금속공사 > 용접작업	건축 > 금속공사	건축	3	YES	0		1	201	372	29	29	0	KALIS_RISK_PROFILE:건축 > 가설공사 > 용접작업 | KALIS_RISK_PROFILE:건축 > 건축 토공사 > 용접작업 | KALIS_RISK_PROFILE:건축 > 건축물 부대공사 > 용접작업 | KALIS_RISK_PROFILE:건축 > 금속공사 > 용접작업 | KALIS_RISK_PROFILE:건축 > 목공사 > 용접작업 | KALIS_RISK_PROFILE:건축 > 미장공사 > 용접작업 | KALIS_RISK_PROFILE:건축 > 방수공사 > 용접작업 | KALIS_RISK_PROFILE:건축 > 수장공사 > 용접작업 | KALIS_RISK_PROFILE:건축 > 지붕 및 홈통공사 > 용접작업 | KALIS_RISK_PROFILE:건축 > 철골공사 > 용접작업	객체=건설공구/공구류; 위치=내부/공구류/바닥; 원인=점화원으로 작용; 인적=질식; 물적=화재; 가능=M(3); 심각=M(3)	객체=부재/철골부재; 위치=인접주변/철골부재/옆; 원인=인화물질 방치; 인적=떨어짐(분류불능); 물적=화재; 가능=H(4); 심각=H(4)	객체=부재/배관; 위치=내부/배관/상부(위); 원인=불티비산; 인적=질식; 물적=화재; 가능=M(2); 심각=H(4)	IS_LEAF|SAME_NAME_MULTI_PARENT|HIGH_RISK_SUPPORT	HOLD	HOLD	PENDING	EMPTY	EMPTY
26	b960b714b88b25dcdf47f071bdfca15080b2ae9025e2ba06be4bfab189cf1737	TASK	이동	KALIS_RISK_PROFILE	04f7f116380b81165d2d54d9d4907f0572d6d7074b1738e7418f0f87ed35bd9f	건축 > 건축 토공사 > 이동	건축 > 건축 토공사	건축	3	YES	0		1	194	316	34	34	0	KALIS_RISK_PROFILE:건축 > 가설공사 > 이동 | KALIS_RISK_PROFILE:건축 > 건축 토공사 > 이동 | KALIS_RISK_PROFILE:건축 > 건축물 부대공사 > 이동 | KALIS_RISK_PROFILE:건축 > 금속공사 > 이동 | KALIS_RISK_PROFILE:건축 > 도장공사 > 이동 | KALIS_RISK_PROFILE:건축 > 미장공사 > 이동 | KALIS_RISK_PROFILE:건축 > 수장공사 > 이동 | KALIS_RISK_PROFILE:건축 > 지붕 및 홈통공사 > 이동 | KALIS_RISK_PROFILE:건축 > 지정공사 > 이동 | KALIS_RISK_PROFILE:건축 > 창호 및 유리공사 > 이동	객체=가시설/흙막이가시설; 위치=내부/흙막이가시설/지하; 원인=안전난간 미설치; 인적=떨어짐(분류불능); 물적=없음; 가능=M(2); 심각=M(4)	객체=가시설/흙막이가시설; 위치=내부/흙막이가시설/지하; 원인=안전난간 미설치; 인적=떨어짐(분류불능); 물적=없음; 가능=M(2); 심각=M(4)	객체=가시설/흙막이가시설; 위치=내부/흙막이가시설/지하; 원인=안전난간 미설치; 인적=떨어짐(분류불능); 물적=없음; 가능=M(2); 심각=M(4)	IS_LEAF|SAME_NAME_MULTI_PARENT|HIGH_RISK_SUPPORT	HOLD	HOLD	PENDING	EMPTY	EMPTY
27	dfeb9039d918bd48db73f900de1a6e5b7f166bd8f495a12d110da0eaf1f9e2c2	TASK	설치작업	KALIS_RISK_PROFILE	4b7c4740ba251d26584487b16ee1f175e9c4d8de88be26a7c888441475a1c878	산업설비 > 산업설비공사 > 설치작업	산업설비 > 산업설비공사	산업설비	3	YES	0		1	193	317	45	45	0	KALIS_RISK_PROFILE:건축 > 가설공사 > 설치작업 | KALIS_RISK_PROFILE:건축 > 건축 토공사 > 설치작업 | KALIS_RISK_PROFILE:건축 > 건축물 부대공사 > 설치작업 | KALIS_RISK_PROFILE:건축 > 금속공사 > 설치작업 | KALIS_RISK_PROFILE:건축 > 도장공사 > 설치작업 | KALIS_RISK_PROFILE:건축 > 목공사 > 설치작업 | KALIS_RISK_PROFILE:건축 > 미장공사 > 설치작업 | KALIS_RISK_PROFILE:건축 > 방수공사 > 설치작업 | KALIS_RISK_PROFILE:건축 > 수장공사 > 설치작업 | KALIS_RISK_PROFILE:건축 > 조경공사 > 설치작업	객체=기타/전주, 전선; 위치=인접주변/전주, 전선/상부(위); 원인=계측제어 기기설치시 추락방지 미조치; 인적=떨어짐(5미터 이상 ~ 10미터 미만); 물적=낙하; 가능=M(3); 심각=M(3)	객체=부재/배관; 위치=외부/배관/앞; 원인=잔류압력 미제거시 비래; 인적=물체에 맞음; 물적=파열,파단; 가능=M(3); 심각=H(4)	객체=부재/배관; 위치=외부/배관/상부(위); 원인=보온재 공사 고소작업 과다노출; 인적=떨어짐(10미터 이상); 물적=파열,파단; 가능=H(4); 심각=M(2)	IS_LEAF|SAME_NAME_MULTI_PARENT|HIGH_RISK_SUPPORT	HOLD	HOLD	PENDING	EMPTY	EMPTY
28	8598641038d98e34b2fb333e6a80885d7a9ed9f4b2c3f8bcfca88a0fe9177288	TASK	매설작업	KALIS_RISK_PROFILE	f5a858df88b0ea5284096679f8d6fa62230c396357271f9eca1a530afbeff0e4	토목 > 관공사 > 매설작업	토목 > 관공사	토목	3	YES	0		1	192	319	14	14	0	KALIS_RISK_PROFILE:건축 > 건축 토공사 > 매설작업 | KALIS_RISK_PROFILE:건축 > 건축물 부대공사 > 매설작업 | KALIS_RISK_PROFILE:기타 > 기타 > 매설작업 | KALIS_RISK_PROFILE:산업설비 > 가설공사 > 매설작업 | KALIS_RISK_PROFILE:산업설비 > 산업설비공사 > 매설작업 | KALIS_RISK_PROFILE:토목 > 가설공사 > 매설작업 | KALIS_RISK_PROFILE:토목 > 관공사 > 매설작업 | KALIS_RISK_PROFILE:토목 > 관공사 부대공사 > 매설작업 | KALIS_RISK_PROFILE:토목 > 교량공사 > 매설작업 | KALIS_RISK_PROFILE:토목 > 도로 및 포장공사 > 매설작업	객체=기타/기타; 위치=내부/기타/상부(위); 원인=맨홀수밀성 미흡; 인적=깔림; 물적=파열,파단; 가능=M(2); 심각=M(3)	객체=토사 및 암반/부석; 위치=인접주변/부석/하부(아래); 원인=강관내부 토사 반출증 토사붕괴대책 미흡; 인적=깔림; 물적=붕괴; 가능=M(3); 심각=H(4)	객체=건설기계/굴착기; 위치=외부/굴착기/앞; 원인=안전장치 고장; 인적=부딪힘; 물적=없음; 가능=M(3); 심각=M(3)	IS_LEAF|SAME_NAME_MULTI_PARENT|HIGH_RISK_SUPPORT	HOLD	HOLD	PENDING	EMPTY	EMPTY
29	fc467a46a59739d0d5178533eb1fcea5549d1b2a8aa2d67383001e272f362d84	TASK	해체작업	KALIS_RISK_PROFILE	d2f9df12211fc80e3b60649470da928e91c19a0a41406e80a396af01c0e91aa2	토목 > 해체 및 철거공사 > 해체작업	토목 > 해체 및 철거공사	토목	3	YES	0		1	188	197	26	26	0	KALIS_RISK_PROFILE:건축 > 가설공사 > 해체작업 | KALIS_RISK_PROFILE:건축 > 건축 토공사 > 해체작업 | KALIS_RISK_PROFILE:건축 > 건축물 부대공사 > 해체작업 | KALIS_RISK_PROFILE:건축 > 조경공사 > 해체작업 | KALIS_RISK_PROFILE:건축 > 철골공사 > 해체작업 | KALIS_RISK_PROFILE:건축 > 철근콘크리트공사 > 해체작업 | KALIS_RISK_PROFILE:건축 > 해체 및 철거공사 > 해체작업 | KALIS_RISK_PROFILE:기타 > 기타 > 해체작업 | KALIS_RISK_PROFILE:산업설비 > 가설공사 > 해체작업 | KALIS_RISK_PROFILE:산업설비 > 산업설비공사 > 해체작업	객체=기타/비산물; 위치=외부/비산물/바닥; 원인=안전시설물 미비; 인적=물체에 맞음; 물적=없음; 가능=M(3); 심각=M(2)	객체=기타/비산물; 위치=외부/비산물/바닥; 원인=방호설비 미비; 인적=물체에 맞음; 물적=없음; 가능=M(3); 심각=M(2)	객체=기타/비산물; 위치=외부/비산물/상부(위); 원인=해체 순서 미준수; 인적=깔림; 물적=없음; 가능=H(4); 심각=H(4)	IS_LEAF|SAME_NAME_MULTI_PARENT|HIGH_RISK_SUPPORT	HOLD	HOLD	PENDING	EMPTY	EMPTY
30	64c122aa4932d1aa7225f5c82c3055b8557728967f4a2c379adee7a9149ca0ed	TASK	타설작업	KALIS_RISK_PROFILE	d5f1015ffb456255b8e05cadf9f9561b810bc45505681f6c9ad4aaa43ba089b4	토목 > 가설공사 > 타설작업	토목 > 가설공사	토목	3	YES	0		1	181	233	23	23	0	KALIS_RISK_PROFILE:건축 > 가설공사 > 타설작업 | KALIS_RISK_PROFILE:건축 > 건축 토공사 > 타설작업 | KALIS_RISK_PROFILE:건축 > 건축물 부대공사 > 타설작업 | KALIS_RISK_PROFILE:건축 > 미장공사 > 타설작업 | KALIS_RISK_PROFILE:건축 > 지붕 및 홈통공사 > 타설작업 | KALIS_RISK_PROFILE:건축 > 지정공사 > 타설작업 | KALIS_RISK_PROFILE:건축 > 철골공사 > 타설작업 | KALIS_RISK_PROFILE:건축 > 철근콘크리트공사 > 타설작업 | KALIS_RISK_PROFILE:기타 > 기타 > 타설작업 | KALIS_RISK_PROFILE:산업설비 > 가설공사 > 타설작업	객체=가시설/시스템동바리; 위치=외부/시스템동바리/상부(위); 원인=동바리 구조 안전성 부족; 인적=떨어짐(5미터 이상 ~ 10미터 미만); 물적=붕괴; 가능=M(3); 심각=M(3)	객체=가시설/거푸집; 위치=인접주변/거푸집/옆; 원인=콘크리트 과다측압; 인적=깔림; 물적=붕괴; 가능=M(3); 심각=M(3)	객체=가시설/시스템동바리; 위치=내부/시스템동바리/하부(아래); 원인=시스템동바리 설치 불량으로 인한 붕괴위험; 인적=깔림; 물적=붕괴; 가능=M(3); 심각=M(4)	IS_LEAF|SAME_NAME_MULTI_PARENT|HIGH_RISK_SUPPORT	HOLD	HOLD	PENDING	EMPTY	EMPTY
31	4c59725e415bf7ba3cb070528faed2c4c45a7a7eca0c680049e5b4c777cb7afc	TASK	마감작업	KALIS_RISK_PROFILE	f40ae8c56e57aff8aacb03c253f1e708a170100dc1df18c6f40e5b199f9e0ff7	건축 > 가설공사 > 마감작업	건축 > 가설공사	건축	3	YES	0		1	180	274	36	36	0	KALIS_RISK_PROFILE:건축 > 가설공사 > 마감작업 | KALIS_RISK_PROFILE:건축 > 건축 토공사 > 마감작업 | KALIS_RISK_PROFILE:건축 > 건축물 부대공사 > 마감작업 | KALIS_RISK_PROFILE:건축 > 금속공사 > 마감작업 | KALIS_RISK_PROFILE:건축 > 도장공사 > 마감작업 | KALIS_RISK_PROFILE:건축 > 목공사 > 마감작업 | KALIS_RISK_PROFILE:건축 > 미장공사 > 마감작업 | KALIS_RISK_PROFILE:건축 > 방수공사 > 마감작업 | KALIS_RISK_PROFILE:건축 > 수장공사 > 마감작업 | KALIS_RISK_PROFILE:건축 > 조적공사 > 마감작업	객체=가시설/비계; 위치=내부/비계/고소; 원인=안전조치 부적정; 인적=떨어짐(분류불능); 물적=없음; 가능=M(3); 심각=M(3)	객체=가시설/비계; 위치=내부/비계/상부(위); 원인=조립상세도 미준수; 인적=떨어짐(분류불능); 물적=붕괴; 가능=M(2); 심각=M(4)	객체=가시설/작업발판; 위치=내부/작업발판/고소; 원인=설치기준 미비; 인적=깔림; 물적=붕괴; 가능=H(4); 심각=M(2)	IS_LEAF|SAME_NAME_MULTI_PARENT|HIGH_RISK_SUPPORT	HOLD	HOLD	PENDING	EMPTY	EMPTY
32	def8985dca3ae5932985f16b27df7200ba62187101b8930e261a48ff92f9ed5d	TASK	기타	KALIS_RISK_PROFILE	570bb48ee02905fad273d9db94ec34b3b8f1f07bcba01989dfc8fd3dc7213928	토목 > 토공사 > 기타	토목 > 토공사	토목	3	YES	0		1	176	226	33	33	0	KALIS_RISK_PROFILE:건축 > 가설공사 > 기타 | KALIS_RISK_PROFILE:건축 > 건축 토공사 > 기타 | KALIS_RISK_PROFILE:건축 > 건축물 부대공사 > 기타 | KALIS_RISK_PROFILE:건축 > 금속공사 > 기타 | KALIS_RISK_PROFILE:건축 > 도장공사 > 기타 | KALIS_RISK_PROFILE:건축 > 미장공사 > 기타 | KALIS_RISK_PROFILE:건축 > 방수공사 > 기타 | KALIS_RISK_PROFILE:건축 > 조적공사 > 기타 | KALIS_RISK_PROFILE:건축 > 지정공사 > 기타 | KALIS_RISK_PROFILE:건축 > 창호 및 유리공사 > 기타	객체=기타/기타; 위치=외부/기타/바닥; 원인=포장작업도 미준수; 인적=기타; 물적=없음; 가능=M(2); 심각=M(3)	객체=기타/기타; 위치=외부/기타/바닥; 원인=포장작업도 미준수; 인적=기타; 물적=없음; 가능=M(2); 심각=M(3)	객체=기타/기타; 위치=외부/기타/바닥; 원인=포장작업도 미준수; 인적=기타; 물적=없음; 가능=M(2); 심각=M(3)	IS_LEAF|SAME_NAME_MULTI_PARENT|HIGH_RISK_SUPPORT	HOLD	HOLD	PENDING	EMPTY	EMPTY
33	5a1b70fb6b0e4fde65852a5955bcce8a0b673902f089b13b9a5a3f62948d52b2	TASK	양중작업	KALIS_RISK_PROFILE	f27ac2c6cbdb80a392c6a6ce98a3fe806e408d040a448d8b4cbdcf393ff8a3c5	토목 > 관공사 > 양중작업	토목 > 관공사	토목	3	YES	0		1	174	264	28	28	0	KALIS_RISK_PROFILE:건축 > 가설공사 > 양중작업 | KALIS_RISK_PROFILE:건축 > 건축 토공사 > 양중작업 | KALIS_RISK_PROFILE:건축 > 건축물 부대공사 > 양중작업 | KALIS_RISK_PROFILE:건축 > 지붕 및 홈통공사 > 양중작업 | KALIS_RISK_PROFILE:건축 > 지정공사 > 양중작업 | KALIS_RISK_PROFILE:건축 > 창호 및 유리공사 > 양중작업 | KALIS_RISK_PROFILE:건축 > 철골공사 > 양중작업 | KALIS_RISK_PROFILE:건축 > 철근콘크리트공사 > 양중작업 | KALIS_RISK_PROFILE:건축 > 해체 및 철거공사 > 양중작업 | KALIS_RISK_PROFILE:기계설비 > 기계설비공사 > 양중작업	객체=건설자재/와이어로프; 위치=외부/와이어로프/하부(아래); 원인=양중계획 미흡; 인적=부딪힘; 물적=파열,파단; 가능=M(3); 심각=M(3)	객체=건설자재/와이어로프; 위치=인접주변/와이어로프/상부(위); 원인=인양줄 파단; 인적=깔림; 물적=파열,파단; 가능=M(2); 심각=M(3)	객체=건설자재/와이어로프; 위치=인접주변/와이어로프/상부(위); 원인=인양줄 파단; 인적=깔림; 물적=파열,파단; 가능=M(2); 심각=M(3)	IS_LEAF|SAME_NAME_MULTI_PARENT|HIGH_RISK_SUPPORT	HOLD	HOLD	PENDING	EMPTY	EMPTY
34	2b5d91b1c032cb63bdaa5c54305df05fab55127c39817b1035671de07f89f9d2	TASK	설치작업	KALIS_RISK_PROFILE	c14e6c9d2a5be18d3f6e8c89c3b54ac383eab02b0bb41f992aef20286e32fc19	건축 > 금속공사 > 설치작업	건축 > 금속공사	건축	3	YES	0		1	155	274	45	45	0	KALIS_RISK_PROFILE:건축 > 가설공사 > 설치작업 | KALIS_RISK_PROFILE:건축 > 건축 토공사 > 설치작업 | KALIS_RISK_PROFILE:건축 > 건축물 부대공사 > 설치작업 | KALIS_RISK_PROFILE:건축 > 금속공사 > 설치작업 | KALIS_RISK_PROFILE:건축 > 도장공사 > 설치작업 | KALIS_RISK_PROFILE:건축 > 목공사 > 설치작업 | KALIS_RISK_PROFILE:건축 > 미장공사 > 설치작업 | KALIS_RISK_PROFILE:건축 > 방수공사 > 설치작업 | KALIS_RISK_PROFILE:건축 > 수장공사 > 설치작업 | KALIS_RISK_PROFILE:건축 > 조경공사 > 설치작업	객체=건설공구/사다리; 위치=내부/사다리/상부(위); 원인=안전대 미사용; 인적=떨어짐(3미터 이상 ~ 5미터 미만); 물적=없음; 가능=M(3); 심각=M(3)	객체=기타/기타; 위치=외벽/기타/옆; 원인=무너짐_앙카철물 설치도면 미작성; 인적=떨어짐(분류불능); 물적=붕괴; 가능=M(2); 심각=H(3)	객체=부재/개구부; 위치=내부/개구부/상부(위); 원인=엘리베이트 피트 개구부 덮개 미조치; 인적=떨어짐(10미터 이상); 물적=파열,파단; 가능=M(2); 심각=H(4)	IS_LEAF|SAME_NAME_MULTI_PARENT|HIGH_RISK_SUPPORT	HOLD	HOLD	PENDING	EMPTY	EMPTY
35	8b36a9fc0274f3a34d40ab0c7131dc1a49798e0488acd32d995e70ea8e3225b5	TASK	해체작업	KALIS_RISK_PROFILE	f6bb286c4afb8061f335be74972eaad91f74e6629cc1af17528306b2d4209150	토목 > 가설공사 > 해체작업	토목 > 가설공사	토목	3	YES	0		1	155	200	26	26	0	KALIS_RISK_PROFILE:건축 > 가설공사 > 해체작업 | KALIS_RISK_PROFILE:건축 > 건축 토공사 > 해체작업 | KALIS_RISK_PROFILE:건축 > 건축물 부대공사 > 해체작업 | KALIS_RISK_PROFILE:건축 > 조경공사 > 해체작업 | KALIS_RISK_PROFILE:건축 > 철골공사 > 해체작업 | KALIS_RISK_PROFILE:건축 > 철근콘크리트공사 > 해체작업 | KALIS_RISK_PROFILE:건축 > 해체 및 철거공사 > 해체작업 | KALIS_RISK_PROFILE:기타 > 기타 > 해체작업 | KALIS_RISK_PROFILE:산업설비 > 가설공사 > 해체작업 | KALIS_RISK_PROFILE:산업설비 > 산업설비공사 > 해체작업	객체=가시설/흙막이가시설; 위치=외부/흙막이가시설/상부(위); 원인=가시설 해체 계획 미수립; 인적=깔림; 물적=붕괴; 가능=M(3); 심각=M(3)	객체=가시설/흙막이가시설; 위치=내부/흙막이가시설/뒤; 원인=구조검토 미흡; 인적=깔림; 물적=붕괴; 가능=M(3); 심각=M(3)	객체=가시설/흙막이가시설; 위치=내부/흙막이가시설/옆; 원인=해체단계 계산 누락; 인적=깔림; 물적=붕괴; 가능=M(2); 심각=H(4)	IS_LEAF|SAME_NAME_MULTI_PARENT|HIGH_RISK_SUPPORT	HOLD	HOLD	PENDING	EMPTY	EMPTY
36	6e9a18a721aa6d25339fe629a0e0322c9355c67eb7331359624c6f9db5dbd9b5	TASK	설치작업	KALIS_RISK_PROFILE	8cc83a51cb7c276d36a79782654f52851dd98d07a67df55c73951742f266f65b	건축 > 수장공사 > 설치작업	건축 > 수장공사	건축	3	YES	0		1	154	344	45	45	0	KALIS_RISK_PROFILE:건축 > 가설공사 > 설치작업 | KALIS_RISK_PROFILE:건축 > 건축 토공사 > 설치작업 | KALIS_RISK_PROFILE:건축 > 건축물 부대공사 > 설치작업 | KALIS_RISK_PROFILE:건축 > 금속공사 > 설치작업 | KALIS_RISK_PROFILE:건축 > 도장공사 > 설치작업 | KALIS_RISK_PROFILE:건축 > 목공사 > 설치작업 | KALIS_RISK_PROFILE:건축 > 미장공사 > 설치작업 | KALIS_RISK_PROFILE:건축 > 방수공사 > 설치작업 | KALIS_RISK_PROFILE:건축 > 수장공사 > 설치작업 | KALIS_RISK_PROFILE:건축 > 조경공사 > 설치작업	객체=건설자재/천정패널; 위치=내부/천정패널/상부(위); 원인=달대볼트 누락; 인적=물체에 맞음; 물적=낙하; 가능=H(4); 심각=M(3)	객체=건설자재/천정패널; 위치=내부/천정패널/상부(위); 원인=지지, 고정장치 미흡; 인적=물체에 맞음; 물적=낙하; 가능=M(2); 심각=H(4)	객체=건설자재/천정패널; 위치=내부/천정패널/고소; 원인=무너짐_천장틀 설치도면 미작성; 인적=물체에 맞음; 물적=붕괴; 가능=H(3); 심각=H(3)	IS_LEAF|SAME_NAME_MULTI_PARENT|HIGH_RISK_SUPPORT	HOLD	HOLD	PENDING	EMPTY	EMPTY
37	681cd5a835804d6c3dd3f97167776fd9786a1dbf99d19a254c488b94d57d60dc	TASK	해체작업	KALIS_RISK_PROFILE	1a16e456c9ef15217239f110a85699355c7745eafcbe426c72a959906d502ea2	건축 > 해체 및 철거공사 > 해체작업	건축 > 해체 및 철거공사	건축	3	YES	0		1	153	175	26	26	0	KALIS_RISK_PROFILE:건축 > 가설공사 > 해체작업 | KALIS_RISK_PROFILE:건축 > 건축 토공사 > 해체작업 | KALIS_RISK_PROFILE:건축 > 건축물 부대공사 > 해체작업 | KALIS_RISK_PROFILE:건축 > 조경공사 > 해체작업 | KALIS_RISK_PROFILE:건축 > 철골공사 > 해체작업 | KALIS_RISK_PROFILE:건축 > 철근콘크리트공사 > 해체작업 | KALIS_RISK_PROFILE:건축 > 해체 및 철거공사 > 해체작업 | KALIS_RISK_PROFILE:기타 > 기타 > 해체작업 | KALIS_RISK_PROFILE:산업설비 > 가설공사 > 해체작업 | KALIS_RISK_PROFILE:산업설비 > 산업설비공사 > 해체작업	객체=시설물/건물; 위치=외부/건물/상부(위); 원인=작업계획 미수립; 인적=물체에 맞음; 물적=전도; 가능=M(3); 심각=M(3)	객체=부재/벽체; 위치=내부/벽체/고소; 원인=작업계획 미수립; 인적=물체에 맞음; 물적=전도; 가능=M(3); 심각=M(3)	객체=시설물/건물; 위치=외부/건물/상부(위); 원인=작업계획 미수립; 인적=물체에 맞음; 물적=전도; 가능=M(3); 심각=M(3)	IS_LEAF|SAME_NAME_MULTI_PARENT|HIGH_RISK_SUPPORT	HOLD	HOLD	PENDING	EMPTY	EMPTY
38	6bca09bf3093594e09833f1f647392c38d5d1060eb49ed17ee62507753df2297	TASK	형틀 및 목공	KALIS_RISK_PROFILE	bbb054942c4d4f9ec5f331b9fd965a1762e412fe9f1a564cd6833312749d8085	건축 > 가설공사 > 형틀 및 목공	건축 > 가설공사	건축	3	YES	0		1	150	264	8	8	0	KALIS_RISK_PROFILE:건축 > 가설공사 > 형틀 및 목공 | KALIS_RISK_PROFILE:건축 > 금속공사 > 형틀 및 목공 | KALIS_RISK_PROFILE:건축 > 철근콘크리트공사 > 형틀 및 목공 | KALIS_RISK_PROFILE:토목 > 가설공사 > 형틀 및 목공 | KALIS_RISK_PROFILE:토목 > 교량공사 > 형틀 및 목공 | KALIS_RISK_PROFILE:토목 > 말뚝공사 > 형틀 및 목공 | KALIS_RISK_PROFILE:토목 > 철근콘크리트공사 > 형틀 및 목공 | KALIS_RISK_PROFILE:토목 > 하천공사 > 형틀 및 목공	객체=가시설/비계; 위치=외부/비계/고소; 원인=낙하물방지망 미설치; 인적=물체에 맞음; 물적=없음; 가능=M(2); 심각=H(4)	객체=가시설/비계; 위치=외부/비계/하부(아래); 원인=부등침하 발생; 인적=떨어짐(2미터 이상 ~ 3미터 미만); 물적=붕괴; 가능=M(2); 심각=H(4)	객체=가시설/비계; 위치=외부/비계/고소; 원인=가설계단 미설치; 인적=떨어짐(분류불능); 물적=없음; 가능=M(2); 심각=H(4)	IS_LEAF|SAME_NAME_MULTI_PARENT|HIGH_RISK_SUPPORT	HOLD	HOLD	PENDING	EMPTY	EMPTY
39	3e038ff11f4fe93a11ae6c81de369dff8f2ddd075a57a85a9937f175a8a8592e	TASK	설치작업	KALIS_RISK_PROFILE	700634c713c095be3ffcab140bb44f68542e194e780381feb1d7e0fb8f47914d	기타 > 기타 > 설치작업	기타 > 기타	기타	3	YES	0		1	149	381	45	45	0	KALIS_RISK_PROFILE:건축 > 가설공사 > 설치작업 | KALIS_RISK_PROFILE:건축 > 건축 토공사 > 설치작업 | KALIS_RISK_PROFILE:건축 > 건축물 부대공사 > 설치작업 | KALIS_RISK_PROFILE:건축 > 금속공사 > 설치작업 | KALIS_RISK_PROFILE:건축 > 도장공사 > 설치작업 | KALIS_RISK_PROFILE:건축 > 목공사 > 설치작업 | KALIS_RISK_PROFILE:건축 > 미장공사 > 설치작업 | KALIS_RISK_PROFILE:건축 > 방수공사 > 설치작업 | KALIS_RISK_PROFILE:건축 > 수장공사 > 설치작업 | KALIS_RISK_PROFILE:건축 > 조경공사 > 설치작업	객체=가시설/안전시설물; 위치=내부/안전시설물/상부(위); 원인=안전난간 미설치; 인적=떨어짐(분류불능); 물적=없음; 가능=M(2); 심각=M(3)	객체=기타/기타; 위치=내부/기타/바닥; 원인=가설전기 취급 미흡; 인적=기타; 물적=화재; 가능=M(2); 심각=M(5)	객체=가시설/안전시설물; 위치=내부/안전시설물/상부(위); 원인=안전난간 미설치; 인적=떨어짐(분류불능); 물적=없음; 가능=M(2); 심각=M(3)	IS_LEAF|SAME_NAME_MULTI_PARENT|HIGH_RISK_SUPPORT	HOLD	HOLD	PENDING	EMPTY	EMPTY
40	bd9d48aac0e971c853a01ca521c6b1920a854990c9ad62578d484a49f7249f42	TASK	마감작업	KALIS_RISK_PROFILE	1b5aab17f3e9dc674c0911638385e8164dd6da740a939e7522154c58f0be98d8	건축 > 방수공사 > 마감작업	건축 > 방수공사	건축	3	YES	0		1	142	185	36	36	0	KALIS_RISK_PROFILE:건축 > 가설공사 > 마감작업 | KALIS_RISK_PROFILE:건축 > 건축 토공사 > 마감작업 | KALIS_RISK_PROFILE:건축 > 건축물 부대공사 > 마감작업 | KALIS_RISK_PROFILE:건축 > 금속공사 > 마감작업 | KALIS_RISK_PROFILE:건축 > 도장공사 > 마감작업 | KALIS_RISK_PROFILE:건축 > 목공사 > 마감작업 | KALIS_RISK_PROFILE:건축 > 미장공사 > 마감작업 | KALIS_RISK_PROFILE:건축 > 방수공사 > 마감작업 | KALIS_RISK_PROFILE:건축 > 수장공사 > 마감작업 | KALIS_RISK_PROFILE:건축 > 조적공사 > 마감작업	객체=건설자재/자재; 위치=내부/자재/지하; 원인=환기시설 불량; 인적=질식; 물적=없음; 가능=M(2); 심각=H(4)	객체=부재/슬래브; 위치=지붕/슬래브/바닥; 원인=안전시설물 미설치; 인적=떨어짐(2미터 이상 ~ 3미터 미만); 물적=없음; 가능=M(2); 심각=H(4)	객체=부재/슬래브; 위치=지붕/슬래브/바닥; 원인=안전시설물 미설치; 인적=떨어짐(2미터 이상 ~ 3미터 미만); 물적=없음; 가능=M(2); 심각=H(4)	IS_LEAF|SAME_NAME_MULTI_PARENT|HIGH_RISK_SUPPORT	HOLD	HOLD	PENDING	EMPTY	EMPTY
41	66d640f08a9016c78123c0f49ed255f38b74fade40aab751aade2ee5f73dbca8	TASK	연결작업	KALIS_RISK_PROFILE	a3f2bbc348f31b2d65d3e5cfa71264c6078ff8599ba2242078dfc220553ec3ab	토목 > 관공사 > 연결작업	토목 > 관공사	토목	3	YES	0		1	124	189	22	22	0	KALIS_RISK_PROFILE:건축 > 가설공사 > 연결작업 | KALIS_RISK_PROFILE:건축 > 건축물 부대공사 > 연결작업 | KALIS_RISK_PROFILE:건축 > 목공사 > 연결작업 | KALIS_RISK_PROFILE:건축 > 수장공사 > 연결작업 | KALIS_RISK_PROFILE:건축 > 철골공사 > 연결작업 | KALIS_RISK_PROFILE:건축 > 철근콘크리트공사 > 연결작업 | KALIS_RISK_PROFILE:기계설비 > 기계설비공사 > 연결작업 | KALIS_RISK_PROFILE:기타 > 기타 > 연결작업 | KALIS_RISK_PROFILE:산업설비 > 산업설비공사 > 연결작업 | KALIS_RISK_PROFILE:전기설비 > 가설공사 > 연결작업	객체=기타/유증기; 위치=인접주변/유증기/하부(아래); 원인=추진구역내 용접작업시 안전조치 미흡; 인적=질식; 물적=화재; 가능=M(3); 심각=M(3)	객체=기타/유증기; 위치=인접주변/유증기/하부(아래); 원인=용접 용단 작업시 화재 방지 미흡; 인적=질식; 물적=화재; 가능=H(4); 심각=M(2)	객체=기타/유증기; 위치=인접주변/유증기/하부(아래); 원인=추진구역내 용접작업시 안전조치 미흡; 인적=질식; 물적=화재; 가능=M(3); 심각=M(3)	IS_LEAF|SAME_NAME_MULTI_PARENT|HIGH_RISK_SUPPORT	HOLD	HOLD	PENDING	EMPTY	EMPTY
42	1e0f519a1f4d50e121218d4f411451fda97629dcc57fdf576efb7b4236e1e6f8	TASK	양중작업	KALIS_RISK_PROFILE	79bcb06b59d684d58f2da5ae7e981200accf6c37234d0fb7e75d5adb3b5dfdf8	건축 > 철근콘크리트공사 > 양중작업	건축 > 철근콘크리트공사	건축	3	YES	0		1	122	174	28	28	0	KALIS_RISK_PROFILE:건축 > 가설공사 > 양중작업 | KALIS_RISK_PROFILE:건축 > 건축 토공사 > 양중작업 | KALIS_RISK_PROFILE:건축 > 건축물 부대공사 > 양중작업 | KALIS_RISK_PROFILE:건축 > 지붕 및 홈통공사 > 양중작업 | KALIS_RISK_PROFILE:건축 > 지정공사 > 양중작업 | KALIS_RISK_PROFILE:건축 > 창호 및 유리공사 > 양중작업 | KALIS_RISK_PROFILE:건축 > 철골공사 > 양중작업 | KALIS_RISK_PROFILE:건축 > 철근콘크리트공사 > 양중작업 | KALIS_RISK_PROFILE:건축 > 해체 및 철거공사 > 양중작업 | KALIS_RISK_PROFILE:기계설비 > 기계설비공사 > 양중작업	객체=건설기계/기중기(이동식크레인 등); 위치=외부/기중기(이동식크레인 등)/바닥; 원인=지반 지지력 부족; 인적=깔림; 물적=전도; 가능=M(3); 심각=H(4)	객체=건설기계/기중기(이동식크레인 등); 위치=외부/기중기(이동식크레인 등)/고소; 원인=지반침하; 인적=깔림; 물적=전도; 가능=M(3); 심각=M(3)	객체=건설기계/기중기(이동식크레인 등); 위치=외부/기중기(이동식크레인 등)/고소; 원인=지반침하; 인적=깔림; 물적=전도; 가능=M(3); 심각=M(3)	IS_LEAF|SAME_NAME_MULTI_PARENT|HIGH_RISK_SUPPORT	HOLD	HOLD	PENDING	EMPTY	EMPTY
43	6e5bead16c10b2924e1a53cdc9c7938176c66ee82b52f4e6e9a78093af4d4712	TASK	타설작업	KALIS_RISK_PROFILE	9f90d4df662ce5f31327ff36ef51c4aa1b316b9c6e5d4bd730acbc579381245a	토목 > 교량공사 > 타설작업	토목 > 교량공사	토목	3	YES	0		1	122	158	23	23	0	KALIS_RISK_PROFILE:건축 > 가설공사 > 타설작업 | KALIS_RISK_PROFILE:건축 > 건축 토공사 > 타설작업 | KALIS_RISK_PROFILE:건축 > 건축물 부대공사 > 타설작업 | KALIS_RISK_PROFILE:건축 > 미장공사 > 타설작업 | KALIS_RISK_PROFILE:건축 > 지붕 및 홈통공사 > 타설작업 | KALIS_RISK_PROFILE:건축 > 지정공사 > 타설작업 | KALIS_RISK_PROFILE:건축 > 철골공사 > 타설작업 | KALIS_RISK_PROFILE:건축 > 철근콘크리트공사 > 타설작업 | KALIS_RISK_PROFILE:기타 > 기타 > 타설작업 | KALIS_RISK_PROFILE:산업설비 > 가설공사 > 타설작업	객체=부재/슬래브; 위치=외부/슬래브/하부(아래); 원인=구조검토 미흡; 인적=떨어짐(분류불능); 물적=붕괴; 가능=M(3); 심각=H(4)	객체=가시설/거푸집; 위치=내부/거푸집/하부(아래); 원인=설치 불량; 인적=떨어짐(분류불능); 물적=붕괴; 가능=M(2); 심각=M(3)	객체=가시설/시스템동바리; 위치=외부/시스템동바리/고소; 원인=구조검토 미실시; 인적=떨어짐(3미터 이상 ~ 5미터 미만); 물적=붕괴; 가능=M(3); 심각=H(4)	IS_LEAF|SAME_NAME_MULTI_PARENT|HIGH_RISK_SUPPORT	HOLD	HOLD	PENDING	EMPTY	EMPTY
44	d0ab6e2b3e435aa1a6bfcf3073f76f0648bec7e0573832662f22012ec5470255	TASK	부설 및 다짐작업	KALIS_RISK_PROFILE	caeb1e7d30b5dd14b4bae9700931b2c84d85d0687abea332f5f926ceb702ef59	토목 > 토공사 > 부설 및 다짐작업	토목 > 토공사	토목	3	YES	0		1	120	163	21	21	0	KALIS_RISK_PROFILE:건축 > 가설공사 > 부설 및 다짐작업 | KALIS_RISK_PROFILE:건축 > 건축 토공사 > 부설 및 다짐작업 | KALIS_RISK_PROFILE:건축 > 건축물 부대공사 > 부설 및 다짐작업 | KALIS_RISK_PROFILE:건축 > 방수공사 > 부설 및 다짐작업 | KALIS_RISK_PROFILE:건축 > 조경공사 > 부설 및 다짐작업 | KALIS_RISK_PROFILE:건축 > 지정공사 > 부설 및 다짐작업 | KALIS_RISK_PROFILE:기타 > 기타 > 부설 및 다짐작업 | KALIS_RISK_PROFILE:산업설비 > 산업설비공사 > 부설 및 다짐작업 | KALIS_RISK_PROFILE:토목 > 가설공사 > 부설 및 다짐작업 | KALIS_RISK_PROFILE:토목 > 관공사 > 부설 및 다짐작업	객체=건설기계/롤러; 위치=외부/롤러/뒤; 원인=출입통제 미비; 인적=부딪힘; 물적=충돌; 가능=M(3); 심각=M(2)	객체=건설기계/덤프트럭; 위치=인접주변/덤프트럭/뒤; 원인=유도자 미배치; 인적=깔림; 물적=전도; 가능=M(2); 심각=H(3)	객체=토사 및 암반/지반; 위치=내부/지반/하부(아래); 원인=무너짐-되메우기 구간 다짐도시험 계획 미수립; 인적=깔림; 물적=붕괴; 가능=M(3); 심각=M(3)	IS_LEAF|SAME_NAME_MULTI_PARENT|HIGH_RISK_SUPPORT	HOLD	HOLD	PENDING	EMPTY	EMPTY
45	2d45629c064ae3d85e7f9b42521f2d6cbb828921b6ef0f8ca3772690ab21da79	TASK	운반작업	KALIS_RISK_PROFILE	34b902f0b594a12b53c0d40651176e68d406c0736598039945b1fa586c042ce0	토목 > 토공사 > 운반작업	토목 > 토공사	토목	3	YES	0		1	120	150	25	25	0	KALIS_RISK_PROFILE:건축 > 가설공사 > 운반작업 | KALIS_RISK_PROFILE:건축 > 건축 토공사 > 운반작업 | KALIS_RISK_PROFILE:건축 > 건축물 부대공사 > 운반작업 | KALIS_RISK_PROFILE:건축 > 미장공사 > 운반작업 | KALIS_RISK_PROFILE:건축 > 수장공사 > 운반작업 | KALIS_RISK_PROFILE:건축 > 철골공사 > 운반작업 | KALIS_RISK_PROFILE:건축 > 철근콘크리트공사 > 운반작업 | KALIS_RISK_PROFILE:건축 > 해체 및 철거공사 > 운반작업 | KALIS_RISK_PROFILE:기계설비 > 기계설비공사 > 운반작업 | KALIS_RISK_PROFILE:기타 > 기타 > 운반작업	객체=토사 및 암반/지반; 위치=내부/지반/하부(아래); 원인=무너짐-토사 상차작업 계획도 미작성; 인적=부딪힘; 물적=붕괴; 가능=M(3); 심각=M(3)	객체=건설기계/굴착기; 위치=인접주변/굴착기/뒤; 원인=신호수 미배치; 인적=깔림; 물적=전도; 가능=M(2); 심각=M(3)	객체=건설기계/덤프트럭; 위치=외부/덤프트럭/옆; 원인=신호수 미배치; 인적=부딪힘; 물적=충돌; 가능=L(2); 심각=M(2)	IS_LEAF|SAME_NAME_MULTI_PARENT|HIGH_RISK_SUPPORT	HOLD	HOLD	PENDING	EMPTY	EMPTY
46	45de4c37242bcb2bf45d4d32787e514a0d4aa7aaf97bb0041a734b2bb4d25c42	TASK	이동	KALIS_RISK_PROFILE	cecd35c58f1428326de1d40cfbe74c317ceb0899dabdca20ac95972d26acd882	토목 > 관공사 > 이동	토목 > 관공사	토목	3	YES	0		1	119	177	34	34	0	KALIS_RISK_PROFILE:건축 > 가설공사 > 이동 | KALIS_RISK_PROFILE:건축 > 건축 토공사 > 이동 | KALIS_RISK_PROFILE:건축 > 건축물 부대공사 > 이동 | KALIS_RISK_PROFILE:건축 > 금속공사 > 이동 | KALIS_RISK_PROFILE:건축 > 도장공사 > 이동 | KALIS_RISK_PROFILE:건축 > 미장공사 > 이동 | KALIS_RISK_PROFILE:건축 > 수장공사 > 이동 | KALIS_RISK_PROFILE:건축 > 지붕 및 홈통공사 > 이동 | KALIS_RISK_PROFILE:건축 > 지정공사 > 이동 | KALIS_RISK_PROFILE:건축 > 창호 및 유리공사 > 이동	객체=기타/차량; 위치=외부/차량/앞; 원인=보행자 안전시설 미설치; 인적=부딪힘; 물적=없음; 가능=M(3); 심각=H(4)	객체=부재/개구부; 위치=외부/개구부/상부(위); 원인=맨홀 미폐쇄; 인적=떨어짐(3미터 이상 ~ 5미터 미만); 물적=없음; 가능=M(3); 심각=M(3)	객체=부재/개구부; 위치=외부/개구부/상부(위); 원인=맨홀 미폐쇄; 인적=떨어짐; 물적=없음; 가능=M(3); 심각=M(3)	IS_LEAF|SAME_NAME_MULTI_PARENT|HIGH_RISK_SUPPORT	HOLD	HOLD	PENDING	EMPTY	EMPTY
47	60af48c7392dbfe32b264401af46e516702332378dbeea7488725ddb49d755da	TASK	굴착작업	KALIS_RISK_PROFILE	a98a931a02af0e7dafda62780e3a01c0142aa554a2851fba159b98f35bb6198c	건축 > 가설공사 > 굴착작업	건축 > 가설공사	건축	3	YES	0		1	118	168	31	31	0	KALIS_RISK_PROFILE:건축 > 가설공사 > 굴착작업 | KALIS_RISK_PROFILE:건축 > 건축 토공사 > 굴착작업 | KALIS_RISK_PROFILE:건축 > 건축물 부대공사 > 굴착작업 | KALIS_RISK_PROFILE:건축 > 지반조사 > 굴착작업 | KALIS_RISK_PROFILE:건축 > 지정공사 > 굴착작업 | KALIS_RISK_PROFILE:건축 > 철골공사 > 굴착작업 | KALIS_RISK_PROFILE:건축 > 철근콘크리트공사 > 굴착작업 | KALIS_RISK_PROFILE:건축 > 해체 및 철거공사 > 굴착작업 | KALIS_RISK_PROFILE:기계설비 > 기계설비공사 > 굴착작업 | KALIS_RISK_PROFILE:기타 > 기타 > 굴착작업	객체=가시설/흙막이가시설; 위치=인접주변/흙막이가시설/지하; 원인=버팀대 임의시공; 인적=깔림; 물적=붕괴; 가능=M(3); 심각=H(4)	객체=가시설/흙막이가시설; 위치=외부/흙막이가시설/옆; 원인=우수대책 미수립; 인적=깔림; 물적=붕괴; 가능=M(2); 심각=H(4)	객체=가시설/안전시설물; 위치=외부/안전시설물/바닥; 원인=굴착토 관리 미흡; 인적=깔림; 물적=붕괴; 가능=M(2); 심각=H(4)	IS_LEAF|SAME_NAME_MULTI_PARENT|HIGH_RISK_SUPPORT	HOLD	HOLD	PENDING	EMPTY	EMPTY
48	c257b24269ee7a031f4374fa1fd7f61d9c974c549827a2e08b834942b4aa9872	TASK	양중작업	KALIS_RISK_PROFILE	19a41bb40a70b5892cf816ec1e019794f94a6922ce943bdff1c89df3d061ad72	토목 > 교량공사 > 양중작업	토목 > 교량공사	토목	3	YES	0		1	117	195	28	28	0	KALIS_RISK_PROFILE:건축 > 가설공사 > 양중작업 | KALIS_RISK_PROFILE:건축 > 건축 토공사 > 양중작업 | KALIS_RISK_PROFILE:건축 > 건축물 부대공사 > 양중작업 | KALIS_RISK_PROFILE:건축 > 지붕 및 홈통공사 > 양중작업 | KALIS_RISK_PROFILE:건축 > 지정공사 > 양중작업 | KALIS_RISK_PROFILE:건축 > 창호 및 유리공사 > 양중작업 | KALIS_RISK_PROFILE:건축 > 철골공사 > 양중작업 | KALIS_RISK_PROFILE:건축 > 철근콘크리트공사 > 양중작업 | KALIS_RISK_PROFILE:건축 > 해체 및 철거공사 > 양중작업 | KALIS_RISK_PROFILE:기계설비 > 기계설비공사 > 양중작업	객체=건설기계/기중기(이동식크레인 등); 위치=외부/기중기(이동식크레인 등)/상부(위); 원인=양중능력 초과; 인적=깔림; 물적=전도; 가능=M(3); 심각=M(3)	객체=건설기계/기중기(이동식크레인 등); 위치=외부/기중기(이동식크레인 등)/바닥; 원인=지지력 미확보; 인적=깔림; 물적=전도; 가능=M(3); 심각=M(3)	객체=부재/거더; 위치=외부/거더/하부(아래); 원인=장비하중에 대한 검토 미실시; 인적=깔림; 물적=전도; 가능=M(3); 심각=H(4)	IS_LEAF|SAME_NAME_MULTI_PARENT|HIGH_RISK_SUPPORT	HOLD	HOLD	PENDING	EMPTY	EMPTY
49	c61d71f63619a20791c4b2f362c2302aaa3cb3457817d3e367f40b48f52e7e24	TASK	조립작업	KALIS_RISK_PROFILE	d8a2ce99b11fa1e139226ac2e6baefd810d6c7be9674b9d5b5e948cf7d73a3c8	건축 > 가설공사 > 조립작업	건축 > 가설공사	건축	3	YES	0		1	116	293	22	22	0	KALIS_RISK_PROFILE:건축 > 가설공사 > 조립작업 | KALIS_RISK_PROFILE:건축 > 건축 토공사 > 조립작업 | KALIS_RISK_PROFILE:건축 > 금속공사 > 조립작업 | KALIS_RISK_PROFILE:건축 > 수장공사 > 조립작업 | KALIS_RISK_PROFILE:건축 > 지붕 및 홈통공사 > 조립작업 | KALIS_RISK_PROFILE:건축 > 철골공사 > 조립작업 | KALIS_RISK_PROFILE:건축 > 철근콘크리트공사 > 조립작업 | KALIS_RISK_PROFILE:기계설비 > 기계설비공사 > 조립작업 | KALIS_RISK_PROFILE:산업설비 > 가설공사 > 조립작업 | KALIS_RISK_PROFILE:토목 > 가설공사 > 조립작업	객체=가시설/비계; 위치=외부/비계/상부(위); 원인=조립불량; 인적=깔림; 물적=붕괴; 가능=M(2); 심각=M(4)	객체=가시설/비계; 위치=외벽/비계/상부(위); 원인=조립 불량, 본구조체에 미연결; 인적=떨어짐(분류불능); 물적=붕괴; 가능=M(3); 심각=H(4)	객체=가시설/비계; 위치=외부/비계/상부(위); 원인=조립불량; 인적=깔림; 물적=붕괴; 가능=M(2); 심각=M(4)	IS_LEAF|SAME_NAME_MULTI_PARENT|HIGH_RISK_SUPPORT	HOLD	HOLD	PENDING	EMPTY	EMPTY
50	6ea5ef47c91568fb030d6ef254e8e1f3b4dc352c466f44c4abb043d5da2c4c0f	TASK	양중작업	KALIS_RISK_PROFILE	cc451e2ff343e1d0dc6b6add1c62e8e74924fa8de133505998e58e046c433774	토목 > 가설공사 > 양중작업	토목 > 가설공사	토목	3	YES	0		1	115	134	28	28	0	KALIS_RISK_PROFILE:건축 > 가설공사 > 양중작업 | KALIS_RISK_PROFILE:건축 > 건축 토공사 > 양중작업 | KALIS_RISK_PROFILE:건축 > 건축물 부대공사 > 양중작업 | KALIS_RISK_PROFILE:건축 > 지붕 및 홈통공사 > 양중작업 | KALIS_RISK_PROFILE:건축 > 지정공사 > 양중작업 | KALIS_RISK_PROFILE:건축 > 창호 및 유리공사 > 양중작업 | KALIS_RISK_PROFILE:건축 > 철골공사 > 양중작업 | KALIS_RISK_PROFILE:건축 > 철근콘크리트공사 > 양중작업 | KALIS_RISK_PROFILE:건축 > 해체 및 철거공사 > 양중작업 | KALIS_RISK_PROFILE:기계설비 > 기계설비공사 > 양중작업	객체=건설기계/기중기(이동식크레인 등); 위치=외부/기중기(이동식크레인 등)/상부(위); 원인=아웃트리거 설치미흡, 지반침하; 인적=깔림; 물적=전도; 가능=M(2); 심각=M(3)	객체=건설기계/기중기(이동식크레인 등); 위치=외부/기중기(이동식크레인 등)/상부(위); 원인=전도방지 미흡; 인적=깔림; 물적=붕괴; 가능=M(3); 심각=M(4)	객체=부재/거더; 위치=외부/거더/하부(아래); 원인=거더 가설계획 부족; 인적=깔림; 물적=낙하; 가능=L(2); 심각=H(4)	IS_LEAF|SAME_NAME_MULTI_PARENT|HIGH_RISK_SUPPORT	HOLD	HOLD	PENDING	EMPTY	EMPTY
51	25911ee3bb3b82327416f160dafdff848c0d93514178e972821f33212818e66b	PROCESS	ALC공사	CIC_W	414	조적공사 > ALC공사	조적공사		2	NO	2	ALC블록 | ALC판넬	1	0	1	1	1	0	CIC_W:조적공사 > ALC공사				HAS_CHILDREN	REVIEW_READY	NONE	PENDING	EMPTY	EMPTY
52	d5b4ccc848e754883c35a9d1b44a42723798268b34e023493962a2dda144b8d4	PROCESS	ALC블록	CIC_W	4141	조적공사 > ALC공사 > ALC블록	조적공사 > ALC공사	조적공사	3	YES	0		1	0	1	1	1	0	CIC_W:조적공사 > ALC공사 > ALC블록				IS_LEAF	REVIEW_READY	NONE	PENDING	EMPTY	EMPTY
53	a7728f32de3fc0ae65a88ebd8435231dd128939b2542ae89f6a65fe1882fe2f3	PROCESS	ALC판넬	CIC_W	4142	조적공사 > ALC공사 > ALC판넬	조적공사 > ALC공사	조적공사	3	YES	0		1	0	1	1	1	0	CIC_W:조적공사 > ALC공사 > ALC판넬				IS_LEAF	REVIEW_READY	NONE	PENDING	EMPTY	EMPTY
54	120e45833dd68bfe0a0f2a096de07415b6a287fb396c85b652a98dcebfc32264	PROCESS	Absorber&AuxSystem공사	CIC_W	7351	폐기물처리및대기환경설비관련공사 > 탈황설비공사 > Absorber&AuxSystem공사	폐기물처리및대기환경설비관련공사 > 탈황설비공사	폐기물처리및대기환경설비관련공사	3	YES	0		1	0	1	1	1	0	CIC_W:폐기물처리및대기환경설비관련공사 > 탈황설비공사 > Absorber&AuxSystem공사				IS_LEAF	REVIEW_READY	NONE	PENDING	EMPTY	EMPTY
55	7185d093d571ac18405e863997673d3b0a14c1688b7c31035e5eb4bc1632bc7b	PROCESS	Attiplugite슬러리월	CIC_W	2352	말뚝공사 > 지하연속벽(SlurryWall) > Attiplugite슬러리월	말뚝공사 > 지하연속벽(SlurryWall)	말뚝공사	3	YES	0		1	0	1	1	1	0	CIC_W:말뚝공사 > 지하연속벽(SlurryWall) > Attiplugite슬러리월				IS_LEAF	REVIEW_READY	NONE	PENDING	EMPTY	EMPTY
56	f94eee52d48ef45f0a44677664858272c19dbcb89e581c7d852fee4913bb28aa	PROCESS	FCM공법	CIC_W	3412	교량공사 > 교량가설공사 > FCM공법	교량공사 > 교량가설공사	교량공사	3	YES	0		1	0	1	1	1	0	CIC_W:교량공사 > 교량가설공사 > FCM공법				IS_LEAF	REVIEW_READY	NONE	PENDING	EMPTY	EMPTY
57	97f82cc77e55db3c15aea0881a42738ef12cfea05adf614ea251de82747632f4	PROCESS	FGDAuxSystem공사	CIC_W	7355	폐기물처리및대기환경설비관련공사 > 탈황설비공사 > FGDAuxSystem공사	폐기물처리및대기환경설비관련공사 > 탈황설비공사	폐기물처리및대기환경설비관련공사	3	YES	0		1	0	1	1	1	0	CIC_W:폐기물처리및대기환경설비관련공사 > 탈황설비공사 > FGDAuxSystem공사				IS_LEAF	REVIEW_READY	NONE	PENDING	EMPTY	EMPTY
58	1c865c7caac006a11b86782de4307b081db4b504ef2b59e24cf2e14d4f495d94	PROCESS	FRP판넬	CIC_W	4671	외부판재공사 > 합성수지판넬 > FRP판넬	외부판재공사 > 합성수지판넬	외부판재공사	3	YES	0		1	0	1	1	1	0	CIC_W:외부판재공사 > 합성수지판넬 > FRP판넬				IS_LEAF	REVIEW_READY	NONE	PENDING	EMPTY	EMPTY
59	9fc549e2cbadc980c350dff5f7e86ab9012456189125abf9c01961e6625332c3	PROCESS	FSM공법	CIC_W	3413	교량공사 > 교량가설공사 > FSM공법	교량공사 > 교량가설공사	교량공사	3	YES	0		1	0	1	1	1	0	CIC_W:교량공사 > 교량가설공사 > FSM공법				IS_LEAF	REVIEW_READY	NONE	PENDING	EMPTY	EMPTY
60	5ff58b19cef349edefadfe9c0df983ff039da726b42c0d9e18e44f53aa953541	PROCESS	FlueGasSystem공사	CIC_W	7352	폐기물처리및대기환경설비관련공사 > 탈황설비공사 > FlueGasSystem공사	폐기물처리및대기환경설비관련공사 > 탈황설비공사	폐기물처리및대기환경설비관련공사	3	YES	0		1	0	1	1	1	0	CIC_W:폐기물처리및대기환경설비관련공사 > 탈황설비공사 > FlueGasSystem공사				IS_LEAF	REVIEW_READY	NONE	PENDING	EMPTY	EMPTY
61	93d31167a68d963ed8c9385ef8f2131ce36a8e4dd84ffeff6b03c00c889dbe93	PROCESS	GCP(GravelCompactionPile)	CIC_W	2256	지반개량및지반보강공사 > 다짐공법 > GCP(GravelCompactionPile)	지반개량및지반보강공사 > 다짐공법	지반개량및지반보강공사	3	YES	0		1	0	1	1	1	0	CIC_W:지반개량및지반보강공사 > 다짐공법 > GCP(GravelCompactionPile)				IS_LEAF	REVIEW_READY	NONE	PENDING	EMPTY	EMPTY
62	166fcc28daca592d7f0f79de969c032c3bf11e2066c7668ad8fbe8010db6f7cc	PROCESS	GIS공사	CIC_W	8231	송배전․발 수변전전기공사 > 발전 수변전관련전기설비공사 > GIS공사	송배전․발 수변전전기공사 > 발전 수변전관련전기설비공사	송배전․발 수변전전기공사	3	YES	0		1	0	1	1	1	0	CIC_W:송배전․발 수변전전기공사 > 발전 수변전관련전기설비공사 > GIS공사				IS_LEAF	REVIEW_READY	NONE	PENDING	EMPTY	EMPTY
63	9b9e63b59e70420fbc4aaaad17fd2dcff623853aa7499cac923b30f025548327	PROCESS	ILM공법	CIC_W	3411	교량공사 > 교량가설공사 > ILM공법	교량공사 > 교량가설공사	교량공사	3	YES	0		1	0	1	1	1	0	CIC_W:교량공사 > 교량가설공사 > ILM공법				IS_LEAF	REVIEW_READY	NONE	PENDING	EMPTY	EMPTY
64	ee1f60355c52e3d3ce0942221e3dfabd5d40af129a476e0fc1c5c6d5d7ac7d6f	PROCESS	LNG및원유저장공사	CIC_W	762	에너지저장및관련수송설비공사 > LNG및원유저장공사	에너지저장및관련수송설비공사		2	NO	1	LNG및원유저장설비공사	1	0	1	1	1	0	CIC_W:에너지저장및관련수송설비공사 > LNG및원유저장공사				HAS_CHILDREN	REVIEW_READY	NONE	PENDING	EMPTY	EMPTY
65	4892305bf05bcaaa4310aa53129268992ae9bd6738eb28f42ce6f9505fc98a8f	PROCESS	LNG및원유저장설비공사	CIC_W	7621	에너지저장및관련수송설비공사 > LNG및원유저장공사 > LNG및원유저장설비공사	에너지저장및관련수송설비공사 > LNG및원유저장공사	에너지저장및관련수송설비공사	3	YES	0		1	0	1	1	1	0	CIC_W:에너지저장및관련수송설비공사 > LNG및원유저장공사 > LNG및원유저장설비공사				IS_LEAF	REVIEW_READY	NONE	PENDING	EMPTY	EMPTY
66	629556ca5cc690eb7a10f9a55698f79f47a77fda3e347ff0203fd57f6b5c59e1	PROCESS	LinerPlate설치공사	CIC_W	7183	발전설비공사 > 발전설비관련공사 > LinerPlate설치공사	발전설비공사 > 발전설비관련공사	발전설비공사	3	YES	0		1	0	1	1	1	0	CIC_W:발전설비공사 > 발전설비관련공사 > LinerPlate설치공사				IS_LEAF	REVIEW_READY	NONE	PENDING	EMPTY	EMPTY
67	64c198e2f4f6f807628e1008efb84d0d9099439f0dd82503c261294ec5f039ab	PROCESS	MSS공법	CIC_W	3414	교량공사 > 교량가설공사 > MSS공법	교량공사 > 교량가설공사	교량공사	3	YES	0		1	0	1	1	1	0	CIC_W:교량공사 > 교량가설공사 > MSS공법				IS_LEAF	REVIEW_READY	NONE	PENDING	EMPTY	EMPTY
68	23e54dd85bd66bffef39818a96994619531f1e6b24d1731a1bf8192c83bc052e	PROCESS	NATM공법굴착	CIC_W	3515	터널공사 > 터널굴착공사 > NATM공법굴착	터널공사 > 터널굴착공사	터널공사	3	YES	0		1	0	1	1	1	0	CIC_W:터널공사 > 터널굴착공사 > NATM공법굴착				IS_LEAF	REVIEW_READY	NONE	PENDING	EMPTY	EMPTY
69	cb3e7b87864a42cd651e9999dda3899765695750eae73417932c92bf9f92fa2e	PROCESS	P.P마대가물막이	CIC_W	0373	본공사성가설공사 > 가물막이 > P.P마대가물막이	본공사성가설공사 > 가물막이	본공사성가설공사	3	YES	0		1	0	1	1	1	0	CIC_W:본공사성가설공사 > 가물막이 > P.P마대가물막이				IS_LEAF	REVIEW_READY	NONE	PENDING	EMPTY	EMPTY
70	7eb4e64be9df29fcaa2ece3d41973c572a41c6704e55c6a41e7356b413e21a79	PROCESS	PC부속공사	CIC_W	268	프리케스트콘크리트공사 > PC부속공사	프리케스트콘크리트공사		2	NO	2	PC부속재설치공사 | PC조인트그라우팅	1	0	1	1	1	0	CIC_W:프리케스트콘크리트공사 > PC부속공사				HAS_CHILDREN	REVIEW_READY	NONE	PENDING	EMPTY	EMPTY
71	d5ea915017e7f076451956e9fdab4d46f19c7e617f2e22f6ff57c93a9b59a9bb	PROCESS	PC부속재설치공사	CIC_W	2681	프리케스트콘크리트공사 > PC부속공사 > PC부속재설치공사	프리케스트콘크리트공사 > PC부속공사	프리케스트콘크리트공사	3	YES	0		1	0	1	1	1	0	CIC_W:프리케스트콘크리트공사 > PC부속공사 > PC부속재설치공사				IS_LEAF	REVIEW_READY	NONE	PENDING	EMPTY	EMPTY
72	916b52957a2ed4ff2487f96cc0416087e7642fac86aa4b48db380e1e340d8cf3	PROCESS	PC부재생산	CIC_W	262	프리케스트콘크리트공사 > PC부재생산	프리케스트콘크리트공사		2	NO	8	일반PC구조부재공장생산 | 특수PC구조부재공장생산 | 기타PC부재공장생산 | 소형PC구조물공장생산 | 일반PC구조부재현장생산	1	0	1	1	1	0	CIC_W:프리케스트콘크리트공사 > PC부재생산				HAS_CHILDREN	REVIEW_READY	NONE	PENDING	EMPTY	EMPTY
73	c8be52f082068bbc8a2285bed88627abadb82de4bf46ddc8af55c392e751177e	PROCESS	PC부재운반	CIC_W	263	프리케스트콘크리트공사 > PC부재운반	프리케스트콘크리트공사		2	YES	0		1	0	1	1	1	0	CIC_W:프리케스트콘크리트공사 > PC부재운반				IS_LEAF	REVIEW_READY	NONE	PENDING	EMPTY	EMPTY
74	1b8be951bec6ac3940752879a2072e3a8e7fb97ecf3c102a215e87f1d42dc659	PROCESS	PC슬라브조립	CIC_W	2646	프리케스트콘크리트공사 > 토목PC구조부재조립 > PC슬라브조립	프리케스트콘크리트공사 > 토목PC구조부재조립	프리케스트콘크리트공사	3	YES	0		1	0	1	1	1	0	CIC_W:프리케스트콘크리트공사 > 토목PC구조부재조립 > PC슬라브조립				IS_LEAF	REVIEW_READY	NONE	PENDING	EMPTY	EMPTY
75	1e9e33472b26e81afbf9c6b439f8f79b50559c153cc71d82ad7e9422a7f1d590	PROCESS	PC연속벽흙막이	CIC_W	244	흙막이및지보공사 > PC연속벽흙막이	흙막이및지보공사		2	YES	0		1	0	1	1	1	0	CIC_W:흙막이및지보공사 > PC연속벽흙막이				IS_LEAF	REVIEW_READY	NONE	PENDING	EMPTY	EMPTY
76	fa508c7d5e0e61527e6d0c034cb5ee99a206230111ad1271cd3f6382856ee7c9	PROCESS	PC옹벽	CIC_W	3821	옹벽공사 > 조적식옹벽 > PC옹벽	옹벽공사 > 조적식옹벽	옹벽공사	3	YES	0		1	0	1	1	1	0	CIC_W:옹벽공사 > 조적식옹벽 > PC옹벽				IS_LEAF	REVIEW_READY	NONE	PENDING	EMPTY	EMPTY
77	d1b90a65c1dad0b8b06dc9fa87e6d7ae12e921d461c70b4562d0a97f474e703b	PROCESS	PC조인트그라우팅	CIC_W	2682	프리케스트콘크리트공사 > PC부속공사 > PC조인트그라우팅	프리케스트콘크리트공사 > PC부속공사	프리케스트콘크리트공사	3	YES	0		1	0	1	1	1	0	CIC_W:프리케스트콘크리트공사 > PC부속공사 > PC조인트그라우팅				IS_LEAF	REVIEW_READY	NONE	PENDING	EMPTY	EMPTY
78	fd9efc2bb3c82fcd8ca399ec862e83eba291fb48f5c646ffef4e73b9e6957576	PROCESS	PC형틀및생산시설	CIC_W	261	프리케스트콘크리트공사 > PC형틀및생산시설	프리케스트콘크리트공사		2	YES	0		1	0	1	1	1	0	CIC_W:프리케스트콘크리트공사 > PC형틀및생산시설				IS_LEAF	REVIEW_READY	NONE	PENDING	EMPTY	EMPTY
79	b0f74699d74c07ae6fa100aeede354bd4d6b20e188ec5c237f0048e3ac4dd011	PROCESS	PSM공법	CIC_W	3415	교량공사 > 교량가설공사 > PSM공법	교량공사 > 교량가설공사	교량공사	3	YES	0		1	0	1	1	1	0	CIC_W:교량공사 > 교량가설공사 > PSM공법				IS_LEAF	REVIEW_READY	NONE	PENDING	EMPTY	EMPTY
80	3ac0772b231b17dafe1ea899b70772ad89dabb608d0c3a261a697c19868fda6a	PROCESS	PVC관제거	CIC_W	1844	철거해체공사및시설물보호 > 지하지장물철거 해체 > PVC관제거	철거해체공사및시설물보호 > 지하지장물철거 해체	철거해체공사및시설물보호	3	YES	0		1	0	1	1	1	0	CIC_W:철거해체공사및시설물보호 > 지하지장물철거 해체 > PVC관제거				IS_LEAF	REVIEW_READY	NONE	PENDING	EMPTY	EMPTY
81	6d70e7206cfa3b61b1dbcedfb234ec878a0141b119cc65f39f2bf12510c6318b	PROCESS	RC말뚝	CIC_W	2324	말뚝공사 > 기성말뚝 > RC말뚝	말뚝공사 > 기성말뚝	말뚝공사	3	YES	0		1	0	1	1	1	0	CIC_W:말뚝공사 > 기성말뚝 > RC말뚝				IS_LEAF	REVIEW_READY	NONE	PENDING	EMPTY	EMPTY
82	5d973d4bd3610d1d8e89b683eaec3d91219ad8176d08d595467a0490a8fb9d3d	PROCESS	Riprap재료축조	CIC_W	3716	댐공사 > 휠댐(제방) > Riprap재료축조	댐공사 > 휠댐(제방)	댐공사	3	YES	0		1	0	1	1	1	0	CIC_W:댐공사 > 휠댐(제방) > Riprap재료축조				IS_LEAF	REVIEW_READY	NONE	PENDING	EMPTY	EMPTY
83	0b9f05fd2c7861efb37e5a9d4aedc2360712edb9a0651d2bc85b5b79820c9cff	PROCESS	RockBolt축력및인발측정	CIC_W	1234	계측 > 터널공사계측 > RockBolt축력및인발측정	계측 > 터널공사계측	계측	3	YES	0		1	0	1	1	1	0	CIC_W:계측 > 터널공사계측 > RockBolt축력및인발측정				IS_LEAF	REVIEW_READY	NONE	PENDING	EMPTY	EMPTY
84	b71d60da07ee37da0d6b953c5ce1ed656e9d1a6e352cd2f8bdfb967f5e241881	PROCESS	SCP(SandCompactionPile)	CIC_W	2255	지반개량및지반보강공사 > 다짐공법 > SCP(SandCompactionPile)	지반개량및지반보강공사 > 다짐공법	지반개량및지반보강공사	3	YES	0		1	0	1	1	1	0	CIC_W:지반개량및지반보강공사 > 다짐공법 > SCP(SandCompactionPile)				IS_LEAF	REVIEW_READY	NONE	PENDING	EMPTY	EMPTY
85	860dfae19c69a0d246af300631e11161005a379bd1af6612875c86762f4cbcff	PROCESS	SheetPile	CIC_W	243	흙막이및지보공사 > SheetPile	흙막이및지보공사		2	YES	0		1	0	1	1	1	0	CIC_W:흙막이및지보공사 > SheetPile				IS_LEAF	REVIEW_READY	NONE	PENDING	EMPTY	EMPTY
86	975cb6c0568ed2b783d2d0c6a58dcc8cc3a65aa29c7a15548a25f3d9e50bd966	PROCESS	SheetPile가물막이	CIC_W	0372	본공사성가설공사 > 가물막이 > SheetPile가물막이	본공사성가설공사 > 가물막이	본공사성가설공사	3	YES	0		1	0	1	1	1	0	CIC_W:본공사성가설공사 > 가물막이 > SheetPile가물막이				IS_LEAF	REVIEW_READY	NONE	PENDING	EMPTY	EMPTY
87	deeda1c6c027a48eee0dd5410c8daea14b715f2c095ba778ff81c75c70c456eb	PROCESS	Shield공법굴착	CIC_W	3514	터널공사 > 터널굴착공사 > Shield공법굴착	터널공사 > 터널굴착공사	터널공사	3	YES	0		1	0	1	1	1	0	CIC_W:터널공사 > 터널굴착공사 > Shield공법굴착				IS_LEAF	REVIEW_READY	NONE	PENDING	EMPTY	EMPTY
88	efc89b38828e07459f9b0d0c218c397a1fa34886b1aadd2949c75c139881b370	PROCESS	Shotcrete응력측정	CIC_W	1235	계측 > 터널공사계측 > Shotcrete응력측정	계측 > 터널공사계측	계측	3	YES	0		1	0	1	1	1	0	CIC_W:계측 > 터널공사계측 > Shotcrete응력측정				IS_LEAF	REVIEW_READY	NONE	PENDING	EMPTY	EMPTY
89	f509bd65ef8db16879513e9ae1c536c2ce86400ff5a8a2ff7ee41d0e2aa484f1	PROCESS	T&C(TestandCommissioning)공사	CIC_W	9131	기계 플랜트 산업설비 전기 통신시험 시운전공사 > 기계 플랜트 산업․전기설비시험 시운전공사 > T&C(TestandCommissioning)공사	기계 플랜트 산업설비 전기 통신시험 시운전공사 > 기계 플랜트 산업․전기설비시험 시운전공사	기계 플랜트 산업설비 전기 통신시험 시운전공사	3	YES	0		1	0	1	1	1	0	CIC_W:기계 플랜트 산업설비 전기 통신시험 시운전공사 > 기계 플랜트 산업․전기설비시험 시운전공사 > T&C(TestandCommissioning)공사				IS_LEAF	REVIEW_READY	NONE	PENDING	EMPTY	EMPTY
90	6a795498bcd06f99ce124f4cf52a5414f415fb4599b77a5f72b0ae56019cbe49	PROCESS	T.A.B(TestingAdjustingandBalancing)공사	CIC_W	9111	기계 플랜트 산업설비 전기 통신시험 시운전공사 > 기계 프랜트공통시험 시운전공사 > T.A.B(TestingAdjustingandBalancing)공사	기계 플랜트 산업설비 전기 통신시험 시운전공사 > 기계 프랜트공통시험 시운전공사	기계 플랜트 산업설비 전기 통신시험 시운전공사	3	YES	0		1	0	1	1	1	0	CIC_W:기계 플랜트 산업설비 전기 통신시험 시운전공사 > 기계 프랜트공통시험 시운전공사 > T.A.B(TestingAdjustingandBalancing)공사				IS_LEAF	REVIEW_READY	NONE	PENDING	EMPTY	EMPTY
91	33412615796bd766f30dbf2e80630ade174815917a31269a64554945836b7de5	PROCESS	TBM공법굴착	CIC_W	3513	터널공사 > 터널굴착공사 > TBM공법굴착	터널공사 > 터널굴착공사	터널공사	3	YES	0		1	0	1	1	1	0	CIC_W:터널공사 > 터널굴착공사 > TBM공법굴착				IS_LEAF	REVIEW_READY	NONE	PENDING	EMPTY	EMPTY
92	29cf63f9d74bf8d7538259bcdf4ecacf2f9056dbdee986ae7141a2e0a810172e	PROCESS	TV공청설비공사	CIC_W	8432	정보 통신설비공사 > 방송수신설비공사 > TV공청설비공사	정보 통신설비공사 > 방송수신설비공사	정보 통신설비공사	3	YES	0		1	0	1	1	1	0	CIC_W:정보 통신설비공사 > 방송수신설비공사 > TV공청설비공사				IS_LEAF	REVIEW_READY	NONE	PENDING	EMPTY	EMPTY
93	a3494d10c2e014eb537f40c2047c6fc42f04dcaf0747c1e7fb5a21f8f6ed2491	PROCESS	UBR(UnitBathRoom)설치	CIC_W	5425	수장공사 > 칸막이공사 > UBR(UnitBathRoom)설치	수장공사 > 칸막이공사	수장공사	3	YES	0		1	0	1	1	1	0	CIC_W:수장공사 > 칸막이공사 > UBR(UnitBathRoom)설치				IS_LEAF	REVIEW_READY	NONE	PENDING	EMPTY	EMPTY
94	da0fce6f1c58c7903477b7f5d1d9baf88361fe700decaa2376d051a2aa7c288c	PROCESS	가공목재조립식구조목공사	CIC_W	423	목공사 > 가공목재조립식구조목공사	목공사		2	YES	0		1	0	1	1	1	0	CIC_W:목공사 > 가공목재조립식구조목공사				IS_LEAF	REVIEW_READY	NONE	PENDING	EMPTY	EMPTY
95	1c46dc57f4ca5cfca99c9538a84617909bbff55e41431ba7abc4b6a346a6ca5f	PROCESS	가공석재조적	CIC_W	416	조적공사 > 가공석재조적	조적공사		2	NO	6	대리석조적 | 화강석조적 | 사암조적 | 석회암조적 | 천연슬레이트조적	1	0	1	1	1	0	CIC_W:조적공사 > 가공석재조적				HAS_CHILDREN	REVIEW_READY	NONE	PENDING	EMPTY	EMPTY
96	d55a9bf5177f41261fc9d875225a6ceb45dc11aa63563596f787d0e4a268e142	PROCESS	가공유리	CIC_W	4866	창호공사 > 유리공사 > 가공유리	창호공사 > 유리공사	창호공사	3	YES	0		1	0	1	1	1	0	CIC_W:창호공사 > 유리공사 > 가공유리				IS_LEAF	REVIEW_READY	NONE	PENDING	EMPTY	EMPTY
97	2c890927ae82091f3f7cba4f67cadd8af15f2bddd667ff0d0aeaf76d9ad03094	PROCESS	가공재	CIC_W	2715	강구조물공사 > 강구조물자재 > 가공재	강구조물공사 > 강구조물자재	강구조물공사	3	YES	0		1	0	1	1	1	0	CIC_W:강구조물공사 > 강구조물자재 > 가공재				IS_LEAF	REVIEW_READY	NONE	PENDING	EMPTY	EMPTY
98	376b8a7b5a53f024a700b1152eb5656064779d10c2a7b133912387308a55ec5f	PROCESS	가구및집기	CIC_W	57	가구및집기			1	NO	4	일반가구 | 시설별특수가구 | 집기및비품 | 시설별특수집기및비품	1	0	1	1	1	0	CIC_W:가구및집기				HAS_CHILDREN	REVIEW_READY	NONE	PENDING	EMPTY	EMPTY
99	ee99f011345b8dd8daefef045d4e83a1444a2e02706627fb4a99d85c13d8aa12	PROCESS	가구식구조목공사	CIC_W	421	목공사 > 가구식구조목공사	목공사		2	NO	7	토대 | 기둥 | 보(도리) | 벽체 | 목조마루틀	1	0	1	1	1	0	CIC_W:목공사 > 가구식구조목공사				HAS_CHILDREN	REVIEW_READY	NONE	PENDING	EMPTY	EMPTY
100	83d2374ad808f954472683e4336426c74b21361b58bc49afd90ae0f463bdf409	PROCESS	가물막이	CIC_W	037	본공사성가설공사 > 가물막이	본공사성가설공사		2	NO	5	나무널말뚝가물막이 | SheetPile가물막이 | P.P마대가물막이 | 토사가물막이 | 사석가물막이	1	0	1	1	1	0	CIC_W:본공사성가설공사 > 가물막이				HAS_CHILDREN	REVIEW_READY	NONE	PENDING	EMPTY	EMPTY
