review_no	seed_proposal_key	source_key	name	semantic_kind_before	semantic_kind_after	semantic_review_decision	merge_candidate_keys	review_basis	approval_state
692	1c27fb2b6ddb57c249eec187ad9f7b5429220441a8b1c1c69f63d7dc44a2362b	0112	공사계획	AMBIGUOUS	PROCESS	KEEP_AS_DISTINCT	EMPTY	GPT_004A_KEEP_AS_DISTINCT_PROCESS	NOT_APPROVED
693	4f771ed8aaaa889b00cdd15bf8336bc5bc6287c697f4620743c514dff2ee98d4	0113	서류및샘플제출	AMBIGUOUS	TASK	KEEP_AS_DISTINCT	EMPTY	GPT_004A_KEEP_AS_DISTINCT_TASK	NOT_APPROVED
694	5b82226c8c79638884fc1868a41a8feab47299949f5b56f20be6627335d08b68	0114	검측 기성	AMBIGUOUS	TASK	KEEP_AS_DISTINCT	EMPTY	GPT_004A_KEEP_AS_DISTINCT_TASK	NOT_APPROVED
695	07afa487dbeb905134bbcead0f7de198d291587b85605382c5ee257c55904c6d	0115	품질관리	AMBIGUOUS	PROCESS	KEEP_AS_DISTINCT	EMPTY	GPT_004A_KEEP_AS_DISTINCT_PROCESS	NOT_APPROVED
696	c4b54d801b0c1978cf2f30ee1f73588cfad6e6e3f7dd49a7c5a954fc0253a702	0116	공사회의	AMBIGUOUS	TASK	KEEP_AS_DISTINCT	EMPTY	GPT_004A_KEEP_AS_DISTINCT_TASK	NOT_APPROVED
697	9ff873b9d84d1a6980eacb7320ac99da443be9442fa3a07d62fe89288dbd9737	0117	공사관리	AMBIGUOUS	PROCESS	KEEP_AS_DISTINCT	EMPTY	GPT_004A_KEEP_AS_DISTINCT_PROCESS	NOT_APPROVED
698	05c9f8465c1350ae438b3ccd26a8de646e23d36459af8075c2a47f62ae10a22c	0118	시운전	AMBIGUOUS	TASK	KEEP_AS_DISTINCT	EMPTY	GPT_004A_KEEP_AS_DISTINCT_TASK	NOT_APPROVED
699	6b31e36e31fe2cae834fd0fae21f0d8320d26d5e5fe5981f83c573c1cb4212d6	0119	준공및하자보수	AMBIGUOUS	PROCESS	KEEP_AS_DISTINCT	EMPTY	GPT_004A_KEEP_AS_DISTINCT_PROCESS	NOT_APPROVED
700	1c5f282c7e89359015a87f8d5b875160ee20c042c9090ef81634746e63da22a9	0152	공통공사비	AMBIGUOUS	CLASSIFICATION	REJECT	EMPTY	GPT_004A_REJECT_CLASSIFICATION	NOT_APPROVED
701	240d54c6a7d0aa88f3942dd578b3a253d2a73b69e489b49d25447213e6b6e27a	0153	간접인건비	AMBIGUOUS	CLASSIFICATION	REJECT	EMPTY	GPT_004A_REJECT_CLASSIFICATION	NOT_APPROVED
702	c715959ca99a68ae560fff2e2535cbc850ff215ebd2862cab482cb1907bc2db4	0154	경비	AMBIGUOUS	CLASSIFICATION	REJECT	EMPTY	GPT_004A_REJECT_CLASSIFICATION	NOT_APPROVED
703	5459ac9907be88969f0bbbd518e20f2351a6a20ec58ba43880bb559a46c65a70	0155	일반관리비	AMBIGUOUS	CLASSIFICATION	REJECT	EMPTY	GPT_004A_REJECT_CLASSIFICATION	NOT_APPROVED
704	505acf6ef125b9f80a5b9d75da43d66e15fa8cee050243c69309724ee4215cab	0156	이윤	AMBIGUOUS	CLASSIFICATION	REJECT	EMPTY	GPT_004A_REJECT_CLASSIFICATION	NOT_APPROVED
705	95cb4a6b35486a7ac03622b12ac39cc19c67fe53a57b8710a29a3ad8044c41cb	0157	공사손해보험료	AMBIGUOUS	CLASSIFICATION	REJECT	EMPTY	GPT_004A_REJECT_CLASSIFICATION	NOT_APPROVED
706	6050c5432c965cb4ad9feaa516df77abf6a6d0d5f28f212e4a75fa873a9355d4	0158	부가가치세	AMBIGUOUS	CLASSIFICATION	REJECT	EMPTY	GPT_004A_REJECT_CLASSIFICATION	NOT_APPROVED
707	563707d5297511b8e497f05510b56014794280eb65c4190a84ec3dcdf4f5c7f8	0159	공사금액총계	AMBIGUOUS	CLASSIFICATION	REJECT	EMPTY	GPT_004A_REJECT_CLASSIFICATION	NOT_APPROVED
708	6f25acd8597af9bd073c258655ab9d4e98c357847285326c39313e5ce06485fd	0212	도급자가설건물부지	AMBIGUOUS	FACILITY_EQUIPMENT	REJECT	EMPTY	GPT_004A_REJECT_FACILITY_EQUIPMENT	NOT_APPROVED
709	527a25e1d84f293780e8abe49b94320ae2a6ae4a9357256f8793ef75868c04fb	0213	가설공사용부지	AMBIGUOUS	FACILITY_EQUIPMENT	REJECT	EMPTY	GPT_004A_REJECT_FACILITY_EQUIPMENT	NOT_APPROVED
710	546ec432f0f4f846e4958f3c8cfacd1bd0a65e66a4f936d684e95f8ce71fb86b	0214	토사 자재야적장	AMBIGUOUS	FACILITY_EQUIPMENT	REJECT	EMPTY	GPT_004A_REJECT_FACILITY_EQUIPMENT	NOT_APPROVED
711	bc2eeea88c9b085ce99079b71cf6381a8f79befad79e3b36d764a7fcf156b1d6	0215	토사 자재폐기장	AMBIGUOUS	FACILITY_EQUIPMENT	REJECT	EMPTY	GPT_004A_REJECT_FACILITY_EQUIPMENT	NOT_APPROVED
712	10caefc9fc4f06ca7b78f3d2da24ea65f4910cc108b85297372f1b6c6fbf4ac0	0216	가설도로및주차장부지	AMBIGUOUS	FACILITY_EQUIPMENT	REJECT	EMPTY	GPT_004A_REJECT_FACILITY_EQUIPMENT	NOT_APPROVED
713	05a49c7c8d7773d335911075582f49187791a758658d0268e593f24e1d7bac87	0222	발주자가설창고	AMBIGUOUS	FACILITY_EQUIPMENT	REJECT	EMPTY	GPT_004A_REJECT_FACILITY_EQUIPMENT	NOT_APPROVED
714	2e278970f327edf1be1371ba961264cebd526ad30e7d94486729cbc996740ac1	0223	발주자가설작업실	AMBIGUOUS	FACILITY_EQUIPMENT	REJECT	EMPTY	GPT_004A_REJECT_FACILITY_EQUIPMENT	NOT_APPROVED
715	1aa514aa3edac579b3c84c994015126033ad9c0180a42d4c5f1fd8526f82fac7	0224	발주자가설실험실	AMBIGUOUS	FACILITY_EQUIPMENT	REJECT	EMPTY	GPT_004A_REJECT_FACILITY_EQUIPMENT	NOT_APPROVED
716	83bdb23f2f80388d615405dac33ccdc990c9ffc287653eb57a13c73d9e56d91a	0225	발주자가설화약고	AMBIGUOUS	FACILITY_EQUIPMENT	REJECT	EMPTY	GPT_004A_REJECT_FACILITY_EQUIPMENT	NOT_APPROVED
717	96510c4a4a37726463f7f6b1de94e6207c2d5b3f91d42cfd91784579c00eab39	0226	발주자가설숙소	AMBIGUOUS	FACILITY_EQUIPMENT	REJECT	EMPTY	GPT_004A_REJECT_FACILITY_EQUIPMENT	NOT_APPROVED
718	f51bcf740992f79636487cede92677f29e92cc1ac3217e37a2f3fc040ca849f3	0227	발주자가설화장실 샤워실	AMBIGUOUS	FACILITY_EQUIPMENT	REJECT	EMPTY	GPT_004A_REJECT_FACILITY_EQUIPMENT	NOT_APPROVED
719	657a3afae4fa7306f03b71c519f9b0849c2c7cba76844d83d151d4da6be24a7d	0228	발주자가설식당	AMBIGUOUS	FACILITY_EQUIPMENT	REJECT	EMPTY	GPT_004A_REJECT_FACILITY_EQUIPMENT	NOT_APPROVED
720	c3fee4bc32240a3aa029929316ea3f20c759ab2a583488d2d903e393ccb416d2	0229	기타발주자용가설건물 시설	AMBIGUOUS	FACILITY_EQUIPMENT	REJECT	EMPTY	GPT_004A_REJECT_FACILITY_EQUIPMENT	NOT_APPROVED
721	88012247a102ae3569951ef790aae77ce0361b9d36d5181177718a02d6846c81	0231	도급자가설현장사무실	AMBIGUOUS	FACILITY_EQUIPMENT	REJECT	EMPTY	GPT_004A_REJECT_FACILITY_EQUIPMENT	NOT_APPROVED
722	d76ed34e9f4cd354fb978c6635797f8360f849771e191ff66f590d5c67a7fd31	0232	도급자가설창고	AMBIGUOUS	FACILITY_EQUIPMENT	REJECT	EMPTY	GPT_004A_REJECT_FACILITY_EQUIPMENT	NOT_APPROVED
723	554e91fff36bd6736acc8278114bfdea362b1eaeaceda4a9ff9740c59f8cfcd8	0233	도급자가설작업실	AMBIGUOUS	FACILITY_EQUIPMENT	REJECT	EMPTY	GPT_004A_REJECT_FACILITY_EQUIPMENT	NOT_APPROVED
724	031cede6caba1285177e6c00ff2c39da7bf3442426cacc8c4bf3dd31c39143e1	0234	도급자가설실험실	AMBIGUOUS	FACILITY_EQUIPMENT	REJECT	EMPTY	GPT_004A_REJECT_FACILITY_EQUIPMENT	NOT_APPROVED
725	cd3e77809d3bec6c85628b07929338508506853ea158ee27d5dc1be34ecc08a7	0235	도급자가설화약고	AMBIGUOUS	FACILITY_EQUIPMENT	REJECT	EMPTY	GPT_004A_REJECT_FACILITY_EQUIPMENT	NOT_APPROVED
726	ade35f684e6c90617b5e155cdc345377039e430794ff2a4750ad5b02125b43db	0236	도급자가설숙소	AMBIGUOUS	FACILITY_EQUIPMENT	REJECT	EMPTY	GPT_004A_REJECT_FACILITY_EQUIPMENT	NOT_APPROVED
727	87468cd88648c9bc0b9155f3e1e42db505ac0fbb91d00c45f6413cae547cd528	0237	도급자가설화장실 샤워실	AMBIGUOUS	FACILITY_EQUIPMENT	REJECT	EMPTY	GPT_004A_REJECT_FACILITY_EQUIPMENT	NOT_APPROVED
728	204556767072f699aaf5f0b548f265d11a6ece7b01d910fe0ffde265243360f1	0241	가설식당	AMBIGUOUS	FACILITY_EQUIPMENT	REJECT	EMPTY	GPT_004A_REJECT_FACILITY_EQUIPMENT	NOT_APPROVED
729	c40221d1864443e85c8ce3b273fc2a6c7a8c5bab614863c24d55be15cc7d4978	0242	가설복지시설	AMBIGUOUS	FACILITY_EQUIPMENT	REJECT	EMPTY	GPT_004A_REJECT_FACILITY_EQUIPMENT	NOT_APPROVED
730	239206c90cc31450d3e6656da49b209c9f688810e7bcc50b943ac3e63bb53b40	0243	가설주차장시설	AMBIGUOUS	FACILITY_EQUIPMENT	REJECT	EMPTY	GPT_004A_REJECT_FACILITY_EQUIPMENT	NOT_APPROVED
731	6c99b0f9b0250e681fbd0f7228cbe2bbde4843d5e240523cf142e8bac1c892d7	0244	가설경비실	AMBIGUOUS	FACILITY_EQUIPMENT	REJECT	EMPTY	GPT_004A_REJECT_FACILITY_EQUIPMENT	NOT_APPROVED
732	4091330f1f7a7e13cb4ebaf3dba6da454bafb4920479584fe5dffd434b7aefca	0251	발주자업무용선박	AMBIGUOUS	FACILITY_EQUIPMENT	REJECT	EMPTY	GPT_004A_REJECT_FACILITY_EQUIPMENT	NOT_APPROVED
733	ea331a5464077ad2abfe50f30c0f48831f29ff57f4149e5a9d2ae3f3cf9294a9	0252	발주자업무용차량	AMBIGUOUS	FACILITY_EQUIPMENT	REJECT	EMPTY	GPT_004A_REJECT_FACILITY_EQUIPMENT	NOT_APPROVED
734	215bf630840a8d9dffa02b9be3752e8c5bc6bb9b494e00da1d12b2bf051b1904	0253	도급자업무용선박	AMBIGUOUS	FACILITY_EQUIPMENT	REJECT	EMPTY	GPT_004A_REJECT_FACILITY_EQUIPMENT	NOT_APPROVED
735	85731f2223b7b472795b20805976bd817f0eb5ffd755183f338a342eca101637	0254	도급자업무용차량	AMBIGUOUS	FACILITY_EQUIPMENT	REJECT	EMPTY	GPT_004A_REJECT_FACILITY_EQUIPMENT	NOT_APPROVED
736	01777091bc5346a91ccd9793bc570aa965c17411325b9c44b7b400887a444492	0261	목재울타리	AMBIGUOUS	FACILITY_EQUIPMENT	REJECT	EMPTY	GPT_004A_REJECT_FACILITY_EQUIPMENT	NOT_APPROVED
737	2b85b65448626324a62989d679891ae29cede1ca6a38583eb4dcf710ecd81f74	0262	철재울타리	AMBIGUOUS	FACILITY_EQUIPMENT	REJECT	EMPTY	GPT_004A_REJECT_FACILITY_EQUIPMENT	NOT_APPROVED
738	111da1268b1c4ceb8b3973b15f219b3fe13b9cb008d99a89083517e1255de9e6	0263	철망울타리	AMBIGUOUS	FACILITY_EQUIPMENT	REJECT	EMPTY	GPT_004A_REJECT_FACILITY_EQUIPMENT	NOT_APPROVED
739	363a03589a39cff8d53eec2bf46ab2d4d368f8fd3299a6018e2ceaee021467e7	0264	조립식울타리	AMBIGUOUS	FACILITY_EQUIPMENT	REJECT	EMPTY	GPT_004A_REJECT_FACILITY_EQUIPMENT	NOT_APPROVED
740	ed8e2f56ba6db73d22ee10d8277b7191bc5030fda766a5b115d1759043f20393	0265	현장출입문	AMBIGUOUS	FACILITY_EQUIPMENT	REJECT	EMPTY	GPT_004A_REJECT_FACILITY_EQUIPMENT	NOT_APPROVED
741	efb5b3c0a057bc60d92e7ba6ccf2c0681b3dc0dbe1dbfdbd4e1f503a03482249	0271	가설안내판 현황판	AMBIGUOUS	FACILITY_EQUIPMENT	REJECT	EMPTY	GPT_004A_REJECT_FACILITY_EQUIPMENT	NOT_APPROVED
742	10aae86fff2c3032d6a2ab191bcda8c34735a73178731f19fbd07b0cc266fe5a	0272	프로젝트조감도 모형	AMBIGUOUS	FACILITY_EQUIPMENT	REJECT	EMPTY	GPT_004A_REJECT_FACILITY_EQUIPMENT	NOT_APPROVED
743	5410232c133d8124aece671eeba0398ec4acfd575091ec341275d62ae198ad88	0281	가설전기 조명설비	AMBIGUOUS	FACILITY_EQUIPMENT	REJECT	EMPTY	GPT_004A_REJECT_FACILITY_EQUIPMENT	NOT_APPROVED
744	711b6d331bcb2d9830a2fcc41997c4228e1efb57533965b0567be803df673634	0282	가설냉 난방설비	AMBIGUOUS	FACILITY_EQUIPMENT	REJECT	EMPTY	GPT_004A_REJECT_FACILITY_EQUIPMENT	NOT_APPROVED
745	54fbeb1ce186c079f16cee0f7ea4ec027a29144bf06391058e55f85f685328db	0283	가설소방설비	AMBIGUOUS	FACILITY_EQUIPMENT	REJECT	EMPTY	GPT_004A_REJECT_FACILITY_EQUIPMENT	NOT_APPROVED
746	35ea3d9cf3f1f77299e3b31984c0130574174f16f501d50f1303c4b9c7b8cc97	0284	가설통신설비	AMBIGUOUS	FACILITY_EQUIPMENT	REJECT	EMPTY	GPT_004A_REJECT_FACILITY_EQUIPMENT	NOT_APPROVED
747	d11f59773fc2c26a901e0658f06d2fccb6c79c96c7576e20fb4aa0c2adf6bf86	0285	가설급수설비	AMBIGUOUS	FACILITY_EQUIPMENT	REJECT	EMPTY	GPT_004A_REJECT_FACILITY_EQUIPMENT	NOT_APPROVED
748	0af3626a5f28d3d8801af3b1279663e47f03c597b4bdec893f2159279ee025d9	0286	가설배수설비	AMBIGUOUS	FACILITY_EQUIPMENT	REJECT	EMPTY	GPT_004A_REJECT_FACILITY_EQUIPMENT	NOT_APPROVED
749	378635566d60218105c9b3a5bb8253baed90c31c9564c958f6128aeacdfc7a3b	0287	가설환기설비	AMBIGUOUS	FACILITY_EQUIPMENT	REJECT	EMPTY	GPT_004A_REJECT_FACILITY_EQUIPMENT	NOT_APPROVED
750	8d240092d0c6880b202190bf9961c644e3727200728f2a7b5c1d40d02eb555a4	0288	가설구급설비	AMBIGUOUS	FACILITY_EQUIPMENT	REJECT	EMPTY	GPT_004A_REJECT_FACILITY_EQUIPMENT	NOT_APPROVED
751	e69ff31cbbde7fe147385d0d8c53d768c9434db62ae65aeeb2a93ec06e111a74	0312	가설주차장	AMBIGUOUS	FACILITY_EQUIPMENT	REJECT	EMPTY	GPT_004A_REJECT_FACILITY_EQUIPMENT	NOT_APPROVED
752	3d92f46a884195e0a9b53fde98ec1555ee092af26661f65234388cf96aa985b7	0322	동바리	AMBIGUOUS	FACILITY_EQUIPMENT	REJECT	EMPTY	GPT_004A_REJECT_FACILITY_EQUIPMENT	NOT_APPROVED
753	f1599521b748893550249a1ec78bda72322081f5f48aa9d2030b0604b87c4a55	0323	작업안전및가설방호시설	AMBIGUOUS	FACILITY_EQUIPMENT	REJECT	EMPTY	GPT_004A_REJECT_FACILITY_EQUIPMENT	NOT_APPROVED
754	7d91078d7a8734815b6c2b0c223bd5c168e6c58cd216b92b25b027b96f34d01e	0324	공사중공공이용시설	AMBIGUOUS	FACILITY_EQUIPMENT	REJECT	EMPTY	GPT_004A_REJECT_FACILITY_EQUIPMENT	NOT_APPROVED
755	7954786fee05a0020a1b9e8c4739c4e1553dd45fb4cf586b2dc23f375154890e	0325	공사용가설설비	AMBIGUOUS	FACILITY_EQUIPMENT	REJECT	EMPTY	GPT_004A_REJECT_FACILITY_EQUIPMENT	NOT_APPROVED
756	6fea2e81b61dced1dac8296859e2cb231b195cf2e141df7b83a98bffd8e46233	0326	가설보호막	AMBIGUOUS	FACILITY_EQUIPMENT	REJECT	EMPTY	GPT_004A_REJECT_FACILITY_EQUIPMENT	NOT_APPROVED
757	f475fabb958c475378e56e1aa80233cfdccdcbb6eba200eda235a7194f150f37	0341	작업대차및비계	AMBIGUOUS	FACILITY_EQUIPMENT	REJECT	EMPTY	GPT_004A_REJECT_FACILITY_EQUIPMENT	NOT_APPROVED
758	4ec6a9bf3acb11294918bd83f3275789cbbd43864a79a4860abd29dc19a38d2f	0342	작업레일	AMBIGUOUS	FACILITY_EQUIPMENT	REJECT	EMPTY	GPT_004A_REJECT_FACILITY_EQUIPMENT	NOT_APPROVED
759	60d02cc3625ee6407c89e96e401158247d963014d5d8b7a5bcdba21fdbe8c54d	0371	나무널말뚝가물막이	AMBIGUOUS	PROCESS	KEEP_AS_DISTINCT	EMPTY	GPT_004A_KEEP_AS_DISTINCT_PROCESS	NOT_APPROVED
760	4f6c82c96a3a7758959f4645833ee8dc45b8253e527a20d75a66fbf09ea56b1d	0374	토사가물막이	AMBIGUOUS	PROCESS	KEEP_AS_DISTINCT	EMPTY	GPT_004A_KEEP_AS_DISTINCT_PROCESS	NOT_APPROVED
761	5e740e4242285312261fec363738997666fb0c6fd70b2538fdf0662143893eb5	0375	사석가물막이	AMBIGUOUS	PROCESS	KEEP_AS_DISTINCT	EMPTY	GPT_004A_KEEP_AS_DISTINCT_PROCESS	NOT_APPROVED
762	fe14e0093ee04bd80e96dba824d62f7cddc5f65c4803a3d5a070c10b3688ea31	0512	토질오염방지	AMBIGUOUS	TASK	KEEP_AS_DISTINCT	EMPTY	GPT_004A_KEEP_AS_DISTINCT_TASK	NOT_APPROVED
763	c90535dfced387abf8814c7a9311b392d10b7a6d411984a519fe08b5b3389952	0513	대기오염방지	AMBIGUOUS	TASK	KEEP_AS_DISTINCT	EMPTY	GPT_004A_KEEP_AS_DISTINCT_TASK	NOT_APPROVED
764	6b98c55b95ef67225dc5e60dafc62dac211de4a4e317166a6937ba849ddd044c	0514	소음진동방지	AMBIGUOUS	TASK	KEEP_AS_DISTINCT	EMPTY	GPT_004A_KEEP_AS_DISTINCT_TASK	NOT_APPROVED
765	4705c1650e12c7bfb189fdaa6187d4c94abf2d53b2a7eb7383e671d16778a3d8	0515	도로오염방지 - - 대․중․소 분류대․중․소 분류	AMBIGUOUS	TASK	KEEP_AS_DISTINCT	EMPTY	GPT_004A_KEEP_AS_DISTINCT_TASK	NOT_APPROVED
766	4a86575867587e78ac98e55b9e7a45b49b4bcf97e6056fc635ced680177d710e	0516	폐기물처리	AMBIGUOUS	TASK	KEEP_AS_DISTINCT	EMPTY	GPT_004A_KEEP_AS_DISTINCT_TASK	NOT_APPROVED
767	8991851d6e91913b348bda70bbe5310099b1634184b6c7e935a2b9aedc34ade5	0581	현장상시정리	AMBIGUOUS	TASK	KEEP_AS_DISTINCT	EMPTY	GPT_004A_KEEP_AS_DISTINCT_TASK	NOT_APPROVED
768	7851f1c58a4c542e5d6567903a3ef0a0deb196a6ee1d620b81b70ddfbb51822d	0582	정기안전점검	AMBIGUOUS	TASK	KEEP_AS_DISTINCT	EMPTY	GPT_004A_KEEP_AS_DISTINCT_TASK	NOT_APPROVED
769	e8c74db54d3a551f23c4577cfc70fcb6bc10cb46b81ce763a2890715ca0ec642	0583	사후환경평가	AMBIGUOUS	TASK	KEEP_AS_DISTINCT	EMPTY	GPT_004A_KEEP_AS_DISTINCT_TASK	NOT_APPROVED
770	d8577db875314f8d0b83fef0e193ce811d7df883364fcbea9144df423df23142	0584	구조물건전성평가	AMBIGUOUS	TASK	KEEP_AS_DISTINCT	EMPTY	GPT_004A_KEEP_AS_DISTINCT_TASK	NOT_APPROVED
771	18184b759a171d0066238e9366aac343d9fa1f4d74c4b58590d60cd50d490266	0587	준공관련시설물	AMBIGUOUS	FACILITY_EQUIPMENT	REJECT	EMPTY	GPT_004A_REJECT_FACILITY_EQUIPMENT	NOT_APPROVED
772	d6698a06f1e3bf822e9717dd86e909193fc33440819d2f9e88390e116c54f66e	0588	준공정리	AMBIGUOUS	TASK	KEEP_AS_DISTINCT	EMPTY	GPT_004A_KEEP_AS_DISTINCT_TASK	NOT_APPROVED
773	441979902b2202720ad7a0ea87f9f5eda005bc049f51379efbf26939ba8099e8	0612	회항비	AMBIGUOUS	CLASSIFICATION	REJECT	EMPTY	GPT_004A_REJECT_CLASSIFICATION	NOT_APPROVED
774	aa66500831fc6b4a8a836983bf39edb7af44b7958f3e5220c809d812eb7bc8ed	0613	대피비	AMBIGUOUS	CLASSIFICATION	REJECT	EMPTY	GPT_004A_REJECT_CLASSIFICATION	NOT_APPROVED
775	17cb50f5a89c5008a6460c28ab52bc25f00cabfb68e385568b19ec85b0518173	0622	크레인	AMBIGUOUS	FACILITY_EQUIPMENT	REJECT	EMPTY	GPT_004A_REJECT_FACILITY_EQUIPMENT	NOT_APPROVED
776	a556cb730bbf7f17ea0756044b1fcc424e5a5d97a1467aabb05adf1776e9546e	0623	리프트	AMBIGUOUS	FACILITY_EQUIPMENT	REJECT	EMPTY	GPT_004A_REJECT_FACILITY_EQUIPMENT	NOT_APPROVED
777	682f6620e926491ab9cd5d739b63a9baea6ef0ce5882a8f75a0b1e825373ab40	0624	윈치	AMBIGUOUS	FACILITY_EQUIPMENT	REJECT	EMPTY	GPT_004A_REJECT_FACILITY_EQUIPMENT	NOT_APPROVED
778	895eeb81212549c6dc8a4390314547fad775ea57b32d38face26b74183830c01	0631	콘크리트운반장비	AMBIGUOUS	FACILITY_EQUIPMENT	REJECT	EMPTY	GPT_004A_REJECT_FACILITY_EQUIPMENT	NOT_APPROVED
779	d0c69ffb8690c7e38a2242a857eb6944223fca2af0a1cffda9ce0d2b85c2faf8	0632	콘크리트믹서트럭	AMBIGUOUS	FACILITY_EQUIPMENT	REJECT	EMPTY	GPT_004A_REJECT_FACILITY_EQUIPMENT	NOT_APPROVED
780	da564d63315c2bf0b0cd852cf3496eb53ccff8897f55d84bc9423a74b1586271	0633	덤프트럭	AMBIGUOUS	FACILITY_EQUIPMENT	REJECT	EMPTY	GPT_004A_REJECT_FACILITY_EQUIPMENT	NOT_APPROVED
781	91a305afe75944682e576e3b2c389ebb1689e52b9e9738427c243078b0761cb1	0634	콘크리트타워	AMBIGUOUS	FACILITY_EQUIPMENT	REJECT	EMPTY	GPT_004A_REJECT_FACILITY_EQUIPMENT	NOT_APPROVED
782	15e9f9088b22a7590988ec33f1ef01ad96ca3dd36e842f2ebd509d79e442433f	0635	벨트컨베이어	AMBIGUOUS	FACILITY_EQUIPMENT	REJECT	EMPTY	GPT_004A_REJECT_FACILITY_EQUIPMENT	NOT_APPROVED
783	7c578b32bf104a5808e691677e6f8acf66913308c047d4616a63bcf844c96993	0712	기초공사	AMBIGUOUS	CLASSIFICATION	REJECT	EMPTY	GPT_004A_REJECT_CLASSIFICATION	NOT_APPROVED
784	137134e5cc054298d3ca056c353a5cd60ce45f895f8c63e86870e453cc7ea7d0	0713	콘크리트공사	AMBIGUOUS	CLASSIFICATION	REJECT	EMPTY	GPT_004A_REJECT_CLASSIFICATION	NOT_APPROVED
785	37a04b721c7f363fecb1d97db60f7424f6d5654d6d8285af090a90eb0c438cbb	0714	철강구조물공사	AMBIGUOUS	CLASSIFICATION	REJECT	EMPTY	GPT_004A_REJECT_CLASSIFICATION	NOT_APPROVED
786	9c996229eb2cbd5fe3ef8581e160db45cbb843a0872d9a6ff30922513a3efbbd	0722	철도	AMBIGUOUS	CLASSIFICATION	REJECT	EMPTY	GPT_004A_REJECT_CLASSIFICATION	NOT_APPROVED
787	aa515a7df17f23a84eac346215c5e4e0373efebc143d66ccf43d6e0ba7e00ceb	0723	교량	AMBIGUOUS	CLASSIFICATION	REJECT	EMPTY	GPT_004A_REJECT_CLASSIFICATION	NOT_APPROVED
788	1d8a0dd35ed41f27789717fa2d2e090798040c6af9a0b55c4f8ed409e7b28738	0724	터널	AMBIGUOUS	CLASSIFICATION	REJECT	EMPTY	GPT_004A_REJECT_CLASSIFICATION	NOT_APPROVED
789	e544fbf56fc5cb78067142727c5d8c160c06b049d8c285c7807dcc3c4e4927b1	0725	수공구조물공사	AMBIGUOUS	CLASSIFICATION	REJECT	EMPTY	GPT_004A_REJECT_CLASSIFICATION	NOT_APPROVED
790	dfc7f505fe4447aec4c4fc57694f409019409446217c37c83747e5892feb0467	0726	배관및배수	AMBIGUOUS	CLASSIFICATION	REJECT	EMPTY	GPT_004A_REJECT_CLASSIFICATION	NOT_APPROVED
791	fd0eb7c13728615a9ea812b87c7d95d98c5d63a3122b5aa7abf45d0991c0f583	0731	조적및목구조공사	AMBIGUOUS	CLASSIFICATION	REJECT	EMPTY	GPT_004A_REJECT_CLASSIFICATION	NOT_APPROVED
792	acd2dd88d3a7f79d4f9b9a27263c081536c90cb1bd55ae04d124d71257a18416	0732	방수 단열 지붕공사	AMBIGUOUS	CLASSIFICATION	REJECT	EMPTY	GPT_004A_REJECT_CLASSIFICATION	NOT_APPROVED
793	99db583324eee570c28ea6cbd93bd6edf4dc3039cd5366c8e99cd2e67b507a49	0733	마감공사	AMBIGUOUS	CLASSIFICATION	REJECT	EMPTY	GPT_004A_REJECT_CLASSIFICATION	NOT_APPROVED
794	3769048f47b3f0c13e0e0928ba93e2aba1ed6286f095f12d0d129d5683cad0de	0852	말뚝기초	AMBIGUOUS	CLASSIFICATION	REJECT	EMPTY	GPT_004A_REJECT_CLASSIFICATION	NOT_APPROVED
795	d065a47a3908d0eebd6d7ceb321d3074fdcfee6e6710f6a90d90218877502b07	0853	시멘트및혼화제	AMBIGUOUS	MATERIAL_COMPONENT	REJECT	EMPTY	GPT_004A_REJECT_MATERIAL_COMPONENT	NOT_APPROVED
796	278c05df2ac0decdf6f009682cf907f60f26a38f00023eccd80d191b271009b5	0854	콘크리트및골재	AMBIGUOUS	MATERIAL_COMPONENT	REJECT	EMPTY	GPT_004A_REJECT_MATERIAL_COMPONENT	NOT_APPROVED
797	fcb3383f6074215c8d17cc9e4a52d63f3ee1bf464cce685d8f35bcef1e458165	0855	콘크리트보강재	AMBIGUOUS	MATERIAL_COMPONENT	REJECT	EMPTY	GPT_004A_REJECT_MATERIAL_COMPONENT	NOT_APPROVED
798	5e967a9bb771a0e440b88ff43dac5fc0bf21040c8359151dd7c9458c6f04e239	0856	철골구조	AMBIGUOUS	CLASSIFICATION	REJECT	EMPTY	GPT_004A_REJECT_CLASSIFICATION	NOT_APPROVED
799	5742ad6cb205bb69c89ff703ba005c5429164d9413f21a42054bea9f11143cff	0857	조적구조	AMBIGUOUS	CLASSIFICATION	REJECT	EMPTY	GPT_004A_REJECT_CLASSIFICATION	NOT_APPROVED
800	d091f6295ec2475cc94993bee05c6f0f721b9074b53b22cc03370f934bb1d5cb	0858	목구조	AMBIGUOUS	CLASSIFICATION	REJECT	EMPTY	GPT_004A_REJECT_CLASSIFICATION	NOT_APPROVED
801	33fe1a5500ee99da4168f0913b81db47fb3884bac8268a867547259286b97434	0863	단열및방화	AMBIGUOUS	CLASSIFICATION	REJECT	EMPTY	GPT_004A_REJECT_CLASSIFICATION	NOT_APPROVED
802	d56c254319d6892082e2382707fb1b87877be14aca1eeb6593bf5752fa513d90	0865	진동및방음	AMBIGUOUS	CLASSIFICATION	REJECT	EMPTY	GPT_004A_REJECT_CLASSIFICATION	NOT_APPROVED
803	ad18c73748366b357ead99233c6b9b4a20a708450d1be9dcf91920195b34531e	0867	지붕및기와	AMBIGUOUS	CLASSIFICATION	REJECT	EMPTY	GPT_004A_REJECT_CLASSIFICATION	NOT_APPROVED
804	51651ac306c3e8f4250a4859298036d4bccc4246fb36a38e70be7c06a13ec3e3	0871	미장	AMBIGUOUS	CLASSIFICATION	REJECT	EMPTY	GPT_004A_REJECT_CLASSIFICATION	NOT_APPROVED
805	9f6eb45c3b5c59ebe78cb84649b56db72c4f8ca1a1c67de63b64911aa2d81e27	0872	타일	AMBIGUOUS	CLASSIFICATION	REJECT	EMPTY	GPT_004A_REJECT_CLASSIFICATION	NOT_APPROVED
806	85d950e4cacf7399169cf312cdc3f065801a10f4fc1c5eb9ade836597787803a	0873	수장	AMBIGUOUS	CLASSIFICATION	REJECT	EMPTY	GPT_004A_REJECT_CLASSIFICATION	NOT_APPROVED
807	89c29afc29daae71f92a907a9ecfe43c085cf3f6c4751d639ea234f93ba14df6	0875	도장	AMBIGUOUS	CLASSIFICATION	REJECT	EMPTY	GPT_004A_REJECT_CLASSIFICATION	NOT_APPROVED
808	d8ee30afb93bcdd50ea11972ddca50b0076e63ad9c729226d98b23d2c08e6450	0876	창호	AMBIGUOUS	CLASSIFICATION	REJECT	EMPTY	GPT_004A_REJECT_CLASSIFICATION	NOT_APPROVED
809	d720d731457ccc41b0a90bb636009192aa013084e640f3cdff19012c74940f57	0877	금속재	AMBIGUOUS	MATERIAL_COMPONENT	REJECT	EMPTY	GPT_004A_REJECT_MATERIAL_COMPONENT	NOT_APPROVED
810	7c80c28751216d624b74caa9c2bae11d2eab68078c033ae4b0cc86f5efbc9183	1112	각측정	AMBIGUOUS	TASK	KEEP_AS_DISTINCT	EMPTY	GPT_004A_KEEP_AS_DISTINCT_TASK	NOT_APPROVED
811	366e31335635ef59be1346a774572750f9a2a06df8459b37678c6890f681c690	1113	기준점측량	AMBIGUOUS	TASK	KEEP_AS_DISTINCT	EMPTY	GPT_004A_KEEP_AS_DISTINCT_TASK	NOT_APPROVED
812	f6ed5adc3fa80738b471dd37064ce68efea2f786dae828f634adb9ecf10e4808	1114	삼각측량	AMBIGUOUS	TASK	KEEP_AS_DISTINCT	EMPTY	GPT_004A_KEEP_AS_DISTINCT_TASK	NOT_APPROVED
813	17166a268e1bd3860915a9b947f16a61ec740928164a34311062cbeef21a7745	1115	다각측량	AMBIGUOUS	TASK	KEEP_AS_DISTINCT	EMPTY	GPT_004A_KEEP_AS_DISTINCT_TASK	NOT_APPROVED
814	867795296d9312583bc7fc3285396223350a31f50a749de01609c947373be536	1116	수준측량	AMBIGUOUS	TASK	KEEP_AS_DISTINCT	EMPTY	GPT_004A_KEEP_AS_DISTINCT_TASK	NOT_APPROVED
815	c8ea7fe8c718e2e8edf33c9cfeb120275090a5eddd2c382d04b7d340170a0558	1117	사진측량	AMBIGUOUS	TASK	KEEP_AS_DISTINCT	EMPTY	GPT_004A_KEEP_AS_DISTINCT_TASK	NOT_APPROVED
816	21e8cd3229230eba23571658c2dcb262a171d4f06c5753cfc2ab4dc123d5dece	1118	수심측량	AMBIGUOUS	TASK	KEEP_AS_DISTINCT	EMPTY	GPT_004A_KEEP_AS_DISTINCT_TASK	NOT_APPROVED
817	ea6e64ec2fa399aa163ce98eac6fa1f735644e3dea108c5cd2a93601cd0ea998	1122	지성선	AMBIGUOUS	CLASSIFICATION	REJECT	EMPTY	GPT_004A_REJECT_CLASSIFICATION	NOT_APPROVED
818	074aac1140c29860501e6354515e0506624b9fb05b3c6bc4d105c1b2b7b72c6b	1131	하천	AMBIGUOUS	CLASSIFICATION	REJECT	EMPTY	GPT_004A_REJECT_CLASSIFICATION	NOT_APPROVED
819	c2854d05005a75df5c99b93c3d89e5881162cbc45dd550503dbd5cc930f769b3	1132	운하	AMBIGUOUS	CLASSIFICATION	REJECT	EMPTY	GPT_004A_REJECT_CLASSIFICATION	NOT_APPROVED
820	7c105303e04f296145faf9f41176c9540b2bf6315289db320000592138fbb27c	1133	항만	AMBIGUOUS	CLASSIFICATION	REJECT	EMPTY	GPT_004A_REJECT_CLASSIFICATION	NOT_APPROVED
821	0ce2406906faf7a17a3ec8c9469f519d0062a9c6f17f4efd1ff8f9297eea8629	1134	해양	AMBIGUOUS	CLASSIFICATION	REJECT	EMPTY	GPT_004A_REJECT_CLASSIFICATION	NOT_APPROVED
822	ad800edcc9229da36ae043e074f3cd3552a283682f114fed33586502d2903c60	1141	도로	AMBIGUOUS	CLASSIFICATION	REJECT	EMPTY	GPT_004A_REJECT_CLASSIFICATION	NOT_APPROVED
823	b05533f42f063fe77b2a994cb83eb2a077bdc1dd6aad0a5d3d414a5fbc92d854	1142	철도및지하철	AMBIGUOUS	CLASSIFICATION	REJECT	EMPTY	GPT_004A_REJECT_CLASSIFICATION	NOT_APPROVED
824	7fd6b99cffec0d78750b1a2cbf92a691dc015087a703044e142037d7f8970d65	1143	시가지도로	AMBIGUOUS	CLASSIFICATION	REJECT	EMPTY	GPT_004A_REJECT_CLASSIFICATION	NOT_APPROVED
825	0dfa1badad7678a95a86121396fa31617b6d68f1e1148dfb777d0f31be181475	1144	수로	AMBIGUOUS	CLASSIFICATION	REJECT	EMPTY	GPT_004A_REJECT_CLASSIFICATION	NOT_APPROVED
826	cbefccf2bc24c75934300f9d249d63e48b1dd921fbecf64044a94ce84bdcd36f	1145	전기	AMBIGUOUS	CLASSIFICATION	REJECT	EMPTY	GPT_004A_REJECT_CLASSIFICATION	NOT_APPROVED
827	3c17f2a1cf54edb7ceddf31899f5cf2f71a78953fadfb7dcad2ec59fcb1e110c	1146	상수도	AMBIGUOUS	CLASSIFICATION	REJECT	EMPTY	GPT_004A_REJECT_CLASSIFICATION	NOT_APPROVED
828	e173694552c6d5ba47ce682ee3c2ec8c54493942d70f1209976812ce8c9f4b97	1147	하수도	AMBIGUOUS	CLASSIFICATION	REJECT	EMPTY	GPT_004A_REJECT_CLASSIFICATION	NOT_APPROVED
829	01bc206eaab3fdc8148c4352d8c2365729b6af29fea47a3c5f25cef1bc0571c9	1148	통신	AMBIGUOUS	CLASSIFICATION	REJECT	EMPTY	GPT_004A_REJECT_CLASSIFICATION	NOT_APPROVED
830	a7478945a3c2a54c997fdda1d2c03661cede250def51bf2e2aee37fa8e896b6a	1149	가스및송유관	AMBIGUOUS	CLASSIFICATION	REJECT	EMPTY	GPT_004A_REJECT_CLASSIFICATION	NOT_APPROVED
831	9023bd55bd21ba3ee334096a753fb7a7fcdef16c5a2b7810321e087ab2bec51f	1151	신규등록측량	AMBIGUOUS	TASK	KEEP_AS_DISTINCT	EMPTY	GPT_004A_KEEP_AS_DISTINCT_TASK	NOT_APPROVED
832	863a4845003c74863d27b360f51f23419cb8627cc24c763147ec4449ee8d1639	1152	등록전환측량 - - 대․중․소 분류대․중․소 분류	AMBIGUOUS	TASK	KEEP_AS_DISTINCT	EMPTY	GPT_004A_KEEP_AS_DISTINCT_TASK	NOT_APPROVED
833	fd79e39144c800f2a4790b485bce70bf7bdbdbbfe027573d944d1c85dbd42006	1153	분할측량	AMBIGUOUS	TASK	KEEP_AS_DISTINCT	EMPTY	GPT_004A_KEEP_AS_DISTINCT_TASK	NOT_APPROVED
834	0e79528589534846b7e0e42d4727068217662631e0b13461979fcdb7ba60eb2b	1154	경계복원측량	AMBIGUOUS	TASK	KEEP_AS_DISTINCT	EMPTY	GPT_004A_KEEP_AS_DISTINCT_TASK	NOT_APPROVED
835	f5958aa1767dccd8f5f4d5c91972a1cd5463ccbd677c8ecefa9fac87dea34f43	1155	지적확정측량	AMBIGUOUS	TASK	KEEP_AS_DISTINCT	EMPTY	GPT_004A_KEEP_AS_DISTINCT_TASK	NOT_APPROVED
836	83bbfa12f86b4d6235338d2b33af17a5f2300b326224458b18a05e437ef1f7c0	1161	벤치마킹설치	AMBIGUOUS	TASK	KEEP_AS_DISTINCT	EMPTY	GPT_004A_KEEP_AS_DISTINCT_TASK	NOT_APPROVED
837	22ff1e6633abf6b69697eb3cad71e6b559bfc008f4503b17fd51bef27ac9e975	1162	중심선측량	AMBIGUOUS	TASK	KEEP_AS_DISTINCT	EMPTY	GPT_004A_KEEP_AS_DISTINCT_TASK	NOT_APPROVED
838	272b10f1c6dbae52bdcbc102edb066fe926cf4307298b0b71cd891e0536add94	1163	종단측량	AMBIGUOUS	TASK	KEEP_AS_DISTINCT	EMPTY	GPT_004A_KEEP_AS_DISTINCT_TASK	NOT_APPROVED
839	ff40f94bb58e9e0d366d0e661f0c15190cfb9cc9b445fb9d27899ed79a8414b3	1164	횡단측량	AMBIGUOUS	TASK	KEEP_AS_DISTINCT	EMPTY	GPT_004A_KEEP_AS_DISTINCT_TASK	NOT_APPROVED
840	a82fbe172390f460b6c01e7dd48aa225d4628afe0ca63ea82b59b1ba1a3c5223	1165	면체적측량	AMBIGUOUS	TASK	KEEP_AS_DISTINCT	EMPTY	GPT_004A_KEEP_AS_DISTINCT_TASK	NOT_APPROVED
841	89b677f0116bc8a3383e05f84ae8d76f9b7c6a880e06bc49598f4761083e263d	1166	공사측량	AMBIGUOUS	TASK	KEEP_AS_DISTINCT	EMPTY	GPT_004A_KEEP_AS_DISTINCT_TASK	NOT_APPROVED
842	4c5f039a18e64b1e07c729bda0f3ba5f651607d82655f257e799c3e70c80c1d9	1167	표줄	AMBIGUOUS	FACILITY_EQUIPMENT	REJECT	EMPTY	GPT_004A_REJECT_FACILITY_EQUIPMENT	NOT_APPROVED
843	9d258dec8c7d8087ca2bbcdba420d04f341e746128467f046190d6487769c28d	1168	규준틀	AMBIGUOUS	FACILITY_EQUIPMENT	REJECT	EMPTY	GPT_004A_REJECT_FACILITY_EQUIPMENT	NOT_APPROVED
844	10e43d2a9565d700c18e98a2120a8c8ccbe0b381228bb11397ac118acaa1fb5e	1191	시가지측량	AMBIGUOUS	TASK	KEEP_AS_DISTINCT	EMPTY	GPT_004A_KEEP_AS_DISTINCT_TASK	NOT_APPROVED
845	1d286fe54537d99bc8ac449a6249c955ffc555142faf11d094309646e89621ed	1192	건축측량	AMBIGUOUS	TASK	KEEP_AS_DISTINCT	EMPTY	GPT_004A_KEEP_AS_DISTINCT_TASK	NOT_APPROVED
846	8c01406e00a48cf8c6b1aa65908f6e2fad9c2b2e218f5b61b277db1911ac80de	1193	터널및광산측량	AMBIGUOUS	TASK	KEEP_AS_DISTINCT	EMPTY	GPT_004A_KEEP_AS_DISTINCT_TASK	NOT_APPROVED
847	58ec2856c183163ab9e772aa63434e9c34075781cae00d4ddc8a1fca81847a3d	1194	농지및삼림측량	AMBIGUOUS	TASK	KEEP_AS_DISTINCT	EMPTY	GPT_004A_KEEP_AS_DISTINCT_TASK	NOT_APPROVED
848	19435a958f56e3f10ea8696e85ecb4d2218c80038b5a584840298cbd120196a6	1212	지중수직변위계	AMBIGUOUS	FACILITY_EQUIPMENT	REJECT	EMPTY	GPT_004A_REJECT_FACILITY_EQUIPMENT	NOT_APPROVED
849	3586bdaf44fa44961709fbde3c189f187ce7989ac53839cf28cde4eeb153057b	1213	지하수측정	AMBIGUOUS	TASK	KEEP_AS_DISTINCT	EMPTY	GPT_004A_KEEP_AS_DISTINCT_TASK	NOT_APPROVED
850	594198446a54a3b31eb868729e2d90b64df550649160d32c0440273567d0be59	1214	인접구조물경사도및균열측정	AMBIGUOUS	TASK	KEEP_AS_DISTINCT	EMPTY	GPT_004A_KEEP_AS_DISTINCT_TASK	NOT_APPROVED
851	4fed674196f34d6c95fdddf668335f769f87c10b06965995b6a4512612e5509b	1215	토압측정(PressureCell)	AMBIGUOUS	TASK	KEEP_AS_DISTINCT	EMPTY	GPT_004A_KEEP_AS_DISTINCT_TASK	NOT_APPROVED
852	21cee60705cc9ff1339358f5b06188fc96258893110c269f3633a9deacd75654	1216	응력측정(StrainGauge)	AMBIGUOUS	TASK	KEEP_AS_DISTINCT	EMPTY	GPT_004A_KEEP_AS_DISTINCT_TASK	NOT_APPROVED
853	c27e625eaef42f278cc71eaeb75568e70a0244effe607a1e5241e4b86c8d0bf9	1217	하중측정(LoadCell)	AMBIGUOUS	TASK	KEEP_AS_DISTINCT	EMPTY	GPT_004A_KEEP_AS_DISTINCT_TASK	NOT_APPROVED
854	4661d53a68f0fb7380e30488c4caca171086dbb8d40356480fa7a6b72aa4c17d	1218	진동소음측정	AMBIGUOUS	TASK	KEEP_AS_DISTINCT	EMPTY	GPT_004A_KEEP_AS_DISTINCT_TASK	NOT_APPROVED
855	add347cec12a08c7e8afcef54216d162327efc360d779ba471c699d3f727bc8b	1221	구조체정적계측	AMBIGUOUS	TASK	KEEP_AS_DISTINCT	EMPTY	GPT_004A_KEEP_AS_DISTINCT_TASK	NOT_APPROVED
856	62c40ab49ffebadda5db8d0ee88ad789c6dd22dd16a5132d72c8d2d90a4e793d	1222	동적계측	AMBIGUOUS	TASK	MERGE_CANDIDATE	2475027daba149f900315ad926df730d26003b1bd51bf7ee39a48146edeea87f	GPT_004A_MERGE_CANDIDATE_TASK	NOT_APPROVED
857	8954d694c3105cb6a2233d7e232ce2d44e129c75e8fb57d0f1c7899bd07229b1	1223	하중측정	AMBIGUOUS	TASK	KEEP_AS_DISTINCT	EMPTY	GPT_004A_KEEP_AS_DISTINCT_TASK	NOT_APPROVED
858	2d61fcf70c656e1ae9cf185ddc8d1ec374676b60bbde7c041d17ad4c9e5b26a5	1227	누수량측정	AMBIGUOUS	TASK	KEEP_AS_DISTINCT	EMPTY	GPT_004A_KEEP_AS_DISTINCT_TASK	NOT_APPROVED
859	ec1c0f65612471640bd749d46ee16ded90b40c88145b3557e0c25a301545ab53	1231	터널내공변위측정	AMBIGUOUS	TASK	KEEP_AS_DISTINCT	EMPTY	GPT_004A_KEEP_AS_DISTINCT_TASK	NOT_APPROVED
860	0fd47bfec64ccbfd34ee953bc9049fa0357d73b60693c52e7b0f9e0b188e65e8	1232	터널천단침하측정	AMBIGUOUS	TASK	KEEP_AS_DISTINCT	EMPTY	GPT_004A_KEEP_AS_DISTINCT_TASK	NOT_APPROVED
861	38fcbc6aab298f5ed9ab361654e791df457b8fea8389c5e448504bae4e6558ff	1233	터널내지중변위측정	AMBIGUOUS	TASK	KEEP_AS_DISTINCT	EMPTY	GPT_004A_KEEP_AS_DISTINCT_TASK	NOT_APPROVED
862	788bda6c738a531989a276971effe211068dd4f65972e73a7e6ab674da4de583	1236	지표및지중침하측정	AMBIGUOUS	TASK	KEEP_AS_DISTINCT	EMPTY	GPT_004A_KEEP_AS_DISTINCT_TASK	NOT_APPROVED
863	d7123ec074a619371c8f7ca767b14e6c82814fecebab9a1f97703305c9eb0c8a	1241	교량정적계측	AMBIGUOUS	TASK	KEEP_AS_DISTINCT	EMPTY	GPT_004A_KEEP_AS_DISTINCT_TASK	NOT_APPROVED
864	2475027daba149f900315ad926df730d26003b1bd51bf7ee39a48146edeea87f	1242	동적계측	AMBIGUOUS	TASK	MERGE_CANDIDATE	62c40ab49ffebadda5db8d0ee88ad789c6dd22dd16a5132d72c8d2d90a4e793d	GPT_004A_MERGE_CANDIDATE_TASK	NOT_APPROVED
865	e2f9c0a47a188bd3e9afbc01403ccfee9ae802692ae1edb3c860e9b09b4d2144	1251	댐체변위측정계	AMBIGUOUS	FACILITY_EQUIPMENT	REJECT	EMPTY	GPT_004A_REJECT_FACILITY_EQUIPMENT	NOT_APPROVED
866	ad3f09ec3b064a37331a7ea6862fe0c76b36bbcb941d3de033eb617f595c03bf	1252	콘크리트및이음변형측정계	AMBIGUOUS	FACILITY_EQUIPMENT	REJECT	EMPTY	GPT_004A_REJECT_FACILITY_EQUIPMENT	NOT_APPROVED
867	2c58a3839430ba89e9cdb5a019c74b188361d8c19e210965a831e3f59bbca50b	1253	침하측정점	AMBIGUOUS	FACILITY_EQUIPMENT	REJECT	EMPTY	GPT_004A_REJECT_FACILITY_EQUIPMENT	NOT_APPROVED
868	2fbc9dd370b7cb71c0e468e4293b7b9e2f073b6bde7bd3b24c5755dcd5d8da19	1254	지진계	AMBIGUOUS	FACILITY_EQUIPMENT	REJECT	EMPTY	GPT_004A_REJECT_FACILITY_EQUIPMENT	NOT_APPROVED
869	1c72ebef5c2d65388c3ddb014069cc986daf2ec44f20904c5f3a9183c8921caf	1255	누수량측정장치	AMBIGUOUS	FACILITY_EQUIPMENT	REJECT	EMPTY	GPT_004A_REJECT_FACILITY_EQUIPMENT	NOT_APPROVED
870	03ed798a7ca7bcf1f6ead3c3e07935eceac9b8c240dc61b8cb5c38abca290cb4	1256	수위측정기	AMBIGUOUS	FACILITY_EQUIPMENT	REJECT	EMPTY	GPT_004A_REJECT_FACILITY_EQUIPMENT	NOT_APPROVED
871	75349ef18df91e43f4573dc76107168b4c0279fbdee573aba1e7872edd6ae5dc	1258	댐계측관련설비	AMBIGUOUS	FACILITY_EQUIPMENT	REJECT	EMPTY	GPT_004A_REJECT_FACILITY_EQUIPMENT	NOT_APPROVED
872	520952ce4790bd31f9a140cf97f83798652a78ac8ccbfa7922d1b477c79ea67a	1321	충격식(Percussion)시추	AMBIGUOUS	METHOD	REJECT	EMPTY	GPT_004A_REJECT_METHOD	NOT_APPROVED
873	026f14acf6f05aeb4b0b2457ac0b26874163d4183ab1b42445c4c311b68e0415	1322	회전식(Rotary)시추	AMBIGUOUS	METHOD	REJECT	EMPTY	GPT_004A_REJECT_METHOD	NOT_APPROVED
874	94a3d696ab8557aa3c9ae822d0aa2f3fcf4158f89f088fd7ad70599a62e97add	1331	지표면 시험굴착시료	AMBIGUOUS	MATERIAL_COMPONENT	REJECT	EMPTY	GPT_004A_REJECT_MATERIAL_COMPONENT	NOT_APPROVED
875	461b0e7f4416f4d1fec97447a5f907284cdf8f2dd8240cd809400d1bbe1983a9	1341	일반현장시험	AMBIGUOUS	TASK	KEEP_AS_DISTINCT	EMPTY	GPT_004A_KEEP_AS_DISTINCT_TASK	NOT_APPROVED
876	4a888ce934d31b952cc6e92fd855cfbaa3919f44b75bad996fb7a77268e83460	1342	압밀시험	AMBIGUOUS	TASK	KEEP_AS_DISTINCT	EMPTY	GPT_004A_KEEP_AS_DISTINCT_TASK	NOT_APPROVED
877	adddc21bf5450b6798cab918b1ee6180c209cef931142ced751518c2b0cdc34f	1343	다짐시험	AMBIGUOUS	TASK	KEEP_AS_DISTINCT	EMPTY	GPT_004A_KEEP_AS_DISTINCT_TASK	NOT_APPROVED
878	1802b1e6210b12b8b11be2dbe42d4b12cae724173c9f54699659d6c35396593a	1344	사운딩시험	AMBIGUOUS	TASK	KEEP_AS_DISTINCT	EMPTY	GPT_004A_KEEP_AS_DISTINCT_TASK	NOT_APPROVED
879	7b789afa3719abf2b91e2757a07e16b7d4daf54a074be1a4cb23c8016985d8d8	1351	일반실내실험	AMBIGUOUS	TASK	KEEP_AS_DISTINCT	EMPTY	GPT_004A_KEEP_AS_DISTINCT_TASK	NOT_APPROVED
880	2fa82bbbced6909086b5430cd0d7ec8f7ae730ca721d993c091ac50b4e9094ba	1352	화학성분실험	AMBIGUOUS	TASK	KEEP_AS_DISTINCT	EMPTY	GPT_004A_KEEP_AS_DISTINCT_TASK	NOT_APPROVED
881	e65a7079316e9df82e193739b85e047e2449ebe88c573bd854d3b1b813f56c6b	1353	실내다짐도실험	AMBIGUOUS	TASK	KEEP_AS_DISTINCT	EMPTY	GPT_004A_KEEP_AS_DISTINCT_TASK	NOT_APPROVED
882	faea9bcdf0da2edcf648ec58d9a32de49dccc9a84afbd8fd222c53eb0538c7d3	1354	투수시험	AMBIGUOUS	TASK	KEEP_AS_DISTINCT	EMPTY	GPT_004A_KEEP_AS_DISTINCT_TASK	NOT_APPROVED
883	15590fd1a3d77a2acdf349b51426de45e16cdcd54934639eba0f88e065e61d00	1355	흙의강도시험	AMBIGUOUS	TASK	KEEP_AS_DISTINCT	EMPTY	GPT_004A_KEEP_AS_DISTINCT_TASK	NOT_APPROVED
884	813ceeca0d9ebde19282f666b9766b1ee60f9caebdfb0d22fb3135dd98f8e370	1356	토사류기타시험	AMBIGUOUS	TASK	KEEP_AS_DISTINCT	EMPTY	GPT_004A_KEEP_AS_DISTINCT_TASK	NOT_APPROVED
885	93b7e4f04bcdc6f88458155e5ca5a8ec483bff623dc04598dd2e6d67fd7a8fcc	1361	암석시험	AMBIGUOUS	TASK	KEEP_AS_DISTINCT	EMPTY	GPT_004A_KEEP_AS_DISTINCT_TASK	NOT_APPROVED
886	c8061fe1b0cde092d02577f47deddf36d9b4d35919226e6a9c975c02e33143ab	1362	암반시험	AMBIGUOUS	TASK	KEEP_AS_DISTINCT	EMPTY	GPT_004A_KEEP_AS_DISTINCT_TASK	NOT_APPROVED
887	38c42d1ed0e5ed2435a0f0ca1600ccf44eede48d6d6a50ad5835bc2d436a79b3	1812	지장수목이식	AMBIGUOUS	TASK	KEEP_AS_DISTINCT	EMPTY	GPT_004A_KEEP_AS_DISTINCT_TASK	NOT_APPROVED
888	19aa053683c6a3bc0162ecaff2abe4e080bdaea29a1e55391b18c24f4665c516	1813	암지장물제거	AMBIGUOUS	TASK	KEEP_AS_DISTINCT	EMPTY	GPT_004A_KEEP_AS_DISTINCT_TASK	NOT_APPROVED
889	c16126dcb4a9ea1f8bf045eaf227df1e5e32747f20b9acad0b302319d9fcf5e2	1814	설치지장물제거	AMBIGUOUS	TASK	KEEP_AS_DISTINCT	EMPTY	GPT_004A_KEEP_AS_DISTINCT_TASK	NOT_APPROVED
890	3628cd88ff15d37626ab922fa614542bf556cf2cde6f9988537804b5e44a858f	1815	토석제거	AMBIGUOUS	TASK	KEEP_AS_DISTINCT	EMPTY	GPT_004A_KEEP_AS_DISTINCT_TASK	NOT_APPROVED
891	f5f66a89ba3ff5920de3336b57445283f3a950b219067194c9533e768a633e5e	1821	콘크리트구조물철거	AMBIGUOUS	TASK	KEEP_AS_DISTINCT	EMPTY	GPT_004A_KEEP_AS_DISTINCT_TASK	NOT_APPROVED
