batch_no	seed_proposal_key	source_id	source_key	name	semantic_kind_before	semantic_kind_after	semantic_review_decision	merge_candidate_keys	review_basis	gpt_leaf_family_policy	approval_state
401	ff9824b6e41b26da11b586144b505613ffca8363bc0755d44a2968b9828f214d	CIC_W	024	가설편의시설및부대시설	AMBIGUOUS	FACILITY_EQUIPMENT	REJECT	EMPTY	GPT_REVIEW003_REJECT_FACILITY_EQUIPMENT	INSUFFICIENT_EVIDENCE	NOT_APPROVED
402	1c3bb307cae93cbf15913ad1de463ba738c3a0e626efcf33ac51738f79dba326	CIC_W	025	업무용운송시설	AMBIGUOUS	FACILITY_EQUIPMENT	REJECT	EMPTY	GPT_REVIEW003_REJECT_FACILITY_EQUIPMENT	INSUFFICIENT_EVIDENCE	NOT_APPROVED
403	f3c15349fcae137915dd0a4ef583c8820c07c05a831b78176030fbd6f05c0561	CIC_W	026	가설울타리및현장출입문	AMBIGUOUS	FACILITY_EQUIPMENT	REJECT	EMPTY	GPT_REVIEW003_REJECT_FACILITY_EQUIPMENT	INSUFFICIENT_EVIDENCE	NOT_APPROVED
404	a815bdf41ff28fe4298cc171cad5854027bebd49424dd8696ce9c26a973664b0	CIC_W	027	가설안내시설및표지판	AMBIGUOUS	FACILITY_EQUIPMENT	REJECT	EMPTY	GPT_REVIEW003_REJECT_FACILITY_EQUIPMENT	INSUFFICIENT_EVIDENCE	NOT_APPROVED
405	2e0082852a2db8ea53408291290ddf422f15c6c34de356aa84e71a469fdad94e	CIC_W	031	공사용가설도로	AMBIGUOUS	FACILITY_EQUIPMENT	REJECT	EMPTY	GPT_REVIEW003_REJECT_FACILITY_EQUIPMENT	INSUFFICIENT_EVIDENCE	NOT_APPROVED
406	1faf794d96412b87fde99ab64caf8c154744e198967d20c0f1c58ddb0d9513aa	CIC_W	033	가설흙막이및지보공사	AMBIGUOUS	PROCESS	KEEP_AS_DISTINCT	EMPTY	GPT_REVIEW003_KEEP_AS_DISTINCT_PROCESS	NO_CHILDREN	NOT_APPROVED
407	2a3b1c18afecac6d11341f5c3e392afb441bcc9e41339930c06b45732fd68a8d	CIC_W	034	터널가설	AMBIGUOUS	PROCESS	KEEP_AS_DISTINCT	EMPTY	GPT_REVIEW003_KEEP_AS_DISTINCT_PROCESS	INSUFFICIENT_EVIDENCE	NOT_APPROVED
408	1cc1a8b85cbddf700ba4dfdd0b8f23a7c13078dab2583b7b4d3d1329525a3817	CIC_W	035	교량가설	AMBIGUOUS	PROCESS	KEEP_AS_DISTINCT	EMPTY	GPT_REVIEW003_KEEP_AS_DISTINCT_PROCESS	NO_CHILDREN	NOT_APPROVED
409	da24560ea603b933412864f4de6f9964df311bc9b5436095be4860d483cdfd4c	CIC_W	038	가체절	AMBIGUOUS	PROCESS	KEEP_AS_DISTINCT	EMPTY	GPT_REVIEW003_KEEP_AS_DISTINCT_PROCESS	NO_CHILDREN	NOT_APPROVED
410	ed24e98c7e863a042eefd22723c80c299bacb4544c1c38e6f509bc1c7ee2a835	CIC_W	052	기존도로유지보수	AMBIGUOUS	TASK	MERGE_CANDIDATE	bcb3457f521aca9f8edf395bf60f7596d1925192879e0c6d36a5fdcf1c72e549	GPT_REVIEW003_MERGE_CANDIDATE_TASK	SAFE_SINGLE_KIND_FAMILY	NOT_APPROVED
411	081867ef518cac5ab8d9318cafc4ad2f096ba19d213d854765601e26faf0dc5d	CIC_W	061	장비운반	AMBIGUOUS	TASK	KEEP_AS_DISTINCT	EMPTY	GPT_REVIEW003_KEEP_AS_DISTINCT_TASK	INSUFFICIENT_EVIDENCE	NOT_APPROVED
412	7963b7563731a32fb8bab2a82865269d01f8570d70605bc43a54ed1d8d139cc4	CIC_W	062	인양장비	AMBIGUOUS	FACILITY_EQUIPMENT	REJECT	EMPTY	GPT_REVIEW003_REJECT_FACILITY_EQUIPMENT	INSUFFICIENT_EVIDENCE	NOT_APPROVED
413	dd2d2630af20a9752b6dea540f275cf0669f16129c1a4ce37f34273b65c5d42e	CIC_W	063	운반장비	AMBIGUOUS	FACILITY_EQUIPMENT	REJECT	EMPTY	GPT_REVIEW003_REJECT_FACILITY_EQUIPMENT	INSUFFICIENT_EVIDENCE	NOT_APPROVED
414	6ce4694eec354ac6b29fea9739ac7e4e6974fc89616a2782a6cdb224e48ec1f0	CIC_W	064	토공장비	AMBIGUOUS	FACILITY_EQUIPMENT	REJECT	EMPTY	GPT_REVIEW003_REJECT_FACILITY_EQUIPMENT	NO_CHILDREN	NOT_APPROVED
415	1cd690bfb8905d0e78ba92df29d163d7829be32a0b51c81c9829e1d81f85badb	CIC_W	065	다짐장비	AMBIGUOUS	FACILITY_EQUIPMENT	REJECT	EMPTY	GPT_REVIEW003_REJECT_FACILITY_EQUIPMENT	NO_CHILDREN	NOT_APPROVED
416	10c3bbe0e3db5bdb6a185ea757c245c61be2cbd749355bc6a4a5c906eb7393c1	CIC_W	066	가설플랜트	AMBIGUOUS	FACILITY_EQUIPMENT	REJECT	EMPTY	GPT_REVIEW003_REJECT_FACILITY_EQUIPMENT	NO_CHILDREN	NOT_APPROVED
417	68a6a13a045916245ef12e509acca38e94c0967d340181cbbfc4610b5e30ab16	CIC_W	071	공통품질시험	AMBIGUOUS	PROCESS	KEEP_AS_DISTINCT	EMPTY	GPT_REVIEW003_KEEP_AS_DISTINCT_PROCESS	INSUFFICIENT_EVIDENCE	NOT_APPROVED
418	f22338c2fa2f7baddde670cf1456d4e9c9ce671e9b581c77d50f04b2efeaf4e7	CIC_W	073	건축품질시험	AMBIGUOUS	PROCESS	KEEP_AS_DISTINCT	EMPTY	GPT_REVIEW003_KEEP_AS_DISTINCT_PROCESS	INSUFFICIENT_EVIDENCE	NOT_APPROVED
419	c4d2e53292f7f2dce0706eaac891e670de489055530f5dd638d1ed29cb748c82	CIC_W	074	기계품질시험	AMBIGUOUS	PROCESS	KEEP_AS_DISTINCT	EMPTY	GPT_REVIEW003_KEEP_AS_DISTINCT_PROCESS	NO_CHILDREN	NOT_APPROVED
420	58895943352c99121b8df0e9f379a57cdd394a89d862427afbc6a4074153512c	CIC_W	075	전기품질시험	AMBIGUOUS	PROCESS	KEEP_AS_DISTINCT	EMPTY	GPT_REVIEW003_KEEP_AS_DISTINCT_PROCESS	NO_CHILDREN	NOT_APPROVED
421	c05dbc4276af0b3ca171e2d997a9c6556ab598889996361e4e20771454cc2f03	CIC_W	076	통신품질시험	AMBIGUOUS	PROCESS	KEEP_AS_DISTINCT	EMPTY	GPT_REVIEW003_KEEP_AS_DISTINCT_PROCESS	NO_CHILDREN	NOT_APPROVED
422	e87b2defcb88d58ceb33fa327979423a673675ed305da408d9c5f3db5db049ea	CIC_W	079	기타품질시험	AMBIGUOUS	PROCESS	KEEP_AS_DISTINCT	EMPTY	GPT_REVIEW003_KEEP_AS_DISTINCT_PROCESS	NO_CHILDREN	NOT_APPROVED
423	1334e54083a7fdf3929ec117ec6ea2857c20e0f5841608b2ae56964463f22b40	CIC_W	081	건축선정시험(토공 기초 구조체)	AMBIGUOUS	PROCESS	KEEP_AS_DISTINCT	EMPTY	GPT_REVIEW003_KEEP_AS_DISTINCT_PROCESS	NO_CHILDREN	NOT_APPROVED
424	53574fbec4a3d081b29f7bf7be8dfd6256cedd4d479e6c42bf69c8c400ab1cd7	CIC_W	086	건축관리시험(단열 방수 지붕)	AMBIGUOUS	PROCESS	KEEP_AS_DISTINCT	EMPTY	GPT_REVIEW003_KEEP_AS_DISTINCT_PROCESS	INSUFFICIENT_EVIDENCE	NOT_APPROVED
425	b9a104ea29a952a588fa1c116334c584b8ad1f084910a59ffa693f2e92f290e9	CIC_W	088	건축기계 전기시험	AMBIGUOUS	PROCESS	KEEP_AS_DISTINCT	EMPTY	GPT_REVIEW003_KEEP_AS_DISTINCT_PROCESS	NO_CHILDREN	NOT_APPROVED
426	37745bd8af92a937f66091e0dc552ef05712414b839781928446a5bb5c441604	CIC_W	089	건축공사검사시험	AMBIGUOUS	PROCESS	KEEP_AS_DISTINCT	EMPTY	GPT_REVIEW003_KEEP_AS_DISTINCT_PROCESS	NO_CHILDREN	NOT_APPROVED
427	3658974008046bd3fc221b6e66047c06348c85f774c9522ed1f51aa472a37c05	CIC_W	112	지형측량	AMBIGUOUS	PROCESS	KEEP_AS_DISTINCT	EMPTY	GPT_REVIEW003_KEEP_AS_DISTINCT_PROCESS	INSUFFICIENT_EVIDENCE	NOT_APPROVED
428	01f8400cdd53f8eadb7de33e2e7bc2408c6ac7dfab3c10bea6c3a7a32e90a37f	CIC_W	113	하해측량	AMBIGUOUS	PROCESS	KEEP_AS_DISTINCT	EMPTY	GPT_REVIEW003_KEEP_AS_DISTINCT_PROCESS	INSUFFICIENT_EVIDENCE	NOT_APPROVED
429	9d3e97129f24bc9073f63ffb3be09a9ce4a07bcef4d522f047fe4c7a1700dbd4	CIC_W	115	지적측량	AMBIGUOUS	PROCESS	KEEP_AS_DISTINCT	EMPTY	GPT_REVIEW003_KEEP_AS_DISTINCT_PROCESS	INSUFFICIENT_EVIDENCE	NOT_APPROVED
430	ba4bbcb1fe4dfd8e865d45cbfd5b3a5a21f5cee97fb39753a0126260f2ee4cca	CIC_W	119	기타응용측량	AMBIGUOUS	PROCESS	KEEP_AS_DISTINCT	EMPTY	GPT_REVIEW003_KEEP_AS_DISTINCT_PROCESS	INSUFFICIENT_EVIDENCE	NOT_APPROVED
431	212300bb3c4d6e22d263c5a97e759e118ddc718df43abc08dc4fe4148e35bce7	CIC_W	122	구조체계측	AMBIGUOUS	PROCESS	KEEP_AS_DISTINCT	EMPTY	GPT_REVIEW003_KEEP_AS_DISTINCT_PROCESS	INSUFFICIENT_EVIDENCE	NOT_APPROVED
432	681b34793e2a0b27aa85597a3047582655a3eeed5b8970f404ec2b88d687c1fa	CIC_W	124	교량공사계측	AMBIGUOUS	PROCESS	KEEP_AS_DISTINCT	EMPTY	GPT_REVIEW003_KEEP_AS_DISTINCT_PROCESS	INSUFFICIENT_EVIDENCE	NOT_APPROVED
433	45655295b94db500ea2dc03a2d1723bdcef5dd02efa4fd59ad43d502f329caf0	CIC_W	126	단열 방음및방수공사계측	AMBIGUOUS	PROCESS	KEEP_AS_DISTINCT	EMPTY	GPT_REVIEW003_KEEP_AS_DISTINCT_PROCESS	NO_CHILDREN	NOT_APPROVED
434	2bfc5770587ec30ee5b62dda465f22ff4e77a4fa24a95450649a8e828cf604cd	CIC_W	127	전기설비계측	AMBIGUOUS	PROCESS	KEEP_AS_DISTINCT	EMPTY	GPT_REVIEW003_KEEP_AS_DISTINCT_PROCESS	NO_CHILDREN	NOT_APPROVED
435	2b26f8a695f47923e4f01dabe4796f693aaa51483afe05c276a1e99fe2441405	CIC_W	128	기계설비계측	AMBIGUOUS	PROCESS	KEEP_AS_DISTINCT	EMPTY	GPT_REVIEW003_KEEP_AS_DISTINCT_PROCESS	NO_CHILDREN	NOT_APPROVED
436	d921aa98da4efcc819c2e5ae75bbb41e85cc38233c176fd8ad70e9473e1dff3d	CIC_W	129	기타공사계측	AMBIGUOUS	PROCESS	KEEP_AS_DISTINCT	EMPTY	GPT_REVIEW003_KEEP_AS_DISTINCT_PROCESS	NO_CHILDREN	NOT_APPROVED
437	f8f5001ecaf8b04d5927dbd642eb58627cf6c4d81073ae69d35466c042cc7bbb	CIC_W	131	시험굴착	AMBIGUOUS	PROCESS	KEEP_AS_DISTINCT	EMPTY	GPT_REVIEW003_KEEP_AS_DISTINCT_PROCESS	SAFE_SINGLE_KIND_FAMILY	NOT_APPROVED
438	3a415d4f8a7b016b2d1368c55360d2d240f36b0d628223c8f8ce44770580ad71	CIC_W	132	시추(보링)	AMBIGUOUS	PROCESS	KEEP_AS_DISTINCT	EMPTY	GPT_REVIEW003_KEEP_AS_DISTINCT_PROCESS	INSUFFICIENT_EVIDENCE	NOT_APPROVED
439	66944a27a746d9c49274c390c714e1ae3de44f229b9347ad452659a099b200e5	CIC_W	133	샘플링	AMBIGUOUS	PROCESS	KEEP_AS_DISTINCT	EMPTY	GPT_REVIEW003_KEEP_AS_DISTINCT_PROCESS	INSUFFICIENT_EVIDENCE	NOT_APPROVED
440	9cfcdfc88b2b28e969e11900feae9d6c81321546243826469ab37b93bf69d0a7	CIC_W	134	현장시험	AMBIGUOUS	PROCESS	KEEP_AS_DISTINCT	EMPTY	GPT_REVIEW003_KEEP_AS_DISTINCT_PROCESS	INSUFFICIENT_EVIDENCE	NOT_APPROVED
441	57007db7b58036eee435035a3344f80e6107c647f63d126338008e5665ed368e	CIC_W	136	암석 암반시험	AMBIGUOUS	PROCESS	KEEP_AS_DISTINCT	EMPTY	GPT_REVIEW003_KEEP_AS_DISTINCT_PROCESS	INSUFFICIENT_EVIDENCE	NOT_APPROVED
442	e86862d58547e3d116c9d753bba38c61a912b8b67bd91577e0ef8f89aad99c24	CIC_W	181	지상지장물철거 해체	AMBIGUOUS	PROCESS	KEEP_AS_DISTINCT	EMPTY	GPT_REVIEW003_KEEP_AS_DISTINCT_PROCESS	INSUFFICIENT_EVIDENCE	NOT_APPROVED
443	995cde72019f92f0a70112fc04e17bfdc744d075b491335224e6bf500bd6db3f	CIC_W	182	지상구조물철거 해체	AMBIGUOUS	PROCESS	KEEP_AS_DISTINCT	EMPTY	GPT_REVIEW003_KEEP_AS_DISTINCT_PROCESS	INSUFFICIENT_EVIDENCE	NOT_APPROVED
444	6056d6bdeb678de85c6f763540f387c837d899b43515b534bb9eef70afaa9333	CIC_W	183	해상구조물철거 해체	AMBIGUOUS	PROCESS	KEEP_AS_DISTINCT	EMPTY	GPT_REVIEW003_KEEP_AS_DISTINCT_PROCESS	INSUFFICIENT_EVIDENCE	NOT_APPROVED
445	316e2752c109f91a051fc3feff4b62f8494c770ba60b53e561f7ef09349aebb2	CIC_W	185	지하구조물제거 - - 대․중․소 분류대․중․소 분류	AMBIGUOUS	PROCESS	KEEP_AS_DISTINCT	EMPTY	GPT_REVIEW003_KEEP_AS_DISTINCT_PROCESS	INSUFFICIENT_EVIDENCE	NOT_APPROVED
446	09a5f69ff8dbe20c20bb19d9086397d01165e17fab19e738b9c89f0c61981b0a	CIC_W	188	지장물보호	AMBIGUOUS	PROCESS	KEEP_AS_DISTINCT	EMPTY	GPT_REVIEW003_KEEP_AS_DISTINCT_PROCESS	INSUFFICIENT_EVIDENCE	NOT_APPROVED
447	99c8bd788afdb0a968a28a47760d4ff4c45e842470ff302373f77cc21ae4205e	CIC_W	189	기타철거 해체공사및시설물보호	AMBIGUOUS	PROCESS	KEEP_AS_DISTINCT	EMPTY	GPT_REVIEW003_KEEP_AS_DISTINCT_PROCESS	NO_CHILDREN	NOT_APPROVED
448	1b16a4e7b14832ddb29a5e6d547db0614a8fad1654fcd00b1675859f05e22210	CIC_W	212	흙깍기(절토)	AMBIGUOUS	PROCESS	KEEP_AS_DISTINCT	EMPTY	GPT_REVIEW003_KEEP_AS_DISTINCT_PROCESS	INSUFFICIENT_EVIDENCE	NOT_APPROVED
449	9b50e09949b8a2162b2d080beb81c3115b6a91d51951a1a320137451908d0343	CIC_W	213	터파기	AMBIGUOUS	PROCESS	KEEP_AS_DISTINCT	EMPTY	GPT_REVIEW003_KEEP_AS_DISTINCT_PROCESS	INSUFFICIENT_EVIDENCE	NOT_APPROVED
450	03ac9689e14f8799e86516cb59840823beea8bf13eed69d0a15e284f8f062b52	CIC_W	214	트랜치터파기	AMBIGUOUS	PROCESS	KEEP_AS_DISTINCT	EMPTY	GPT_REVIEW003_KEEP_AS_DISTINCT_PROCESS	INSUFFICIENT_EVIDENCE	NOT_APPROVED
451	215518746d4b48e67cdba1d913257fe46f7925e0dee98b2c957b965e27fc929c	CIC_W	215	흙쌓기(성토)	AMBIGUOUS	PROCESS	KEEP_AS_DISTINCT	EMPTY	GPT_REVIEW003_KEEP_AS_DISTINCT_PROCESS	INSUFFICIENT_EVIDENCE	NOT_APPROVED
452	ec4f2c9498b2ea6baad528470eeeac0931de12a08471ff6956f307122bb05fc7	CIC_W	216	되메우기	AMBIGUOUS	PROCESS	KEEP_AS_DISTINCT	EMPTY	GPT_REVIEW003_KEEP_AS_DISTINCT_PROCESS	INSUFFICIENT_EVIDENCE	NOT_APPROVED
453	c5df98c0c23f2f9a2b9edb263d89499e2aaa1f213926fee0f188cec50b555a5c	CIC_W	217	토사처리및운반	AMBIGUOUS	PROCESS	KEEP_AS_DISTINCT	EMPTY	GPT_REVIEW003_KEEP_AS_DISTINCT_PROCESS	INSUFFICIENT_EVIDENCE	NOT_APPROVED
454	5beb0b35accd48cebc1ceac2949cadf8aae5f857e73ef0d6a8a52873e600291a	CIC_W	218	사면보호	AMBIGUOUS	PROCESS	KEEP_AS_DISTINCT	EMPTY	GPT_REVIEW003_KEEP_AS_DISTINCT_PROCESS	INSUFFICIENT_EVIDENCE	NOT_APPROVED
455	20a0c467d770d18a48f8e121dba83e56347dfc58bc0243c1c9b6eea19f6033a3	CIC_W	221	치환	AMBIGUOUS	PROCESS	KEEP_AS_DISTINCT	EMPTY	GPT_REVIEW003_KEEP_AS_DISTINCT_PROCESS	INSUFFICIENT_EVIDENCE	NOT_APPROVED
456	f7a1596f18911a69dd36553dd57ea436c77e2784b46c546e458d1d2a6c3ea582	CIC_W	226	지반그라우팅	AMBIGUOUS	PROCESS	KEEP_AS_DISTINCT	EMPTY	GPT_REVIEW003_KEEP_AS_DISTINCT_PROCESS	INSUFFICIENT_EVIDENCE	NOT_APPROVED
457	c6ceb9d8a36505d7415bff356e51efe7d3f979c55c7f18a0f0683d7a60b97310	CIC_W	227	지반앵커(GroundAnchor)	AMBIGUOUS	METHOD	REJECT	EMPTY	GPT_REVIEW003_REJECT_METHOD	NO_CHILDREN	NOT_APPROVED
458	09825170409222951199dccfd34e23b40cb02514edef3ef46e5e9b54f17dc600	CIC_W	231	현장타설말뚝	AMBIGUOUS	PROCESS	KEEP_AS_DISTINCT	EMPTY	GPT_REVIEW003_KEEP_AS_DISTINCT_PROCESS	INSUFFICIENT_EVIDENCE	NOT_APPROVED
459	7fede6271a29cfb07c57510ce245ff1a3c44813b32efccdea5c33ac385dabf09	CIC_W	232	기성말뚝	AMBIGUOUS	CLASSIFICATION	REJECT	EMPTY	GPT_REVIEW003_REJECT_CLASSIFICATION	INSUFFICIENT_EVIDENCE	NOT_APPROVED
460	3b867ca52b24777fa3d254eb5b6e08a2671aabd5293900d404c2a9513c80053d	CIC_W	233	케이슨기초	AMBIGUOUS	CLASSIFICATION	REJECT	EMPTY	GPT_REVIEW003_REJECT_CLASSIFICATION	INSUFFICIENT_EVIDENCE	NOT_APPROVED
461	02572840b246de7674e7d8c16aac12c883a94775adacc07cc0f96e091720303b	CIC_W	234	연결말뚝(널말뚝)	AMBIGUOUS	CLASSIFICATION	REJECT	EMPTY	GPT_REVIEW003_REJECT_CLASSIFICATION	INSUFFICIENT_EVIDENCE	NOT_APPROVED
462	bc28afa7dd3e377f47f7ad842de2fb8ff866250540fb32349d60006a9a3c4d5b	CIC_W	235	지하연속벽(SlurryWall)	AMBIGUOUS	METHOD	REJECT	EMPTY	GPT_REVIEW003_REJECT_METHOD	INSUFFICIENT_EVIDENCE	NOT_APPROVED
463	bc78ddeef127e2bb6ac87dc38bace10eea045b0e1e00cecb092b5f8866efd3d9	CIC_W	236	시트파일(SheetPile)	AMBIGUOUS	MATERIAL_COMPONENT	REJECT	EMPTY	GPT_REVIEW003_REJECT_MATERIAL_COMPONENT	NO_CHILDREN	NOT_APPROVED
464	65efc3da685b2bd93c002a4ccb42d39ded8c962edf526a39f7c771cbc8551a2f	CIC_W	237	기초보강공사	AMBIGUOUS	PROCESS	KEEP_AS_DISTINCT	EMPTY	GPT_REVIEW003_KEEP_AS_DISTINCT_PROCESS	INSUFFICIENT_EVIDENCE	NOT_APPROVED
465	898c03d2ac0c4c50d6f6f01db3465b49b9c65e68d43f7053c07bc3a862250927	CIC_W	241	말뚝흙막이	AMBIGUOUS	PROCESS	KEEP_AS_DISTINCT	EMPTY	GPT_REVIEW003_KEEP_AS_DISTINCT_PROCESS	INSUFFICIENT_EVIDENCE	NOT_APPROVED
466	7c7d98c2286ac3cd5f35e1cf20e8c18fcd648d86390b9b13501e0d8f97dd79d4	CIC_W	242	주열흙막이	AMBIGUOUS	PROCESS	KEEP_AS_DISTINCT	EMPTY	GPT_REVIEW003_KEEP_AS_DISTINCT_PROCESS	INSUFFICIENT_EVIDENCE	NOT_APPROVED
467	f17ba6bcd0464b0c66069ec6af56ed903843e651ef679fe34c7ab002ba416210	CIC_W	245	지하연속벽흙막이	AMBIGUOUS	PROCESS	KEEP_AS_DISTINCT	EMPTY	GPT_REVIEW003_KEEP_AS_DISTINCT_PROCESS	NO_CHILDREN	NOT_APPROVED
468	57d34e976696b2e8e63cacf5d1dea58c56b69be7822198727818ed6e89caf0d6	CIC_W	246	흙막이지보공사	AMBIGUOUS	PROCESS	KEEP_AS_DISTINCT	EMPTY	GPT_REVIEW003_KEEP_AS_DISTINCT_PROCESS	INSUFFICIENT_EVIDENCE	NOT_APPROVED
469	bcbb0f751e393ffab3e06b1cc9a38d80c907bbb98c462d2e68ca8cccee97f51e	CIC_W	247	어스앵커(EarthAnchor) 록앵커흙막이	AMBIGUOUS	PROCESS	KEEP_AS_DISTINCT	EMPTY	GPT_REVIEW003_KEEP_AS_DISTINCT_PROCESS	NO_CHILDREN	NOT_APPROVED
470	edf25342d1e8eb59f6e1471eff41ef0b3f5a49d99ba66b099341a38f1c1688d4	CIC_W	248	조립식간이흙막이	AMBIGUOUS	PROCESS	KEEP_AS_DISTINCT	EMPTY	GPT_REVIEW003_KEEP_AS_DISTINCT_PROCESS	NO_CHILDREN	NOT_APPROVED
471	43e141ba4572ad96c3c100acdf7301721eb7305e1ec5b9e61bf59527c313313d	CIC_W	251	콘크리트자재	AMBIGUOUS	CLASSIFICATION	REJECT	EMPTY	GPT_REVIEW003_REJECT_CLASSIFICATION	INSUFFICIENT_EVIDENCE	NOT_APPROVED
472	3684f8b8205931ccc615e420c4768f25c59977e2e5a9617bc3d7dd251e49de88	CIC_W	252	콘크리트생산및구입	AMBIGUOUS	PROCESS	KEEP_AS_DISTINCT	EMPTY	GPT_REVIEW003_KEEP_AS_DISTINCT_PROCESS	INSUFFICIENT_EVIDENCE	NOT_APPROVED
473	8d0c01308cc552e41e2d3807b23d212fd0f0253d5e0e70d32e9cbef68df23917	CIC_W	253	콘크리트타설	AMBIGUOUS	PROCESS	KEEP_AS_DISTINCT	EMPTY	GPT_REVIEW003_KEEP_AS_DISTINCT_PROCESS	INSUFFICIENT_EVIDENCE	NOT_APPROVED
474	8d40989e5cfd22ee59fe3758d334d6934d0bd8bf0c9ae20860d84b473f37984a	CIC_W	255	콘크리트보강공사	AMBIGUOUS	PROCESS	KEEP_AS_DISTINCT	EMPTY	GPT_REVIEW003_KEEP_AS_DISTINCT_PROCESS	INSUFFICIENT_EVIDENCE	NOT_APPROVED
475	3e3181b6f4d10c5cb7c44dc7e2680aea51f64f25dca1e760d3ca922a3df23ce8	CIC_W	258	콘크리트부속공사	AMBIGUOUS	PROCESS	KEEP_AS_DISTINCT	EMPTY	GPT_REVIEW003_KEEP_AS_DISTINCT_PROCESS	INSUFFICIENT_EVIDENCE	NOT_APPROVED
476	c514d7739aeaff3ce58a37d43f33188bdbe7bcf52aa86a5a6c0e538c6870c137	CIC_W	265	기타토목PC부재조립	AMBIGUOUS	PROCESS	KEEP_AS_DISTINCT	EMPTY	GPT_REVIEW003_KEEP_AS_DISTINCT_PROCESS	INSUFFICIENT_EVIDENCE	NOT_APPROVED
477	7230e15ca263ae9d733cabec0d0971abb0b3f0e5e2059cf0a98dfd1d1d73d9c4	CIC_W	266	건축PC구조부재조립	AMBIGUOUS	PROCESS	KEEP_AS_DISTINCT	EMPTY	GPT_REVIEW003_KEEP_AS_DISTINCT_PROCESS	INSUFFICIENT_EVIDENCE	NOT_APPROVED
478	57e5faf031c6579ace5cbd07f4943d3993a1c1223f6eadfe7d062e3acf11a155	CIC_W	267	현장틸트-업콘크리트공사	AMBIGUOUS	PROCESS	KEEP_AS_DISTINCT	EMPTY	GPT_REVIEW003_KEEP_AS_DISTINCT_PROCESS	NO_CHILDREN	NOT_APPROVED
479	4923e964c0059bc1defe885cc4323b8243e03fa671d8fb117836e0c1aa27c549	CIC_W	272	철골가공 제작	AMBIGUOUS	PROCESS	KEEP_AS_DISTINCT	EMPTY	GPT_REVIEW003_KEEP_AS_DISTINCT_PROCESS	INSUFFICIENT_EVIDENCE	NOT_APPROVED
480	643f650fde14f9a77eda98a2646a317578b5df27ead8b9e46a46887c82a69823	CIC_W	273	철골조립및설치	AMBIGUOUS	PROCESS	KEEP_AS_DISTINCT	EMPTY	GPT_REVIEW003_KEEP_AS_DISTINCT_PROCESS	INSUFFICIENT_EVIDENCE	NOT_APPROVED
481	360ea08ac9ce35e56e88806535838882b2cb2c8fbf75663934d5a7fa4672a3b5	CIC_W	274	금속바닥판및부속설비설치	AMBIGUOUS	PROCESS	KEEP_AS_DISTINCT	EMPTY	GPT_REVIEW003_KEEP_AS_DISTINCT_PROCESS	INSUFFICIENT_EVIDENCE	NOT_APPROVED
482	951f8df773bd340a3c3aeac0c5cd905b7a0921de13fdafc8313eb57ba2cf6e2e	CIC_W	275	현수 사장구조	AMBIGUOUS	CLASSIFICATION	REJECT	EMPTY	GPT_REVIEW003_REJECT_CLASSIFICATION	NO_CHILDREN	NOT_APPROVED
483	0591d6a2a565c440661766e9914db75bdd9ce3794206f9879bbc7788787a5d9f	CIC_W	276	프레임구조시스템	AMBIGUOUS	CLASSIFICATION	REJECT	EMPTY	GPT_REVIEW003_REJECT_CLASSIFICATION	INSUFFICIENT_EVIDENCE	NOT_APPROVED
484	5d36c9d3ee2029ea61ce1ac3ae998fdece9a9e2aad2025b17b5efe40300a2f99	CIC_W	277	탱크	AMBIGUOUS	FACILITY_EQUIPMENT	REJECT	EMPTY	GPT_REVIEW003_REJECT_FACILITY_EQUIPMENT	INSUFFICIENT_EVIDENCE	NOT_APPROVED
485	6f3669ae9ec26d86354f344c1e1a7996b4ecb411e8dc0a0b460fcdc301940e20	CIC_W	278	철골내화피복및도장	AMBIGUOUS	PROCESS	KEEP_AS_DISTINCT	EMPTY	GPT_REVIEW003_KEEP_AS_DISTINCT_PROCESS	INSUFFICIENT_EVIDENCE	NOT_APPROVED
486	ef30b16557057598271d9d495c6e0f76860b6796bb3e5e8b426c26a8f31e749e	CIC_W	279	기타강구조물공사	AMBIGUOUS	PROCESS	KEEP_AS_DISTINCT	EMPTY	GPT_REVIEW003_KEEP_AS_DISTINCT_PROCESS	NO_CHILDREN	NOT_APPROVED
487	43a3bc99d00e52448f7c527023993e949657c1564386832e2f2ce7a0c7909d54	CIC_W	316	상수도관갱생	AMBIGUOUS	PROCESS	KEEP_AS_DISTINCT	EMPTY	GPT_REVIEW003_KEEP_AS_DISTINCT_PROCESS	INSUFFICIENT_EVIDENCE	NOT_APPROVED
488	5088b148117fb6702c4ca7758cf954f61a19ba612a260b64fdecac572f90e33b	CIC_W	317	하수도관갱생	AMBIGUOUS	PROCESS	KEEP_AS_DISTINCT	EMPTY	GPT_REVIEW003_KEEP_AS_DISTINCT_PROCESS	INSUFFICIENT_EVIDENCE	NOT_APPROVED
489	1e7f3d26e5a96268c5f1cde639a863901f5c54f4b8b40502491ef40c5a897421	CIC_W	322	콘크리트포장	AMBIGUOUS	PROCESS	KEEP_AS_DISTINCT	EMPTY	GPT_REVIEW003_KEEP_AS_DISTINCT_PROCESS	INSUFFICIENT_EVIDENCE	NOT_APPROVED
490	c3d4c392bb14848bb4bbae07794d92121d60b0e8663824546f0aa77012d215d3	CIC_W	323	경하중포장	AMBIGUOUS	PROCESS	KEEP_AS_DISTINCT	EMPTY	GPT_REVIEW003_KEEP_AS_DISTINCT_PROCESS	INSUFFICIENT_EVIDENCE	NOT_APPROVED
491	f5b770845f35b351dd688dfd4449a4028f10ce66c54dcfca93c0c435d3993f49	CIC_W	324	도로배수시설공사	AMBIGUOUS	PROCESS	KEEP_AS_DISTINCT	EMPTY	GPT_REVIEW003_KEEP_AS_DISTINCT_PROCESS	INSUFFICIENT_EVIDENCE	NOT_APPROVED
492	f015625106b3499b039531501af642a57e625b87026a45f9cf3ce6432da83906	CIC_W	325	암거구조물	AMBIGUOUS	FACILITY_EQUIPMENT	REJECT	EMPTY	GPT_REVIEW003_REJECT_FACILITY_EQUIPMENT	INSUFFICIENT_EVIDENCE	NOT_APPROVED
493	4687e51728bf58ef80900b750d333c262d56e4a4bd1f34a922335ae1e5dcfc3b	CIC_W	326	도로안전시설공사	AMBIGUOUS	PROCESS	KEEP_AS_DISTINCT	EMPTY	GPT_REVIEW003_KEEP_AS_DISTINCT_PROCESS	INSUFFICIENT_EVIDENCE	NOT_APPROVED
494	bea237378e4df5bdb100289fc2f078e250673e441d34fd953bbf851dbe9d82a4	CIC_W	327	도로표식시설공사	AMBIGUOUS	PROCESS	KEEP_AS_DISTINCT	EMPTY	GPT_REVIEW003_KEEP_AS_DISTINCT_PROCESS	INSUFFICIENT_EVIDENCE	NOT_APPROVED
495	55531efaf58f0d226b2d69fba2135c276b4275e92f268fe495960c5b4ab04990	CIC_W	328	포장면및도로보수	AMBIGUOUS	PROCESS	KEEP_AS_DISTINCT	EMPTY	GPT_REVIEW003_KEEP_AS_DISTINCT_PROCESS	INSUFFICIENT_EVIDENCE	NOT_APPROVED
496	4620e6da69b8a8c0b33e25653440be8673ed37109497ef1731a3a7bdf2f7ead6	CIC_W	332	도상설치공사	AMBIGUOUS	PROCESS	KEEP_AS_DISTINCT	EMPTY	GPT_REVIEW003_KEEP_AS_DISTINCT_PROCESS	INSUFFICIENT_EVIDENCE	NOT_APPROVED
497	6e5dc9285fed1a22edec44235cfc3d3d0e8b2e13428ee499c806bd91dea8960b	CIC_W	334	분기기설치	AMBIGUOUS	PROCESS	KEEP_AS_DISTINCT	EMPTY	GPT_REVIEW003_KEEP_AS_DISTINCT_PROCESS	INSUFFICIENT_EVIDENCE	NOT_APPROVED
498	456cd1071cce6a6b1f6e575d59566b60dec875fbb236a56a4c6c8565cbe986f9	CIC_W	335	건널목공사	AMBIGUOUS	PROCESS	KEEP_AS_DISTINCT	EMPTY	GPT_REVIEW003_KEEP_AS_DISTINCT_PROCESS	INSUFFICIENT_EVIDENCE	NOT_APPROVED
499	cee9973441f21da072871c3cdf49f5b08c8febe7aac8b49e10739c25fe341e11	CIC_W	337	철도부속설비	AMBIGUOUS	PROCESS	KEEP_AS_DISTINCT	EMPTY	GPT_REVIEW003_KEEP_AS_DISTINCT_PROCESS	INSUFFICIENT_EVIDENCE	NOT_APPROVED
500	15b9452c2e734dd73832a0739d28dd67472a8d6baccb86ed488f89a001052c83	CIC_W	341	교량가설공사	AMBIGUOUS	PROCESS	KEEP_AS_DISTINCT	EMPTY	GPT_REVIEW003_KEEP_AS_DISTINCT_PROCESS	SAFE_SINGLE_KIND_FAMILY	NOT_APPROVED
501	c3c268a97825887a469b91004cfd787d31bbe4cbd321506f10381cda36d06508	CIC_W	342	교량받침	AMBIGUOUS	FACILITY_EQUIPMENT	REJECT	EMPTY	GPT_REVIEW003_REJECT_FACILITY_EQUIPMENT	INSUFFICIENT_EVIDENCE	NOT_APPROVED
502	f059462dcc720a67e46877a6471a6a184a2a285b3629ecdabe202e3f0366732b	CIC_W	343	신축이음장치	AMBIGUOUS	FACILITY_EQUIPMENT	REJECT	EMPTY	GPT_REVIEW003_REJECT_FACILITY_EQUIPMENT	INSUFFICIENT_EVIDENCE	NOT_APPROVED
503	f2fdf515006ce92b89216d6b826aef8ae9740403f72dacbe3faea2d31f3d97bc	CIC_W	344	교량방호시설	AMBIGUOUS	FACILITY_EQUIPMENT	REJECT	EMPTY	GPT_REVIEW003_REJECT_FACILITY_EQUIPMENT	INSUFFICIENT_EVIDENCE	NOT_APPROVED
504	c7736f89ecf95c7e0ead6251e3b20efa1fbfdf1cfda03ec20131dee8d9f47f3f	CIC_W	345	교량배수설비공사	AMBIGUOUS	PROCESS	KEEP_AS_DISTINCT	EMPTY	GPT_REVIEW003_KEEP_AS_DISTINCT_PROCESS	INSUFFICIENT_EVIDENCE	NOT_APPROVED
505	d89d07523ccb2ffb114596895d5d5e30383d046a631369f9f4873589125ca78e	CIC_W	346	교량부속공사	AMBIGUOUS	PROCESS	KEEP_AS_DISTINCT	EMPTY	GPT_REVIEW003_KEEP_AS_DISTINCT_PROCESS	INSUFFICIENT_EVIDENCE	NOT_APPROVED
506	12ca69bd08703ecfae5c0b579b79dc7e49ed7704b8b13c39b3d201ded13c82fc	CIC_W	347	교량부속설비	AMBIGUOUS	FACILITY_EQUIPMENT	REJECT	EMPTY	GPT_REVIEW003_REJECT_FACILITY_EQUIPMENT	INSUFFICIENT_EVIDENCE	NOT_APPROVED
507	a31a6441661c4c8266572ab6fb98e5e2c3b227d6ccb4b0d4e98b6af38ca59357	CIC_W	351	터널굴착공사	AMBIGUOUS	PROCESS	KEEP_AS_DISTINCT	EMPTY	GPT_REVIEW003_KEEP_AS_DISTINCT_PROCESS	MIXED_FAMILY	NOT_APPROVED
508	d18e262908715adfee7f21fa316947d77822b7bc104a5040de8e243a47981073	CIC_W	352	터널라이닝	AMBIGUOUS	PROCESS	KEEP_AS_DISTINCT	EMPTY	GPT_REVIEW003_KEEP_AS_DISTINCT_PROCESS	INSUFFICIENT_EVIDENCE	NOT_APPROVED
509	b1eb2ab26ddd8309ce0830f285ed33a256a30fddc607a571858c1886cd704291	CIC_W	354	터널방수및배수	AMBIGUOUS	PROCESS	KEEP_AS_DISTINCT	EMPTY	GPT_REVIEW003_KEEP_AS_DISTINCT_PROCESS	INSUFFICIENT_EVIDENCE	NOT_APPROVED
510	6ea8562471ec5e7122586edb3a16852ccb8f343e4aefe0c58cbddf8131c62f6c	CIC_W	355	터널지보및거푸집	AMBIGUOUS	PROCESS	KEEP_AS_DISTINCT	EMPTY	GPT_REVIEW003_KEEP_AS_DISTINCT_PROCESS	INSUFFICIENT_EVIDENCE	NOT_APPROVED
511	fb6020b5ccfb8929d06f523e6c292fba38836ff3307dd74e5ccd5c0e90c9658e	CIC_W	356	터널내부마감공사	AMBIGUOUS	PROCESS	KEEP_AS_DISTINCT	EMPTY	GPT_REVIEW003_KEEP_AS_DISTINCT_PROCESS	INSUFFICIENT_EVIDENCE	NOT_APPROVED
512	d042be734cfec1f12207f85077cd795b539118b284bb728bbfb9922b2cfa2288	CIC_W	363	호안용콘크리트구조물제작및거치	AMBIGUOUS	PROCESS	KEEP_AS_DISTINCT	EMPTY	GPT_REVIEW003_KEEP_AS_DISTINCT_PROCESS	INSUFFICIENT_EVIDENCE	NOT_APPROVED
513	fdb97bc4fbf66a01c13d4130b94cc3aadf9577b1e52a92601f00ec1bbeeb35f7	CIC_W	367	항만부속설비공사	AMBIGUOUS	PROCESS	KEEP_AS_DISTINCT	EMPTY	GPT_REVIEW003_KEEP_AS_DISTINCT_PROCESS	INSUFFICIENT_EVIDENCE	NOT_APPROVED
514	147fe7d3374e01ffef042edf22c72c0d40be81e2964efb455d627d3f5844a7c7	CIC_W	368	하천 항만부속공사	AMBIGUOUS	PROCESS	KEEP_AS_DISTINCT	EMPTY	GPT_REVIEW003_KEEP_AS_DISTINCT_PROCESS	INSUFFICIENT_EVIDENCE	NOT_APPROVED
515	95554bb867b125afc9cf46e9979e196b44e91dd16c59099d8379aee7cfcebc49	CIC_W	372	표면차수벽형댐	AMBIGUOUS	CLASSIFICATION	REJECT	EMPTY	GPT_REVIEW003_REJECT_CLASSIFICATION	INSUFFICIENT_EVIDENCE	NOT_APPROVED
516	168c14e1189fb7ecd7d095c6b97fdba79f54213cc7ace95f682cad9279356fe9	CIC_W	381	현장타설옹벽	AMBIGUOUS	FACILITY_EQUIPMENT	REJECT	EMPTY	GPT_REVIEW003_REJECT_FACILITY_EQUIPMENT	NO_CHILDREN	NOT_APPROVED
517	5a90b14a6dd0fbb0f2f9436710e4ee2ee216f5ece295d98681bed05bfb876843	CIC_W	382	조적식옹벽	AMBIGUOUS	FACILITY_EQUIPMENT	REJECT	EMPTY	GPT_REVIEW003_REJECT_FACILITY_EQUIPMENT	INSUFFICIENT_EVIDENCE	NOT_APPROVED
518	69fdaaa1641fecd05399bfaa533d10124dfdef1888a99b804ddbbe46427a71bc	CIC_W	383	보강토옹벽	AMBIGUOUS	FACILITY_EQUIPMENT	REJECT	EMPTY	GPT_REVIEW003_REJECT_FACILITY_EQUIPMENT	NO_CHILDREN	NOT_APPROVED
519	b54236cfc595a6ec0d1c23d3f3a7d87ceebd9976863fa04f65a14a3b6f90c0f2	CIC_W	384	강재보강옹벽	AMBIGUOUS	FACILITY_EQUIPMENT	REJECT	EMPTY	GPT_REVIEW003_REJECT_FACILITY_EQUIPMENT	NO_CHILDREN	NOT_APPROVED
520	75b1e86423865309b1ec2b191c662e19ec5b3e34fe24b10b507d5ac91c3a49ba	CIC_W	385	솔저빔옹벽	AMBIGUOUS	FACILITY_EQUIPMENT	REJECT	EMPTY	GPT_REVIEW003_REJECT_FACILITY_EQUIPMENT	NO_CHILDREN	NOT_APPROVED
521	c3fd8a1b2272f1c24fd64787ba22abb7e058b3d1fd78ec09698a7fa7bb9c3af8	CIC_W	386	목재옹벽	AMBIGUOUS	FACILITY_EQUIPMENT	REJECT	EMPTY	GPT_REVIEW003_REJECT_FACILITY_EQUIPMENT	NO_CHILDREN	NOT_APPROVED
522	a1160e2a25b23904c589744a628f109a569a60cf0bfc457c766cc23ef9571fa6	CIC_W	389	기타옹벽공사	AMBIGUOUS	PROCESS	KEEP_AS_DISTINCT	EMPTY	GPT_REVIEW003_KEEP_AS_DISTINCT_PROCESS	INSUFFICIENT_EVIDENCE	NOT_APPROVED
523	31ee3ade095a5ef00accae31c97458816eda4964c8c01cb9f4da3789a9b999f8	CIC_W	413	블록조적공사	AMBIGUOUS	PROCESS	KEEP_AS_DISTINCT	EMPTY	GPT_REVIEW003_KEEP_AS_DISTINCT_PROCESS	INSUFFICIENT_EVIDENCE	NOT_APPROVED
524	488626f2d507676233ff202a0d23972d490a28a803ad926f8fe7f9d333c8ce8b	CIC_W	415	유리블록	AMBIGUOUS	MATERIAL_COMPONENT	REJECT	EMPTY	GPT_REVIEW003_REJECT_MATERIAL_COMPONENT	INSUFFICIENT_EVIDENCE	NOT_APPROVED
525	2d9e0a9cc53818044f55aa8ce5bd2ce78046e0b9d43cfabd6db0ed1e3e76d56b	CIC_W	417	조적용조립판넬	AMBIGUOUS	MATERIAL_COMPONENT	REJECT	EMPTY	GPT_REVIEW003_REJECT_MATERIAL_COMPONENT	INSUFFICIENT_EVIDENCE	NOT_APPROVED
526	232a556363c0707a966770c0896efd50015ac02b5090a6409f224333bf885069	CIC_W	418	조적부속공사	AMBIGUOUS	PROCESS	KEEP_AS_DISTINCT	EMPTY	GPT_REVIEW003_KEEP_AS_DISTINCT_PROCESS	INSUFFICIENT_EVIDENCE	NOT_APPROVED
527	dc084d459b0479dd5a7bd3fb260a2559250f7cd5fb4e5bf9e0b9eaee8b5f180f	CIC_W	422	통나무구조목공사	AMBIGUOUS	PROCESS	KEEP_AS_DISTINCT	EMPTY	GPT_REVIEW003_KEEP_AS_DISTINCT_PROCESS	NO_CHILDREN	NOT_APPROVED
528	faba1b448ec1f416838746f74b39236b4135a13157ab7a071c7a288bdefec392	CIC_W	427	목조부속목공사	AMBIGUOUS	PROCESS	KEEP_AS_DISTINCT	EMPTY	GPT_REVIEW003_KEEP_AS_DISTINCT_PROCESS	INSUFFICIENT_EVIDENCE	NOT_APPROVED
529	de41740089c301f6b4f07f2ff8f7149b2c01c07411f4b8f73a68fcddcdc85a43	CIC_W	428	목재처리	AMBIGUOUS	PROCESS	KEEP_AS_DISTINCT	EMPTY	GPT_REVIEW003_KEEP_AS_DISTINCT_PROCESS	INSUFFICIENT_EVIDENCE	NOT_APPROVED
530	862b199af64073d805af60de404aa66940183eb7de761438bb78bc5f88311638	CIC_W	431	자연형지붕잇기	AMBIGUOUS	PROCESS	KEEP_AS_DISTINCT	EMPTY	GPT_REVIEW003_KEEP_AS_DISTINCT_PROCESS	INSUFFICIENT_EVIDENCE	NOT_APPROVED
531	7e76febd17de30a802b30105f6f21918166c699f975339d7c5414fd71c442432	CIC_W	433	슬레이트잇기	AMBIGUOUS	PROCESS	KEEP_AS_DISTINCT	EMPTY	GPT_REVIEW003_KEEP_AS_DISTINCT_PROCESS	INSUFFICIENT_EVIDENCE	NOT_APPROVED
532	0ab41593e887c05095b0a265e1c18113a7e0cc56b3f16e028e52b208e2d5304e	CIC_W	436	지붕판넬	AMBIGUOUS	MATERIAL_COMPONENT	REJECT	EMPTY	GPT_REVIEW003_REJECT_MATERIAL_COMPONENT	INSUFFICIENT_EVIDENCE	NOT_APPROVED
533	174c9c16428e9b6cb65b02468edf3a4660c662fcedf71ed9357cfc58f407ec6f	CIC_W	441	멤브레인방수	AMBIGUOUS	PROCESS	KEEP_AS_DISTINCT	EMPTY	GPT_REVIEW003_KEEP_AS_DISTINCT_PROCESS	INSUFFICIENT_EVIDENCE	NOT_APPROVED
534	ff20912ebe02c195a6123d12b473577229e1601f7a3cc056b65e31c67e743442	CIC_W	442	침투성방수	AMBIGUOUS	PROCESS	KEEP_AS_DISTINCT	EMPTY	GPT_REVIEW003_KEEP_AS_DISTINCT_PROCESS	INSUFFICIENT_EVIDENCE	NOT_APPROVED
535	b04af42bf24624abe933a853e9777d7d25eb509e58e2750423621912e0ee1d41	CIC_W	443	액체방수및모르터방수	AMBIGUOUS	PROCESS	KEEP_AS_DISTINCT	EMPTY	GPT_REVIEW003_KEEP_AS_DISTINCT_PROCESS	INSUFFICIENT_EVIDENCE	NOT_APPROVED
536	bdeabb91c4ace62290631bb660b58cec46186b3fc40f742c198745c61e452232	CIC_W	444	금속방수	AMBIGUOUS	PROCESS	KEEP_AS_DISTINCT	EMPTY	GPT_REVIEW003_KEEP_AS_DISTINCT_PROCESS	INSUFFICIENT_EVIDENCE	NOT_APPROVED
537	9f0e2970513ef2819f6e97422fcd542225828e8b5057380ada31281863a4356b	CIC_W	445	벤토나이트방수	AMBIGUOUS	PROCESS	KEEP_AS_DISTINCT	EMPTY	GPT_REVIEW003_KEEP_AS_DISTINCT_PROCESS	INSUFFICIENT_EVIDENCE	NOT_APPROVED
538	227d369b261de20da01e64b86ca9c54bb05139fb97ac3a7ce5353204d3bd792b	CIC_W	446	방습	AMBIGUOUS	PROCESS	KEEP_AS_DISTINCT	EMPTY	GPT_REVIEW003_KEEP_AS_DISTINCT_PROCESS	INSUFFICIENT_EVIDENCE	NOT_APPROVED
539	c31f801b5a66190d0240393e477dbb363c6c428fda790b152c36ef7e04a00bfd	CIC_W	447	발수제바르기	AMBIGUOUS	PROCESS	KEEP_AS_DISTINCT	EMPTY	GPT_REVIEW003_KEEP_AS_DISTINCT_PROCESS	INSUFFICIENT_EVIDENCE	NOT_APPROVED
540	b15ebf88e5937445d8e2cfec0101f4af6264a04593e56d39149d6582808b7988	CIC_W	448	방수보호재	AMBIGUOUS	MATERIAL_COMPONENT	REJECT	EMPTY	GPT_REVIEW003_REJECT_MATERIAL_COMPONENT	INSUFFICIENT_EVIDENCE	NOT_APPROVED
541	3581aebb99366cb129ec07cd2d1038c1d9fbd7ff6520556f0da197fc20cdd089	CIC_W	452	슬래브하부단열	AMBIGUOUS	PROCESS	KEEP_AS_DISTINCT	EMPTY	GPT_REVIEW003_KEEP_AS_DISTINCT_PROCESS	INSUFFICIENT_EVIDENCE	NOT_APPROVED
542	1b79d27d3205cb0e33af3e28beea3e023d66f793a9f4f40f0f90b39bb4d03eda	CIC_W	453	천정단열	AMBIGUOUS	PROCESS	KEEP_AS_DISTINCT	EMPTY	GPT_REVIEW003_KEEP_AS_DISTINCT_PROCESS	INSUFFICIENT_EVIDENCE	NOT_APPROVED
543	8737ffafee9e9356beec0edca95c93e1fc270f66f44307bfd193c571b3756d55	CIC_W	454	벽체단열	AMBIGUOUS	PROCESS	KEEP_AS_DISTINCT	EMPTY	GPT_REVIEW003_KEEP_AS_DISTINCT_PROCESS	INSUFFICIENT_EVIDENCE	NOT_APPROVED
544	0acda8bcf1e95057ac5b73dff7289b40374f4d32351effa7066b5d32d46c0308	CIC_W	455	외벽단열	AMBIGUOUS	PROCESS	KEEP_AS_DISTINCT	EMPTY	GPT_REVIEW003_KEEP_AS_DISTINCT_PROCESS	INSUFFICIENT_EVIDENCE	NOT_APPROVED
545	d89ed7a97c91f04aa44790007e7b80844dce555f14b9ae05fdb46e1f590f1b44	CIC_W	456	방진 방음공사	AMBIGUOUS	PROCESS	KEEP_AS_DISTINCT	EMPTY	GPT_REVIEW003_KEEP_AS_DISTINCT_PROCESS	INSUFFICIENT_EVIDENCE	NOT_APPROVED
546	eba6e95794649f6c23e3fb5f853acff38e91ba6afbfc17ce1fb18af722957f76	CIC_W	462	콘크리트계판넬	AMBIGUOUS	MATERIAL_COMPONENT	REJECT	EMPTY	GPT_REVIEW003_REJECT_MATERIAL_COMPONENT	INSUFFICIENT_EVIDENCE	NOT_APPROVED
547	9aad0c98843c7ef259e6adf25a18386c9a1abf3e122ee91549a383e93a4e1485	CIC_W	463	철재판넬	AMBIGUOUS	MATERIAL_COMPONENT	REJECT	EMPTY	GPT_REVIEW003_REJECT_MATERIAL_COMPONENT	INSUFFICIENT_EVIDENCE	NOT_APPROVED
548	ca591209da9669f13b591a2c70d64a257b5f7c65b11dc2541e21d656ecf16056	CIC_W	464	금속판넬	AMBIGUOUS	MATERIAL_COMPONENT	REJECT	EMPTY	GPT_REVIEW003_REJECT_MATERIAL_COMPONENT	INSUFFICIENT_EVIDENCE	NOT_APPROVED
549	01be3cc07e9e3e1139a6be00b0a2194b07b46e04c6c99d79888273aba425595e	CIC_W	465	석재판넬	AMBIGUOUS	MATERIAL_COMPONENT	REJECT	EMPTY	GPT_REVIEW003_REJECT_MATERIAL_COMPONENT	INSUFFICIENT_EVIDENCE	NOT_APPROVED
550	d97ce9ecd20ddfc80eb274a437d174e268b556a88b303bec50c01a925ab35300	CIC_W	466	유리판넬	AMBIGUOUS	MATERIAL_COMPONENT	REJECT	EMPTY	GPT_REVIEW003_REJECT_MATERIAL_COMPONENT	INSUFFICIENT_EVIDENCE	NOT_APPROVED
551	8c9ece4531b9c24b6fce284e980120a57fffd790acc9e20516cc5dfa2ec5e828	CIC_W	467	합성수지판넬	AMBIGUOUS	MATERIAL_COMPONENT	REJECT	EMPTY	GPT_REVIEW003_REJECT_MATERIAL_COMPONENT	INSUFFICIENT_EVIDENCE	NOT_APPROVED
552	14c1e52637e590f2983f60275e55584c682b4a0581c2e792c039a41dd955aac7	CIC_W	468	대형자기 도기타일판넬	AMBIGUOUS	MATERIAL_COMPONENT	REJECT	EMPTY	GPT_REVIEW003_REJECT_MATERIAL_COMPONENT	INSUFFICIENT_EVIDENCE	NOT_APPROVED
553	ff6fcec3abc364e562b310e0c78ffc10a0c0b66c87e4edafa3aa9be671348851	CIC_W	471	금속바닥틀(장선)설치	AMBIGUOUS	PROCESS	KEEP_AS_DISTINCT	EMPTY	GPT_REVIEW003_KEEP_AS_DISTINCT_PROCESS	NO_CHILDREN	NOT_APPROVED
554	5cffae896f5b55be0d1cab93b840845af04c4812bef74ef456d8d97f4ec82831	CIC_W	472	메탈스터드시스템(금속벽틀)설치	AMBIGUOUS	PROCESS	KEEP_AS_DISTINCT	EMPTY	GPT_REVIEW003_KEEP_AS_DISTINCT_PROCESS	NO_CHILDREN	NOT_APPROVED
555	eeb3d80c9f9c9251ae50dc1dccffa03332785105cce3e318479a5032d6493fe5	CIC_W	473	경량천정틀설치	AMBIGUOUS	PROCESS	KEEP_AS_DISTINCT	EMPTY	GPT_REVIEW003_KEEP_AS_DISTINCT_PROCESS	NO_CHILDREN	NOT_APPROVED
556	29d8aa65e7f02217f363db987596ebca69d3bb2c068c4d4a9f273951f49f3cfe	CIC_W	475	금속마감	AMBIGUOUS	PROCESS	KEEP_AS_DISTINCT	EMPTY	GPT_REVIEW003_KEEP_AS_DISTINCT_PROCESS	INSUFFICIENT_EVIDENCE	NOT_APPROVED
557	0a7798904115d9c75ae11761c2eea4a7642d477ea97e237a9058673d21162793	CIC_W	478	건축잡철물제작설치	AMBIGUOUS	PROCESS	KEEP_AS_DISTINCT	EMPTY	GPT_REVIEW003_KEEP_AS_DISTINCT_PROCESS	INSUFFICIENT_EVIDENCE	NOT_APPROVED
558	4f667612a03565725020cb64919cefbc76b4dcb8c04a93f01536bc3132a14d8e	CIC_W	481	문	AMBIGUOUS	FACILITY_EQUIPMENT	REJECT	EMPTY	GPT_REVIEW003_REJECT_FACILITY_EQUIPMENT	INSUFFICIENT_EVIDENCE	NOT_APPROVED
559	871e1ac6f662ec402f3aebb868bdce987c55639288ab7f70baa9cf0803d38333	CIC_W	482	창문	AMBIGUOUS	FACILITY_EQUIPMENT	REJECT	EMPTY	GPT_REVIEW003_REJECT_FACILITY_EQUIPMENT	INSUFFICIENT_EVIDENCE	NOT_APPROVED
560	a707731249b7f45ab38e5347abb58a6c5560d0dbee15000e45071de2a6b4668e	CIC_W	483	셔터	AMBIGUOUS	FACILITY_EQUIPMENT	REJECT	EMPTY	GPT_REVIEW003_REJECT_FACILITY_EQUIPMENT	INSUFFICIENT_EVIDENCE	NOT_APPROVED
561	db58d3ad19083716671c588de0f3b0891d6337854f2d01f9aa7a4c091bc7d4f1	CIC_W	484	창호철물	AMBIGUOUS	MATERIAL_COMPONENT	REJECT	EMPTY	GPT_REVIEW003_REJECT_MATERIAL_COMPONENT	INSUFFICIENT_EVIDENCE	NOT_APPROVED
562	169e82d6c7f8d72ec4b878d80dd499ec7963329594ddedfa23e88931518cdff8	CIC_W	486	유리공사	AMBIGUOUS	PROCESS	KEEP_AS_DISTINCT	EMPTY	GPT_REVIEW003_KEEP_AS_DISTINCT_PROCESS	INSUFFICIENT_EVIDENCE	NOT_APPROVED
563	4c4749811f08c4bdb2f1df7f4be3c25dd397ef96a1a94599d26141d773c0878e	CIC_W	487	유리부속공사	AMBIGUOUS	PROCESS	KEEP_AS_DISTINCT	EMPTY	GPT_REVIEW003_KEEP_AS_DISTINCT_PROCESS	INSUFFICIENT_EVIDENCE	NOT_APPROVED
564	729d4680f7271dbb41a30794008072de1db9e6bc4c1f8873d92cd3c026e5c854	CIC_W	488	코킹및실링	AMBIGUOUS	PROCESS	KEEP_AS_DISTINCT	EMPTY	GPT_REVIEW003_KEEP_AS_DISTINCT_PROCESS	INSUFFICIENT_EVIDENCE	NOT_APPROVED
565	3fd0d5e254b141b0196a11ebd4854dbacbf5efefb4355f42cf27e10aeec8675d	CIC_W	512	합성수지혼화모르터미장	AMBIGUOUS	PROCESS	KEEP_AS_DISTINCT	EMPTY	GPT_REVIEW003_KEEP_AS_DISTINCT_PROCESS	INSUFFICIENT_EVIDENCE	NOT_APPROVED
566	718e78d5a159095f997e5b1952206e74e872da2bcc2ca919bafe5ddc6ec9cd67	CIC_W	514	인조석(테라조)미장및물갈기	AMBIGUOUS	PROCESS	KEEP_AS_DISTINCT	EMPTY	GPT_REVIEW003_KEEP_AS_DISTINCT_PROCESS	INSUFFICIENT_EVIDENCE	NOT_APPROVED
567	f52b4543b60b1ad46800990c3969146b560bde209575a1cfae181ad8c2c62aef	CIC_W	516	특수미장	AMBIGUOUS	PROCESS	KEEP_AS_DISTINCT	EMPTY	GPT_REVIEW003_KEEP_AS_DISTINCT_PROCESS	INSUFFICIENT_EVIDENCE	NOT_APPROVED
568	c2b99e346c021d36e5d6a8c5b60d01ca7d12bbca068e11edb9d9da067fd93b70	CIC_W	518	미장부속공사	AMBIGUOUS	PROCESS	KEEP_AS_DISTINCT	EMPTY	GPT_REVIEW003_KEEP_AS_DISTINCT_PROCESS	INSUFFICIENT_EVIDENCE	NOT_APPROVED
569	1ac65b7142a41e50973e977f63c6c9cd3bcfabae1290655eaa580993c6dff9d3	CIC_W	521	석재바닥깔기	AMBIGUOUS	PROCESS	KEEP_AS_DISTINCT	EMPTY	GPT_REVIEW003_KEEP_AS_DISTINCT_PROCESS	INSUFFICIENT_EVIDENCE	NOT_APPROVED
570	d2a598205e442032980b542409702ac944806be83c03ddb75f114e9ee804afc5	CIC_W	522	석재내벽붙이기	AMBIGUOUS	PROCESS	KEEP_AS_DISTINCT	EMPTY	GPT_REVIEW003_KEEP_AS_DISTINCT_PROCESS	INSUFFICIENT_EVIDENCE	NOT_APPROVED
571	da3841a2f430332cdd10f1ecaae4440bb9d1f29578300450b887fb0f87e01bf8	CIC_W	523	석재외벽붙이기	AMBIGUOUS	PROCESS	KEEP_AS_DISTINCT	EMPTY	GPT_REVIEW003_KEEP_AS_DISTINCT_PROCESS	INSUFFICIENT_EVIDENCE	NOT_APPROVED
572	458b05cf348f2ad16e6b040d6286a079024874f43cf916f97134e077ff30ce00	CIC_W	524	석재구조물밑면붙이기	AMBIGUOUS	PROCESS	KEEP_AS_DISTINCT	EMPTY	GPT_REVIEW003_KEEP_AS_DISTINCT_PROCESS	INSUFFICIENT_EVIDENCE	NOT_APPROVED
573	c57fe71a7b50ab51602aa996ea142e07d956d1262d346ef16876bfb952848568	CIC_W	525	석재계단붙이기	AMBIGUOUS	PROCESS	KEEP_AS_DISTINCT	EMPTY	GPT_REVIEW003_KEEP_AS_DISTINCT_PROCESS	INSUFFICIENT_EVIDENCE	NOT_APPROVED
574	e8f6a6211e7fb4d1eb2932434667c26bd5cc85344ff8d5efcd91920e8f501b5f	CIC_W	526	기타부위석재붙이기	AMBIGUOUS	PROCESS	KEEP_AS_DISTINCT	EMPTY	GPT_REVIEW003_KEEP_AS_DISTINCT_PROCESS	INSUFFICIENT_EVIDENCE	NOT_APPROVED
575	451c61294ea4cf5a8b3497a4be8bcad7d8ea0c2629b3c92477a75aed437d2c75	CIC_W	528	석재마감공사	AMBIGUOUS	PROCESS	KEEP_AS_DISTINCT	EMPTY	GPT_REVIEW003_KEEP_AS_DISTINCT_PROCESS	INSUFFICIENT_EVIDENCE	NOT_APPROVED
576	e270f61266f4a573089ecd3d8b776419da2877050620b20316618d6397e556ba	CIC_W	535	계단타일붙이기	AMBIGUOUS	PROCESS	KEEP_AS_DISTINCT	EMPTY	GPT_REVIEW003_KEEP_AS_DISTINCT_PROCESS	INSUFFICIENT_EVIDENCE	NOT_APPROVED
577	114c9cd8f878149429b38c8e3a6e6db4783164904508e62405f8856afb1aaec9	CIC_W	536	이형타일붙이기	AMBIGUOUS	PROCESS	KEEP_AS_DISTINCT	EMPTY	GPT_REVIEW003_KEEP_AS_DISTINCT_PROCESS	INSUFFICIENT_EVIDENCE	NOT_APPROVED
578	73f72692fc4fe15d20a98d376e1d6876be8a010d76e5220a4af7e300b9879e88	CIC_W	542	칸막이공사	AMBIGUOUS	PROCESS	KEEP_AS_DISTINCT	EMPTY	GPT_REVIEW003_KEEP_AS_DISTINCT_PROCESS	INSUFFICIENT_EVIDENCE	NOT_APPROVED
579	17a6bc8fac306baf4a5cb41dce455bddea0cf7f93b91ae060304529717a4e3ec	CIC_W	543	벽체붙이기	AMBIGUOUS	PROCESS	KEEP_AS_DISTINCT	EMPTY	GPT_REVIEW003_KEEP_AS_DISTINCT_PROCESS	INSUFFICIENT_EVIDENCE	NOT_APPROVED
580	d80c48dae3cd28c195d34ad556898539539b5990ec850385f7471476dab00ccd	CIC_W	544	천정판재붙이기	AMBIGUOUS	PROCESS	KEEP_AS_DISTINCT	EMPTY	GPT_REVIEW003_KEEP_AS_DISTINCT_PROCESS	INSUFFICIENT_EVIDENCE	NOT_APPROVED
581	8fdfbd47d72cc26b441a9c62680f626cb47a38c285a57a4f7f43083cf3679905	CIC_W	545	도배공사	AMBIGUOUS	PROCESS	KEEP_AS_DISTINCT	EMPTY	GPT_REVIEW003_KEEP_AS_DISTINCT_PROCESS	INSUFFICIENT_EVIDENCE	NOT_APPROVED
582	1f4b8e0ff006e9fe311af93dd203ce6e63a069b6d25bec7d20d0acf6107f7628	CIC_W	546	박판쉬트(비니어)붙이기	AMBIGUOUS	PROCESS	KEEP_AS_DISTINCT	EMPTY	GPT_REVIEW003_KEEP_AS_DISTINCT_PROCESS	INSUFFICIENT_EVIDENCE	NOT_APPROVED
583	e2fd35770c14500789c0638dca2e272a43994af4df8912574e661a121634e8f1	CIC_W	547	장식공사	AMBIGUOUS	PROCESS	KEEP_AS_DISTINCT	EMPTY	GPT_REVIEW003_KEEP_AS_DISTINCT_PROCESS	INSUFFICIENT_EVIDENCE	NOT_APPROVED
584	d32123ea8dbb7dbb4fdef4442c2f73465fdd8f1789706010eae4a453a42f072c	CIC_W	553	유성페인트	AMBIGUOUS	MATERIAL_COMPONENT	REJECT	EMPTY	GPT_REVIEW003_REJECT_MATERIAL_COMPONENT	INSUFFICIENT_EVIDENCE	NOT_APPROVED
585	5066c74bb6f21253263e3f2f365f81981332919e44063d9c8e88702e3e91e38c	CIC_W	554	바니쉬 에나멜페인트	AMBIGUOUS	MATERIAL_COMPONENT	REJECT	EMPTY	GPT_REVIEW003_REJECT_MATERIAL_COMPONENT	INSUFFICIENT_EVIDENCE	NOT_APPROVED
586	5e1e71c30ac54c1e9ef2351d82ad78de016b2bff96265a82fbe72c1b90ae7f59	CIC_W	555	락카	AMBIGUOUS	MATERIAL_COMPONENT	REJECT	EMPTY	GPT_REVIEW003_REJECT_MATERIAL_COMPONENT	INSUFFICIENT_EVIDENCE	NOT_APPROVED
587	ea4ae1f64e396a012b0acfe9e8f99efe731a6a370b469badf00344df3be00258	CIC_W	556	수성페인트	AMBIGUOUS	MATERIAL_COMPONENT	REJECT	EMPTY	GPT_REVIEW003_REJECT_MATERIAL_COMPONENT	INSUFFICIENT_EVIDENCE	NOT_APPROVED
588	c870bb49bcca93830ae9ff40705916fa3284e59b7c8578fc7eea4b99de5ba19b	CIC_W	559	기타도장공사	AMBIGUOUS	PROCESS	KEEP_AS_DISTINCT	EMPTY	GPT_REVIEW003_KEEP_AS_DISTINCT_PROCESS	NO_CHILDREN	NOT_APPROVED
589	47400215baa17de907819106ef8dd1ecc06d84e10d163434b0742ae3f3728cbb	CIC_W	561	붙박이실내설비	AMBIGUOUS	FACILITY_EQUIPMENT	REJECT	EMPTY	GPT_REVIEW003_REJECT_FACILITY_EQUIPMENT	INSUFFICIENT_EVIDENCE	NOT_APPROVED
590	2edbfa8f850d80faba8076e867388fecb52109fb0bf99e1333a9fcce8835cce6	CIC_W	562	안내표식시설	AMBIGUOUS	FACILITY_EQUIPMENT	REJECT	EMPTY	GPT_REVIEW003_REJECT_FACILITY_EQUIPMENT	INSUFFICIENT_EVIDENCE	NOT_APPROVED
591	adc6db8efc36940f1348e280c008416bb6943f375da39a1d0d4819a3eeaa6034	CIC_W	563	빛조절및시야조절설비	AMBIGUOUS	FACILITY_EQUIPMENT	REJECT	EMPTY	GPT_REVIEW003_REJECT_FACILITY_EQUIPMENT	INSUFFICIENT_EVIDENCE	NOT_APPROVED
592	4387405e889a4b96b31adc9490352b08c741065084627688e382c2fd309c263f	CIC_W	568	시설물별특수설치물	AMBIGUOUS	FACILITY_EQUIPMENT	REJECT	EMPTY	GPT_REVIEW003_REJECT_FACILITY_EQUIPMENT	NO_CHILDREN	NOT_APPROVED
593	4bde7daa140f52a5aaab8aa6bab092eff8ea2e0f35f90dd42eece9e9fa0efb0c	CIC_W	571	일반가구	AMBIGUOUS	CLASSIFICATION	REJECT	EMPTY	GPT_REVIEW003_REJECT_CLASSIFICATION	INSUFFICIENT_EVIDENCE	NOT_APPROVED
594	8954490f448a3d26d0dfdeaaac2d8f1106204ee6e100d1f9b626e66cbd368d8d	CIC_W	573	시설별특수가구	AMBIGUOUS	CLASSIFICATION	REJECT	EMPTY	GPT_REVIEW003_REJECT_CLASSIFICATION	NO_CHILDREN	NOT_APPROVED
595	96a97f8ad3c7b924f28ae4d4b6adfd621a387979574ee2e29a9f4e1b2704c6ca	CIC_W	575	집기및비품	AMBIGUOUS	CLASSIFICATION	REJECT	EMPTY	GPT_REVIEW003_REJECT_CLASSIFICATION	INSUFFICIENT_EVIDENCE	NOT_APPROVED
596	5b1507d5ee9929cf73698e1b51b217755d1ee39b7487239176d2342315f6a64f	CIC_W	577	시설별특수집기및비품	AMBIGUOUS	CLASSIFICATION	REJECT	EMPTY	GPT_REVIEW003_REJECT_CLASSIFICATION	NO_CHILDREN	NOT_APPROVED
597	3b281a626201e43a3b74a65edce816aacefa2a643f09d996862c68124327ba97	CIC_W	591	토양준비및흙쌓기	AMBIGUOUS	PROCESS	KEEP_AS_DISTINCT	EMPTY	GPT_REVIEW003_KEEP_AS_DISTINCT_PROCESS	SAFE_SINGLE_KIND_FAMILY	NOT_APPROVED
598	5180e4c0b4fdc966911ab5af666f964fb73009738aea3a5a64a95b5586c8d346	CIC_W	593	잔디공사	AMBIGUOUS	PROCESS	KEEP_AS_DISTINCT	EMPTY	GPT_REVIEW003_KEEP_AS_DISTINCT_PROCESS	INSUFFICIENT_EVIDENCE	NOT_APPROVED
599	c781c752831891034e9fe3e41ffffc1ca85e5e7797c1671165fb4a4ad87f4c47	CIC_W	594	녹화및보호공사	AMBIGUOUS	PROCESS	KEEP_AS_DISTINCT	EMPTY	GPT_REVIEW003_KEEP_AS_DISTINCT_PROCESS	INSUFFICIENT_EVIDENCE	NOT_APPROVED
600	5e5b30fea19ef26b7022eea2ae5fc8acdadb8683866f4b08be21c52d299e17c6	CIC_W	595	파종및살포	AMBIGUOUS	PROCESS	KEEP_AS_DISTINCT	EMPTY	GPT_REVIEW003_KEEP_AS_DISTINCT_PROCESS	INSUFFICIENT_EVIDENCE	NOT_APPROVED
601	15918dc692831080af4406748cba132c117d11a7fefe02658ac2afbeb5bbd47b	CIC_W	599	기타조경공사	AMBIGUOUS	PROCESS	KEEP_AS_DISTINCT	EMPTY	GPT_REVIEW003_KEEP_AS_DISTINCT_PROCESS	NO_CHILDREN	NOT_APPROVED
602	022d81a5a3254442cb4c1ff1b2bf25d52ff7c8a2af6605ee18693be55d090972	CIC_W	611	배관및관련부속공사	AMBIGUOUS	PROCESS	KEEP_AS_DISTINCT	EMPTY	GPT_REVIEW003_KEEP_AS_DISTINCT_PROCESS	INSUFFICIENT_EVIDENCE	NOT_APPROVED
603	5ce9967c09c9c12bcbfac0c38edc012bd51cd740fdc29bcc3bc0c312d90ae869	CIC_W	612	보온공사	AMBIGUOUS	PROCESS	KEEP_AS_DISTINCT	EMPTY	GPT_REVIEW003_KEEP_AS_DISTINCT_PROCESS	INSUFFICIENT_EVIDENCE	NOT_APPROVED
604	484af9e7e3b8546c45d9754f4f9525e680912b5f57e6e5a1498d92b8caaf3bc2	CIC_W	613	자동제어공사	AMBIGUOUS	PROCESS	KEEP_AS_DISTINCT	EMPTY	GPT_REVIEW003_KEEP_AS_DISTINCT_PROCESS	INSUFFICIENT_EVIDENCE	NOT_APPROVED
605	d63120cfd03d46c41cbd683f896898ece2f8f4269d15513a09fdc13053fe3951	CIC_W	614	펌프․공기설비공사	AMBIGUOUS	PROCESS	KEEP_AS_DISTINCT	EMPTY	GPT_REVIEW003_KEEP_AS_DISTINCT_PROCESS	INSUFFICIENT_EVIDENCE	NOT_APPROVED
606	f2b76e09819a23f84d6287062806f52099798df9641f2780ac9ede6cc7014505	CIC_W	621	보일러부․부속공사	AMBIGUOUS	PROCESS	KEEP_AS_DISTINCT	EMPTY	GPT_REVIEW003_KEEP_AS_DISTINCT_PROCESS	INSUFFICIENT_EVIDENCE	NOT_APPROVED
607	62d5cb92cb31d83dcd0522c7b75b7aa96a6285f43e9b8ac7af52743f1b6a9006	CIC_W	622	냉동기․냉각탑공사	AMBIGUOUS	PROCESS	KEEP_AS_DISTINCT	EMPTY	GPT_REVIEW003_KEEP_AS_DISTINCT_PROCESS	INSUFFICIENT_EVIDENCE	NOT_APPROVED
608	70ceaa3c9c642d3029f7b0d10cde1d94eeb78ea70e09c3ac5d8eca0317d8045c	CIC_W	624	덕트공사	AMBIGUOUS	PROCESS	KEEP_AS_DISTINCT	EMPTY	GPT_REVIEW003_KEEP_AS_DISTINCT_PROCESS	INSUFFICIENT_EVIDENCE	NOT_APPROVED
609	061327241d137107c2731cbedfdfbd74fc0fc151c28a645bbbebf27f19eab180	CIC_W	625	열교환기 탱크 헤더설치공사	AMBIGUOUS	PROCESS	KEEP_AS_DISTINCT	EMPTY	GPT_REVIEW003_KEEP_AS_DISTINCT_PROCESS	INSUFFICIENT_EVIDENCE	NOT_APPROVED
610	bc0a4d662ca7b0941b18787498ac8e30f6e33685ce168afed16810ad25ee929e	CIC_W	626	냉온수기설치공사	AMBIGUOUS	PROCESS	MERGE_CANDIDATE	a039a9327b4c4c96e64474e98cd6c7823a4eb4f31c47cee51bee465c7810fec5	GPT_REVIEW003_MERGE_CANDIDATE_PROCESS	INSUFFICIENT_EVIDENCE	NOT_APPROVED
611	1cdf5b987b702a9658612aaa6c860024441af6a2381c758a70c9de0b4ba8e68b	CIC_W	631	위생기구설비공사	AMBIGUOUS	PROCESS	KEEP_AS_DISTINCT	EMPTY	GPT_REVIEW003_KEEP_AS_DISTINCT_PROCESS	INSUFFICIENT_EVIDENCE	NOT_APPROVED
612	eb275b05af8aa8c4c19f160cae8f13710c982b1bb12e7136145bda04d07bfabe	CIC_W	641	소방기계설비공사	AMBIGUOUS	PROCESS	KEEP_AS_DISTINCT	EMPTY	GPT_REVIEW003_KEEP_AS_DISTINCT_PROCESS	INSUFFICIENT_EVIDENCE	NOT_APPROVED
613	129cb1a7894348864a20193f49d3e7650d0680aa45f5d8d6cbf4815db46ea4a7	CIC_W	651	저장탱크공사	AMBIGUOUS	PROCESS	KEEP_AS_DISTINCT	EMPTY	GPT_REVIEW003_KEEP_AS_DISTINCT_PROCESS	INSUFFICIENT_EVIDENCE	NOT_APPROVED
614	054aedefdb980bd3e60810388d771f903db215e134c136583294232203b0b6c1	CIC_W	652	가스설비관련기기설비공사	AMBIGUOUS	PROCESS	KEEP_AS_DISTINCT	EMPTY	GPT_REVIEW003_KEEP_AS_DISTINCT_PROCESS	INSUFFICIENT_EVIDENCE	NOT_APPROVED
615	b5838ceb90ab8be83b3cfb3bdadbecf905243936c9d5455dfa49b59d60345ad7	CIC_W	661	살수관련공사	AMBIGUOUS	PROCESS	KEEP_AS_DISTINCT	EMPTY	GPT_REVIEW003_KEEP_AS_DISTINCT_PROCESS	INSUFFICIENT_EVIDENCE	NOT_APPROVED
616	1121904bd730663bce322e6e3fec9ecddc472d9c14c1f587d726ffe56e98e502	CIC_W	662	냉동냉장실공사	AMBIGUOUS	PROCESS	KEEP_AS_DISTINCT	EMPTY	GPT_REVIEW003_KEEP_AS_DISTINCT_PROCESS	INSUFFICIENT_EVIDENCE	NOT_APPROVED
617	6f0c1f80815d3a01e7d21a3f63f54a938ff40ac88d3bf5ef19929c0057e2c123	CIC_W	663	살균설비공사	AMBIGUOUS	PROCESS	KEEP_AS_DISTINCT	EMPTY	GPT_REVIEW003_KEEP_AS_DISTINCT_PROCESS	INSUFFICIENT_EVIDENCE	NOT_APPROVED
618	a4a8c70f8f16b3e741c3b958e2b4fb35dcd89d8d7d6add9d0caaf1cfdb74af96	CIC_W	664	지하수개발공사	AMBIGUOUS	PROCESS	KEEP_AS_DISTINCT	EMPTY	GPT_REVIEW003_KEEP_AS_DISTINCT_PROCESS	INSUFFICIENT_EVIDENCE	NOT_APPROVED
619	7163d75cfd991822c7401b1ecf6d36e91109943a370ba262e905e051b995c2ca	CIC_W	665	방식공사	AMBIGUOUS	PROCESS	KEEP_AS_DISTINCT	EMPTY	GPT_REVIEW003_KEEP_AS_DISTINCT_PROCESS	INSUFFICIENT_EVIDENCE	NOT_APPROVED
620	2d9db655eeb4f5f247efaa083513b83b6bc246c8b79a71df5bfc704fae6e3380	CIC_W	666	아이스링크설비공사	AMBIGUOUS	PROCESS	KEEP_AS_DISTINCT	EMPTY	GPT_REVIEW003_KEEP_AS_DISTINCT_PROCESS	INSUFFICIENT_EVIDENCE	NOT_APPROVED
621	3afd983ca64c283e870f0e99015cf7c34c55a47b73b8d89c56990aef616b36b5	CIC_W	667	기타특수공사	AMBIGUOUS	PROCESS	KEEP_AS_DISTINCT	EMPTY	GPT_REVIEW003_KEEP_AS_DISTINCT_PROCESS	INSUFFICIENT_EVIDENCE	NOT_APPROVED
622	77a32cec68a2d3a4f2b9680235e49d12e0e4df2ae0e6ae2c89126afb82d8ee48	CIC_W	671	주방기구설비공사	AMBIGUOUS	PROCESS	MERGE_CANDIDATE	e8d8e750f5afba1f6f3c35e0d41463c9172189a682619323f8694e0d816d8c42	GPT_REVIEW003_MERGE_CANDIDATE_PROCESS	SAFE_SINGLE_KIND_FAMILY	NOT_APPROVED
623	2cd5380b46c25ebe366a610accb7c2a9896377f1679e394367c8976dc5513886	CIC_W	672	세탁장비설비공사	AMBIGUOUS	PROCESS	MERGE_CANDIDATE	ea2d0584700561d86e79b8c3028c0d6f62f35082be51974a9de7d6154f257c19	GPT_REVIEW003_MERGE_CANDIDATE_PROCESS	INSUFFICIENT_EVIDENCE	NOT_APPROVED
624	ae01cc81bf73108cf6f1c6bc04164e4ae50a4abe67b955fbd4df72520ec2a4c6	CIC_W	673	의료시험및시운전공사실가스공사 - - 대․중․소 분류대․중․소 분류	AMBIGUOUS	PROCESS	KEEP_AS_DISTINCT	EMPTY	GPT_REVIEW003_KEEP_AS_DISTINCT_PROCESS	INSUFFICIENT_EVIDENCE	NOT_APPROVED
625	48c2c301d74c239a58e18ae8671a171cf0cb3ea06a8e1d78283f680d3f47db73	CIC_W	674	수영장및분수공사	AMBIGUOUS	PROCESS	KEEP_AS_DISTINCT	EMPTY	GPT_REVIEW003_KEEP_AS_DISTINCT_PROCESS	INSUFFICIENT_EVIDENCE	NOT_APPROVED
626	73792d808331f5948cd6e6870d78f2d5b2453fca6a959f57dc48723ee4d0d155	CIC_W	675	목욕탕및사우나공사	AMBIGUOUS	PROCESS	KEEP_AS_DISTINCT	EMPTY	GPT_REVIEW003_KEEP_AS_DISTINCT_PROCESS	INSUFFICIENT_EVIDENCE	NOT_APPROVED
627	1de525ba6d5cc585f8f683dda7547f01d358e6d630b053ad55b74ec92326c1b1	CIC_W	676	진공청소공사	AMBIGUOUS	PROCESS	KEEP_AS_DISTINCT	EMPTY	GPT_REVIEW003_KEEP_AS_DISTINCT_PROCESS	INSUFFICIENT_EVIDENCE	NOT_APPROVED
628	071eac55d2bb137b7a3f4181f6757925eb32146d6f95d995a722754aa61c0b31	CIC_W	677	주차장관련공사	AMBIGUOUS	PROCESS	KEEP_AS_DISTINCT	EMPTY	GPT_REVIEW003_KEEP_AS_DISTINCT_PROCESS	INSUFFICIENT_EVIDENCE	NOT_APPROVED
629	5a62caa31c684f5b5dc0e65a90ece4c21abe02fc436fbeab1f103fa07fda7ceb	CIC_W	678	특수방진공사	AMBIGUOUS	PROCESS	KEEP_AS_DISTINCT	EMPTY	GPT_REVIEW003_KEEP_AS_DISTINCT_PROCESS	INSUFFICIENT_EVIDENCE	NOT_APPROVED
630	f44de62f1c5d22d6c330da1fef2f00085622b01c94be654ca5150995bd6b133c	CIC_W	711	화력발전소공사	AMBIGUOUS	PROCESS	KEEP_AS_DISTINCT	EMPTY	GPT_REVIEW003_KEEP_AS_DISTINCT_PROCESS	SAFE_SINGLE_KIND_FAMILY	NOT_APPROVED
631	2f5177e22557cfa701e9287ef99180f006c428553731d706fe4d49ff54d97ae5	CIC_W	712	수력발전소공사	AMBIGUOUS	PROCESS	KEEP_AS_DISTINCT	EMPTY	GPT_REVIEW003_KEEP_AS_DISTINCT_PROCESS	INSUFFICIENT_EVIDENCE	NOT_APPROVED
632	41a00a3cad5f37f21d0db75296c4d8ebf744829b8af23d82aac8210eac7f5e4a	CIC_W	713	원자력발전소공사	AMBIGUOUS	PROCESS	KEEP_AS_DISTINCT	EMPTY	GPT_REVIEW003_KEEP_AS_DISTINCT_PROCESS	INSUFFICIENT_EVIDENCE	NOT_APPROVED
633	a620cdc905be80d4d7bd9d73e94e622f8999d506603caaaaecbd92fc832b78b6	CIC_W	714	풍력발전소공사	AMBIGUOUS	PROCESS	KEEP_AS_DISTINCT	EMPTY	GPT_REVIEW003_KEEP_AS_DISTINCT_PROCESS	INSUFFICIENT_EVIDENCE	NOT_APPROVED
634	45d2460ae9f539582f0cf4fce3fced39fedb11d53d63e1c19ce168c1085cef95	CIC_W	715	조력발전소공사	AMBIGUOUS	PROCESS	KEEP_AS_DISTINCT	EMPTY	GPT_REVIEW003_KEEP_AS_DISTINCT_PROCESS	INSUFFICIENT_EVIDENCE	NOT_APPROVED
635	9605feb0f6ca1d8497a455ef806bb2710cd56639eb3ba860c02a1172d94ea339	CIC_W	716	열병합발전소공사	AMBIGUOUS	PROCESS	KEEP_AS_DISTINCT	EMPTY	GPT_REVIEW003_KEEP_AS_DISTINCT_PROCESS	INSUFFICIENT_EVIDENCE	NOT_APPROVED
636	f188b660a283bc4a4fd2ee8154843a93340586291bbda9c051b78ee80c235e73	CIC_W	717	태양열발전설비공사	AMBIGUOUS	PROCESS	KEEP_AS_DISTINCT	EMPTY	GPT_REVIEW003_KEEP_AS_DISTINCT_PROCESS	INSUFFICIENT_EVIDENCE	NOT_APPROVED
637	05ee1296271f7ae14ab293becdc9f1f556a81558b79c99fd7d2cb4444f0b034c	CIC_W	718	발전설비관련공사	AMBIGUOUS	PROCESS	KEEP_AS_DISTINCT	EMPTY	GPT_REVIEW003_KEEP_AS_DISTINCT_PROCESS	INSUFFICIENT_EVIDENCE	NOT_APPROVED
638	9144d55e67b96a2184442ee9beedd138486e9ee6ad6ebc9f6efec28f89c9b4da	CIC_W	719	기타형식분류별발전설비공사	AMBIGUOUS	PROCESS	KEEP_AS_DISTINCT	EMPTY	GPT_REVIEW003_KEEP_AS_DISTINCT_PROCESS	INSUFFICIENT_EVIDENCE	NOT_APPROVED
639	656f2a1047affa8d80c5401522f84411ed0b0204801acedf8adb54b69406a139	CIC_W	721	제철소공사	AMBIGUOUS	PROCESS	KEEP_AS_DISTINCT	EMPTY	GPT_REVIEW003_KEEP_AS_DISTINCT_PROCESS	SAFE_SINGLE_KIND_FAMILY	NOT_APPROVED
640	4b23e02e5c2a6714c948ccd8b5b4281a5ef5a6786b6a28850507847f8ea0cb37	CIC_W	731	쓰레기소각설비공사	AMBIGUOUS	PROCESS	MERGE_CANDIDATE	cec40465db152219d2a21895981260ad1ee82b9ccc743cbab1d59d4a8e72e132	GPT_REVIEW003_MERGE_CANDIDATE_PROCESS	SAFE_SINGLE_KIND_FAMILY	NOT_APPROVED
641	f383739294df4aa13a6ee5e73db3e8400ce3e03090b791cc5797976b0fda8b3d	CIC_W	732	쓰레기관로이송및중계처리설비공사	AMBIGUOUS	PROCESS	KEEP_AS_DISTINCT	EMPTY	GPT_REVIEW003_KEEP_AS_DISTINCT_PROCESS	INSUFFICIENT_EVIDENCE	NOT_APPROVED
642	825fafb2cb0c673e04be97f4b5951a6ee10a97422da44fabc817689fa15d0b35	CIC_W	733	폐기물처리설비공사	AMBIGUOUS	PROCESS	MERGE_CANDIDATE	94781565ffc96c59368401b0a8f1eac4b629cd2793f473ce3d5bfed839b48e79	GPT_REVIEW003_MERGE_CANDIDATE_PROCESS	INSUFFICIENT_EVIDENCE	NOT_APPROVED
643	5b2b1b50650cc366df922ba1bb6f8a8b3c7d34b465948b859afc640e34ddaee7	CIC_W	734	탈취설비공사	AMBIGUOUS	PROCESS	MERGE_CANDIDATE	09b4f095b19bee0dd96a6b2388be770823b3880afbb8ef4071f5fd8f885a0243	GPT_REVIEW003_MERGE_CANDIDATE_PROCESS	INSUFFICIENT_EVIDENCE	NOT_APPROVED
644	b6ddbe6afb37ab217d920c6f7ac39a722ed8a0367618d1b71ce16538be2aa867	CIC_W	735	탈황설비공사	AMBIGUOUS	PROCESS	KEEP_AS_DISTINCT	EMPTY	GPT_REVIEW003_KEEP_AS_DISTINCT_PROCESS	INSUFFICIENT_EVIDENCE	NOT_APPROVED
645	436a3c76d106a94e55c0822dd4f0cd5a1e2a22e6cd1b15e29485b1cbc51230cd	CIC_W	736	탈질설비공사	AMBIGUOUS	PROCESS	KEEP_AS_DISTINCT	EMPTY	GPT_REVIEW003_KEEP_AS_DISTINCT_PROCESS	INSUFFICIENT_EVIDENCE	NOT_APPROVED
646	8fb86bf35fdba98fa92cb5dc9a63dc98b726fe1ed56ad9552fd8c2f7015f7faf	CIC_W	737	전기집진기설비공사	AMBIGUOUS	PROCESS	KEEP_AS_DISTINCT	EMPTY	GPT_REVIEW003_KEEP_AS_DISTINCT_PROCESS	INSUFFICIENT_EVIDENCE	NOT_APPROVED
647	38b7b52286182cedbc294f78ce7d15efef646687e1a478ad7a678def459d6745	CIC_W	739	기타환경설비공사	AMBIGUOUS	PROCESS	KEEP_AS_DISTINCT	EMPTY	GPT_REVIEW003_KEEP_AS_DISTINCT_PROCESS	INSUFFICIENT_EVIDENCE	NOT_APPROVED
648	fb37f8540052d6b2cd2bf487a6b837f7047ab6d719e0d404c411c3683b39ea70	CIC_W	741	운반기계설비공사	AMBIGUOUS	PROCESS	MERGE_CANDIDATE	3a1fee75a8c13b15c88024aad71277a8bcc254ad333ea59940817792228663a1	GPT_REVIEW003_MERGE_CANDIDATE_PROCESS	SAFE_SINGLE_KIND_FAMILY	NOT_APPROVED
649	4af4b49995e563429b90c749391977f41abdb2d25b1f6dad5997bb2b86c1dfc1	CIC_W	742	엘리베이터공사	AMBIGUOUS	PROCESS	KEEP_AS_DISTINCT	EMPTY	GPT_REVIEW003_KEEP_AS_DISTINCT_PROCESS	INSUFFICIENT_EVIDENCE	NOT_APPROVED
650	bab12b33bfa3abf5b9d0606516fe2ff8ddf654ec7d2475d8a33f612552f0a912	CIC_W	743	에스컬레이터및이동보행로설비공사	AMBIGUOUS	PROCESS	KEEP_AS_DISTINCT	EMPTY	GPT_REVIEW003_KEEP_AS_DISTINCT_PROCESS	INSUFFICIENT_EVIDENCE	NOT_APPROVED
651	19835a9ab91df4670a71ced46de44ccfa682783eb27b12d861f36a3478614fe5	CIC_W	744	덤웨이터설비및기타운송설비공사	AMBIGUOUS	PROCESS	KEEP_AS_DISTINCT	EMPTY	GPT_REVIEW003_KEEP_AS_DISTINCT_PROCESS	INSUFFICIENT_EVIDENCE	NOT_APPROVED
652	15245ee86d9f093bcc72f12589dee2b21505fdf67f16e68dc479db3702add2e4	CIC_W	761	석유비축및수송공사	AMBIGUOUS	PROCESS	KEEP_AS_DISTINCT	EMPTY	GPT_REVIEW003_KEEP_AS_DISTINCT_PROCESS	SAFE_SINGLE_KIND_FAMILY	NOT_APPROVED
653	b09dc2f34a741c9f2d3fc5b351719417ad140e97e9e1658a4ef24cb3ab714300	CIC_W	763	지역열공급공사	AMBIGUOUS	PROCESS	KEEP_AS_DISTINCT	EMPTY	GPT_REVIEW003_KEEP_AS_DISTINCT_PROCESS	INSUFFICIENT_EVIDENCE	NOT_APPROVED
654	0a75b1bd31da5cbb77530e7590fe74e3d1ef4e6885203a6726a66c809faf21bd	CIC_W	764	도시가스공급공사	AMBIGUOUS	PROCESS	KEEP_AS_DISTINCT	EMPTY	GPT_REVIEW003_KEEP_AS_DISTINCT_PROCESS	INSUFFICIENT_EVIDENCE	NOT_APPROVED
655	665c7b2613f21b510959f5cfc55dbfca9da7c2494d523ed72b49a486ca6ee89b	CIC_W	765	연료처리공사	AMBIGUOUS	PROCESS	KEEP_AS_DISTINCT	EMPTY	GPT_REVIEW003_KEEP_AS_DISTINCT_PROCESS	INSUFFICIENT_EVIDENCE	NOT_APPROVED
656	94340c156ae7d9a98e402f13c17ae5d82b8d391eb2ae7114bcf03ead86d91030	CIC_W	769	기타에너지원공사	AMBIGUOUS	PROCESS	KEEP_AS_DISTINCT	EMPTY	GPT_REVIEW003_KEEP_AS_DISTINCT_PROCESS	INSUFFICIENT_EVIDENCE	NOT_APPROVED
657	eb373e4c48626a09e8c60615e188fa454646ebab3d7a2223091b86d47120f673	CIC_W	811	배관․전로공사	AMBIGUOUS	PROCESS	MERGE_CANDIDATE	fc1791cf8f9288e0e7688654ab3d0d54d1968493d1ec1895e37714ad36384a49	GPT_REVIEW003_MERGE_CANDIDATE_PROCESS	SAFE_SINGLE_KIND_FAMILY	NOT_APPROVED
658	e066088663d01d820767c3f0971b34fad3f3e906d1fc5237d06f74f293fb3ac2	CIC_W	812	배선․가선공사	AMBIGUOUS	PROCESS	MERGE_CANDIDATE	a92103b18447566c3e183956eb3489d8ac77a133025815449d9c425230a77411	GPT_REVIEW003_MERGE_CANDIDATE_PROCESS	INSUFFICIENT_EVIDENCE	NOT_APPROVED
659	8c88a6f86a2403407b71f3a17e880cea315be44a771da4530f53a064d30faba5	CIC_W	813	전기․통신공사관련기타공통공사	AMBIGUOUS	PROCESS	KEEP_AS_DISTINCT	EMPTY	GPT_REVIEW003_KEEP_AS_DISTINCT_PROCESS	INSUFFICIENT_EVIDENCE	NOT_APPROVED
660	cdd59d0734b914f44b5e6cb52823916adb204ac8c117ecfc2656b8261f512d03	CIC_W	821	송전설비공사	AMBIGUOUS	PROCESS	MERGE_CANDIDATE	19a7a1e05e47a7fde52307c40e1823fed170c77936c99df5c476bb3c07be426f	GPT_REVIEW003_MERGE_CANDIDATE_PROCESS	INSUFFICIENT_EVIDENCE	NOT_APPROVED
661	229db50c74c354e18b6457206c64fb830f0d02fa46e3b2ae916af1743d349b31	CIC_W	822	배전설비공사	AMBIGUOUS	PROCESS	MERGE_CANDIDATE	c13f0ded5641a6a99546143694798aa30b64ee43952ea0b9179e2c6c3adc3f2a | a3535fa6836e0e8e66cd0b9b64611148cf9b2c72b48a554d16d2301b942d74dd | 73d311c8d9d65139be81ac55e8cf8a4a6237baf090c49709d93b57caacae7c89	GPT_REVIEW003_MERGE_CANDIDATE_PROCESS	INSUFFICIENT_EVIDENCE	NOT_APPROVED
662	6be93d3ad3002cb4ce7ef44904d836f82093578a4d4868b73678039340687dee	CIC_W	823	발전 수변전관련전기설비공사	AMBIGUOUS	PROCESS	KEEP_AS_DISTINCT	EMPTY	GPT_REVIEW003_KEEP_AS_DISTINCT_PROCESS	INSUFFICIENT_EVIDENCE	NOT_APPROVED
663	8efe85224fa8febf6011f7df0bc00f194e59fb54a71a290307c6cb20d0f4f4dc	CIC_W	824	전차선로공사	AMBIGUOUS	PROCESS	KEEP_AS_DISTINCT	EMPTY	GPT_REVIEW003_KEEP_AS_DISTINCT_PROCESS	INSUFFICIENT_EVIDENCE	NOT_APPROVED
664	6657f500b9d1bfe59b90e693c9d3fabc9d494f04b2f72d9ec0ff1560bc83fc17	CIC_W	825	기타전기설비공사	AMBIGUOUS	PROCESS	MERGE_CANDIDATE	f5b741c5432767b697db7c6b3ed10a4f5da683bad0a3f3cd5934dad29d2e2cb3 | 350408a38cfc6742ef72b4dbcb2e6da5d10e34055a0ac1898aa3330872bc1225	GPT_REVIEW003_MERGE_CANDIDATE_PROCESS	INSUFFICIENT_EVIDENCE	NOT_APPROVED
665	a3535fa6836e0e8e66cd0b9b64611148cf9b2c72b48a554d16d2301b942d74dd	CIC_W	831	배전설비공사	AMBIGUOUS	PROCESS	MERGE_CANDIDATE	229db50c74c354e18b6457206c64fb830f0d02fa46e3b2ae916af1743d349b31 | c13f0ded5641a6a99546143694798aa30b64ee43952ea0b9179e2c6c3adc3f2a | 73d311c8d9d65139be81ac55e8cf8a4a6237baf090c49709d93b57caacae7c89	GPT_REVIEW003_MERGE_CANDIDATE_PROCESS	SAFE_SINGLE_KIND_FAMILY	NOT_APPROVED
666	854fa5b53545512ba374b9ebb97d1ca0bdeb3b9b80931f82963e27f22c1b815b	CIC_W	832	조명설비공사	AMBIGUOUS	PROCESS	KEEP_AS_DISTINCT	EMPTY	GPT_REVIEW003_KEEP_AS_DISTINCT_PROCESS	INSUFFICIENT_EVIDENCE	NOT_APPROVED
667	ab96dbee39ecdd4a314884035c4e36fbc1b21fbbe49ea344f7c838262ddbb2ce	CIC_W	833	동력설비공사	AMBIGUOUS	PROCESS	KEEP_AS_DISTINCT	EMPTY	GPT_REVIEW003_KEEP_AS_DISTINCT_PROCESS	INSUFFICIENT_EVIDENCE	NOT_APPROVED
668	be3f8539a8d95a286eddcc524bd4392df0ff4652858972562bfbe6ee74ec5a15	CIC_W	834	예비전원설비공사	AMBIGUOUS	PROCESS	MERGE_CANDIDATE	8ed4f3afe76dd597985658f4c424b8d19d3e1cff2d987be1ce622cd26a019915	GPT_REVIEW003_MERGE_CANDIDATE_PROCESS	INSUFFICIENT_EVIDENCE	NOT_APPROVED
669	c7a991f693020fb5bd87ff059d5bae3922d0269945a22a25e47998da14207cc9	CIC_W	841	통신관련설비공사	AMBIGUOUS	PROCESS	KEEP_AS_DISTINCT	EMPTY	GPT_REVIEW003_KEEP_AS_DISTINCT_PROCESS	SAFE_SINGLE_KIND_FAMILY	NOT_APPROVED
670	53ddd31d7302355c7cf9b566037eb9a13b83cfc493cc7aa0a8ae1378a904e0bb	CIC_W	842	각종표시및정보전달설비공사	AMBIGUOUS	PROCESS	KEEP_AS_DISTINCT	EMPTY	GPT_REVIEW003_KEEP_AS_DISTINCT_PROCESS	INSUFFICIENT_EVIDENCE	NOT_APPROVED
671	e6bcc4cbb4ceda9aea918a6026a08b79290c6c9de119fb0d75e09b2b6e6823e2	CIC_W	843	방송수신설비공사	AMBIGUOUS	PROCESS	KEEP_AS_DISTINCT	EMPTY	GPT_REVIEW003_KEEP_AS_DISTINCT_PROCESS	INSUFFICIENT_EVIDENCE	NOT_APPROVED
672	9b62962cc6c301366b6ca7bdf2729751f2f167781eb05e88e7dc428f5e520ef3	CIC_W	844	방송관련설비공사	AMBIGUOUS	PROCESS	KEEP_AS_DISTINCT	EMPTY	GPT_REVIEW003_KEEP_AS_DISTINCT_PROCESS	INSUFFICIENT_EVIDENCE	NOT_APPROVED
673	941847a9e1364a3428a4a685dfcbb7428e79b5544a8d6ffea5dc3c32d53a4198	CIC_W	845	각종통신설비공사	AMBIGUOUS	PROCESS	KEEP_AS_DISTINCT	EMPTY	GPT_REVIEW003_KEEP_AS_DISTINCT_PROCESS	INSUFFICIENT_EVIDENCE	NOT_APPROVED
674	53401edd9873f2798c4e1ce22b0449a3881829b7d89217d9579f25672b458331	CIC_W	846	기타정보설비공사	AMBIGUOUS	PROCESS	KEEP_AS_DISTINCT	EMPTY	GPT_REVIEW003_KEEP_AS_DISTINCT_PROCESS	INSUFFICIENT_EVIDENCE	NOT_APPROVED
675	9c91faf51f3b634b62a8856c256d8167ed264c758ba46c9f269e5f848339e2cd	CIC_W	852	보안전기설비공사	AMBIGUOUS	PROCESS	KEEP_AS_DISTINCT	EMPTY	GPT_REVIEW003_KEEP_AS_DISTINCT_PROCESS	INSUFFICIENT_EVIDENCE	NOT_APPROVED
676	85e48856b0571e3583d2c692e49953b63a10af3d8ac094e1c839a3479d78660c	CIC_W	853	피뢰및접지설비공사	AMBIGUOUS	PROCESS	KEEP_AS_DISTINCT	EMPTY	GPT_REVIEW003_KEEP_AS_DISTINCT_PROCESS	INSUFFICIENT_EVIDENCE	NOT_APPROVED
677	96527325df7971e7f4c1d22c14a05d134d66fe99b39dcd22c452bd101e80424b	CIC_W	854	방범전기설비공사	AMBIGUOUS	PROCESS	MERGE_CANDIDATE	b31177cd3c3908af48cffd5f922d8c35fb32ffdc9086f40ab074f78c3c3c943a	GPT_REVIEW003_MERGE_CANDIDATE_PROCESS	INSUFFICIENT_EVIDENCE	NOT_APPROVED
678	fbe352476b6369e08ebf71210ddb65c98e56f69ca1a1dcc1a39f09ff74961be8	CIC_W	855	항공장해등설비공사	AMBIGUOUS	PROCESS	KEEP_AS_DISTINCT	EMPTY	GPT_REVIEW003_KEEP_AS_DISTINCT_PROCESS	INSUFFICIENT_EVIDENCE	NOT_APPROVED
679	88c0dada461143da9fec7a2d6d7847c8d729b73c49e551a8b4a4b12688bf9e4d	CIC_W	862	건축물전기설비공사	AMBIGUOUS	PROCESS	MERGE_CANDIDATE	2b671225546f7c952cbadc46e7d45ab70f7cb1cb7c38e8170dc3b8be143f07c2	GPT_REVIEW003_MERGE_CANDIDATE_PROCESS	INSUFFICIENT_EVIDENCE	NOT_APPROVED
680	f5b741c5432767b697db7c6b3ed10a4f5da683bad0a3f3cd5934dad29d2e2cb3	CIC_W	863	기타전기설비공사	AMBIGUOUS	PROCESS	MERGE_CANDIDATE	6657f500b9d1bfe59b90e693c9d3fabc9d494f04b2f72d9ec0ff1560bc83fc17 | 350408a38cfc6742ef72b4dbcb2e6da5d10e34055a0ac1898aa3330872bc1225	GPT_REVIEW003_MERGE_CANDIDATE_PROCESS	INSUFFICIENT_EVIDENCE	NOT_APPROVED
681	2be093b6b695a920b45aac3c2b1c265a3b6cc36cd5900805256cf1213d30778b	CIC_W	864	안전관련전기설비공사	AMBIGUOUS	PROCESS	MERGE_CANDIDATE	6ac224b60377b346a2628fb60e535cb46168c0de942ba339e99289d2592670fe	GPT_REVIEW003_MERGE_CANDIDATE_PROCESS	INSUFFICIENT_EVIDENCE	NOT_APPROVED
682	b66d3bf8ca71b6862341d77718cdd5c3956dec847e62353aa6ed83a54d0a4797	CIC_W	911	기계 프랜트공통시험 시운전공사	AMBIGUOUS	PROCESS	KEEP_AS_DISTINCT	EMPTY	GPT_REVIEW003_KEEP_AS_DISTINCT_PROCESS	MIXED_FAMILY	NOT_APPROVED
683	63506a7a577baed3c7ee7e0e1e9945e209308bed1d4fcd9b7c50f22bb2d8db7e	CIC_W	912	기계설비시험 시운전공사	AMBIGUOUS	PROCESS	MERGE_CANDIDATE	3ffb09b756a48bfca5ad250bdb2c630c873421d02f51c37f41847a7357af8615	GPT_REVIEW003_MERGE_CANDIDATE_PROCESS	INSUFFICIENT_EVIDENCE	NOT_APPROVED
684	4918577e67920975e5a735f24ab315b5f0a9536e92479a9a0a9d85d4ded6a723	CIC_W	913	기계 플랜트 산업․전기설비시험 시운전공사	AMBIGUOUS	PROCESS	KEEP_AS_DISTINCT	EMPTY	GPT_REVIEW003_KEEP_AS_DISTINCT_PROCESS	INSUFFICIENT_EVIDENCE	NOT_APPROVED
685	642fd3fd84ed43a93168f5b379ce9ed077d9834917829ce975acb1c3f2c044b0	CIC_W	914	전기 통신시험 시운전공사	AMBIGUOUS	PROCESS	KEEP_AS_DISTINCT	EMPTY	GPT_REVIEW003_KEEP_AS_DISTINCT_PROCESS	INSUFFICIENT_EVIDENCE	NOT_APPROVED
686	e7cff381994defb7223cf2e2b0a386bca04951856c853cb0d3ae5594747ab975	CIC_W	921	기계 플랜트 산업설비공통시설유지정비공사	AMBIGUOUS	PROCESS	KEEP_AS_DISTINCT	EMPTY	GPT_REVIEW003_KEEP_AS_DISTINCT_PROCESS	NO_CHILDREN	NOT_APPROVED
687	d54575f01ed082aa505dc891a17afb5412581bf543998fe0378ab27495032c8c	CIC_W	922	산업설비공통시설유지정비공사	AMBIGUOUS	PROCESS	KEEP_AS_DISTINCT	EMPTY	GPT_REVIEW003_KEEP_AS_DISTINCT_PROCESS	NO_CHILDREN	NOT_APPROVED
688	d0a7e4e0b24e6064efae300032da9a34632a5b1c7eaa2f09c28b36ea33e991e0	CIC_W	923	전기 통신설비공통시설유지정비공사	AMBIGUOUS	PROCESS	KEEP_AS_DISTINCT	EMPTY	GPT_REVIEW003_KEEP_AS_DISTINCT_PROCESS	NO_CHILDREN	NOT_APPROVED
689	f886427ac2e3312180474872f5ef8d9c0fa4e4918d9f417e74371eaeeb292436	CIC_W	924	전기설비시설유지정비공사	AMBIGUOUS	PROCESS	KEEP_AS_DISTINCT	EMPTY	GPT_REVIEW003_KEEP_AS_DISTINCT_PROCESS	NO_CHILDREN	NOT_APPROVED
690	949997b0c16a40192c5348e841f2284e5cf8db8c53848bec97f203b7aa3f5aa5	CIC_W	925	기타전기설비시설유지정비공사	AMBIGUOUS	PROCESS	KEEP_AS_DISTINCT	EMPTY	GPT_REVIEW003_KEEP_AS_DISTINCT_PROCESS	NO_CHILDREN	NOT_APPROVED
691	0281d86ad676aa180b252b320f6d88101373868e2c71688eba1449f9c74be0e2	CIC_W	926	통신설비시설유지정비공사	AMBIGUOUS	PROCESS	KEEP_AS_DISTINCT	EMPTY	GPT_REVIEW003_KEEP_AS_DISTINCT_PROCESS	NO_CHILDREN	NOT_APPROVED
